locn,lon,lat,country,lc_id
"Jefferson County, Alabama, United States",-86.8103567,33.5185892,united states of america,1
"Greater London, England, United Kingdom",-0.1277583,51.5073509,united kingdom,2
"Tulsa County, Oklahoma, United States",-95.774913,36.0674332,united states of america,3
"Division No. 18, Saskatchewan, Canada",-106.346771,56.130366,canada,4
"Viken, Norge",8.468946,60.472024,norway,5
"Mittelsachsen, Sachsen, Deutschland",13.33723,50.91404,germany,6
"Tarrant County, Texas, United States",-97.2134822,32.8294337,united states of america,7
"Adelaide City Council, South Australia, Australia",138.6007456,-34.9284989,australia,8
"Council of the City of Sydney, New South Wales, Australia",151.2092955,-33.8688197,australia,9
"Santa Clara County, California, United States",-122.169716,37.427475,united states of america,10
"Yuba County, California, United States",-121.5913547,39.1457253,united states of america,11
"Oberon Council, New South Wales Australia",149.5137106,-33.8973847,australia,12
"Central, Singapore",103.8512666,1.2831345,singapore,13
"Suffolk County, Massachusetts, United States",-71.0588801,42.3600825,united states of america,14
"Lycoming County, Pennsylvania, United States",-77.1945247,41.2033216,united states of america,15
"Macdonnell Region, Northern Territory Australia",133.7751,-25.2744,australia,16
"Ottawa County, Oklahoma, United States",-94.6474474,36.835068,united states of america,17
"Fairbanks North Star, Alaska, United States",-147.7163888,64.8377778,united states of america,18
"City Of Kalgoorlie-Boulder, Western Australia, Australia",121.466,-30.749,australia,19
"Boulder County, Colorado, United States",-105.2705,40.01499,united states of america,20
"Wicomico County, Maryland, United States",-75.5993692,38.3606736,united states of america,21
"Oslo, Norge",10.7522454,59.9138688,norway,22
"Clark County, Nevada, United States",-115.1751982,36.1115958,united states of america,23
"Saint Louis, Missouri, United States",-90.1994042,38.6270025,united states of america,24
"Clear Creek County, Colorado, United States",-105.697504,39.706098,united states of america,25
"Nevada County, California, United States",-121.061061,39.219061,united states of america,26
"Alameda County, California, United States",-122.2711639,37.8043514,united states of america,27
"Albany County, New York, United States",-73.7562317,42.6525793,united states of america,28
"Middlesex County, Massachusetts, United States",-71.0816744,42.3907389,united states of america,29
"South County, Rhode Island, United States",-71.4774291,41.5800945,united states of america,30
"Manila, Metro Manila, Philippines",120.9842195,14.5995124,philippines,31
"Lehigh County, Pennsylvania, United States",-75.3961459,40.6340728,united states of america,32
"Sullivan County, East Tennessee, Tennessee, United States",-82.1887444,36.5951059,united states of america,33
"Washington, District of Columbia, United States",-77.036871,38.907192,united states of america,34
"Hampden County, Massachusetts, United States",-72.5607827,42.0414916,united states of america,35
"Dodge County, Georgia, United States",-82.9000751,32.1656221,united states of america,36
"Essex County, Massachusetts, United States",-70.8810902,42.8173857,united states of america,37
"Lincoln County, Kansas, United States",-98.4842465,39.011902,united states of america,38
"Montgomery County, Kansas, United States",-95.7060493,37.2360436,united states of america,39
"Stirling, Alba / Scotland, United Kingdom",-3.9369029,56.1165227,united kingdom,40
"Hamilton County, Indiana, United States",-86.1277294,40.0427488,united states of america,41
"Cheshire County, New Hampshire, United States",-72.2772599,42.9296066,united states of america,42
"Orange County, California, United States",-117.8735743,33.7496959,united states of america,43
"New York County, City of New York, New York, United States",-74.0059728,40.7127753,NA,44
"Cornwall, England, United Kingdom",-5.052713,50.26605,united kingdom,45
"Cook County, Illinois, United States",-87.629798,41.878114,united states of america,46
"Houghton County, Michigan, United States",-88.569418,47.121133,united states of america,47
"Douglas County, Kansas, United States",-95.2352501,38.9716689,united states of america,48
"Ingham County, Michigan, United States",-84.555535,42.732535,united states of america,49
"Montgomery County, Pennsylvania, United States",-75.1370254,40.0812601,united states of america,50
"Los Angeles County, California, United States",-118.222563,34.03592,united states of america,51
"Baltimore, Maryland, United States",-76.614833,39.2859153,united states of america,52
"Saint Louis County, Minnesota, United States",-92.539906,47.462428,united states of america,53
"Jasper County, Missouri, United States",-94.475418,37.106412,united states of america,54
"Nye County, Nevada, United States",-116.419389,38.80261,united states of america,55
"Midland County, Texas, United States",-102.0779,31.99735,united states of america,56
"Nueces County, Texas, United States",-97.3928973,27.7980068,united states of america,57
"Monongalia County, West Virginia, United States",-79.95589,39.62952,united states of america,58
"Anne Arundel County, Maryland, United States",-76.6412712,39.0457549,united states of america,59
"San Francisco, California, United States",-122.4019,37.79038,united states of america,60
"Cass County, North Dakota, United States",-96.7898034,46.8771863,united states of america,61
"Glasgow City, Alba / Scotland, United Kingdom",-4.251806,55.864237,united kingdom,62
"Providence County, Rhode Island, United States",-71.4108583,41.7953782,united states of america,63
"Philadelphia, Pennsylvania United States",-75.1617497,39.9488585,united states of america,64
"Denver, Colorado, United States",-104.990251,39.739236,united states of america,65
"Weld County, Colorado, United States",-104.7091322,40.4233142,united states of america,66
"Puerto Inca, Huanuco, Peru",-75.01515,-9.189967,peru,67
"Hillsborough County, New Hampshire, United States",-71.476061,43.0299436,united states of america,68
"Camden County, New Jersey, United States",-75.1196932,39.9404744,NA,69
"Cuyahoga County, Ohio, United States",-81.6079142,41.5026074,united states of america,70
"Lucas County, Ohio, United States",-83.5378674,41.6528052,united states of america,71
"Staffordshire, England, United Kingdom",-2.057187,52.87927,united kingdom,72
"Swansea, Cymru / Wales, United Kingdom",-3.943646,51.62144,united kingdom,73
"D-D²DµD 1/2DºD¸D¹NDºD¸D¹ N€D°D¹D 3/4D 1/2, DsN€D°ND 1/2D 3/4NN€NDºD¸D¹ DºN€D°D¹, D!D¸D+/-D¸N€NDºD¸D¹ N,,DµD´DµN€D°D>>NOED 1/2N<D¹ D 3/4DºN€NfD³, D D 3/4NND¸N",105.318756,61.52401,russia,74
"Ramsey County, Minnesota, United States",-93.0899578,44.9537029,united states of america,75
"Merrimack County, New Hampshire, United States",-71.5723953,43.1938516,united states of america,76
"U...O-O§UO¸O(C) O¨USO+/-U^Oª, U,,O¨U†O§U†",35.5017767,33.8937913,lebanon,77
"Delaware County, Oklahoma, United States",-94.770231,36.58917,united states of america,78
"Alexandria, Virginia, United States",-77.04692,38.80484,united states of america,79
"ae+/-aº¬ef 1/2, ae-¥aeoe¬",139.6503106,35.6761919,japan,80
"aº¬ef 1/2aºoe, ae-¥aeoe¬",135.768149,35.011564,japan,81
"Ennepe-Ruhr-Kreis, Nordrhein-Westfalen, Deutschland",7.353197,51.4438926,germany,82
"Greene County, New York, United States",-73.8645734,42.2173102,united states of america,83
"Agglomeration de Montreal, Montreal (region administrative), Quebec, Canada",-73.567256,45.5016889,canada,84
"Davis County, Utah, United States",-111.8699372,40.871612,united states of america,85
"Sedgwick County, Kansas, United States",-97.3096786,37.7221889,united states of america,86
"City of Johannesburg Metropolitan Municipality, Gauteng, South Africa",28.04731,-26.2041,south africa,87
"Washoe County, Nevada, United States",-119.8138027,39.5296329,united states of america,88
"Oxfordshire, England, United Kingdom",-1.2577263,51.7520209,united kingdom,89
"Unstrut-Hainich-Kreis, Thuringen, Deutschland",10.451526,51.165691,germany,90
"Provincia de Elqui, Region de Coquimbo, Chile",-71.4997935,-30.2521009,chile,91
"Vigo County, Indiana, United States",-87.4121932,39.4666709,united states of america,92
"Utah County, Utah, United States",-111.6700246,40.0965892,united states of america,93
"Hennepin County, Minnesota, United States",-93.2650108,44.977753,united states of america,94
"Minnehaha County, South Dakota, United States",-96.7102273,43.5830349,united states of america,95
"Williamson County, Middle Tennessee, Tennessee, United States",-86.8688899,35.9250637,united states of america,96
"South Yorkshire, England, United Kingdom",-1.470085,53.381129,united kingdom,97
"City of Nottingham, England, United Kingdom",-1.1581086,52.9547832,united kingdom,98
"Devon, England, United Kingdom",-3.530875,50.7155591,united kingdom,99
"Cardiff, Cymru / Wales, CF, United Kingdom",-3.17909,51.481581,united kingdom,100
"Greater Manchester, England, United Kingdom",-2.2426305,53.4807593,united kingdom,101
"Polk County, Florida, United States",-81.946817,28.040519,united states of america,102
"Ceredigion, Cymru / Wales, United Kingdom",-3.7837117,52.1306607,united kingdom,103
"Perth County, Ontario, Canada",-81.1831,43.23256,canada,104
"Toronto, Golden Horseshoe, Ontario, Canada",-79.3278595,43.6637879,canada,105
"Jaen, Andalucia, Espana",-3.6369803,38.0969098,spain,106
"Wexford County, Michigan, United States",-85.6023643,44.3148443,united states of america,107
"City of Edinburgh, Alba / Scotland, United Kingdom",-3.198761,55.9516,united kingdom,108
"Douglas County, Nebraska, United States",-96.12478,41.29444,united states of america,109
"Onondaga County, New York, United States",-76.2177046,43.106456,united states of america,110
"Riverside County, California, United States",-117.3754942,33.9806005,united states of america,111
"City of London, Greater London, England, United Kingdom",-0.0808231,51.5119243,united kingdom,112
"Travis County, Texas, United States",-97.74306,30.26715,united states of america,113
"Municipio de Zacatecas, Zacatecas, Mexico",-102.5832426,22.7708555,mexico,114
"Ures, Sonora Mexico",-110.3308814,29.2972247,mexico,115
"Municipio de Durango, Durango, Mexico",-104.6531759,24.0277202,mexico,116
"Socorro County, New Mexico, United States",-106.905611,34.065993,united states of america,117
"Cadereyta Jimenez, Nuevo Leon, Mexico",-99.9961947,25.592172,mexico,118
"Estrie, Quebec, Canada",-71.8922038,45.4016398,canada,119
"Regional District of Bulkley-Nechako, British Columbia, Canada",-127.6476205,53.7266683,canada,120
"Pachuca de Soto, Hidalgo, Mexico",-98.7591311,20.1010608,mexico,121
"County Offaly, Leinster, Eire / Ireland",-7.6920536,53.1423672,ireland,122
"Kent County, Maryland, United States",-75.9261563,39.2608738,united states of america,123
"Marion County, Indiana, United States",-86.2955952,39.7168593,united states of america,124
"Hudson County, New Jersey, United States",-74.1454214,40.7684342,united states of america,125
"Province Nord, Nouvelle-Caledonie, France",165.618,-20.90431,NA,126
"Summit County, Ohio, United States",-81.60512,41.01283,united states of america,127
"Mbarali, Mbeya, Southern Highlands Zone, Tanzania",34.508523,-8.783195,united republic of tanzania,128
"Creuse, Nouvelle-Aquitaine, France metropolitaine, France",2.213749,46.22764,france,129
"Vaslui, Romania",27.709716,46.5672309,romania,130
"Ector County, Texas, United States",-102.3676431,31.8456816,united states of america,131
"Fond du Lac County, Wisconsin, United States",-88.7878678,43.7844397,united states of america,132
"San Diego County, California, United States",-117.2653146,32.9594891,NA,133
"Milwaukee County, Wisconsin, United States",-87.9071312,43.030758,united states of america,134
"Villa de Cos, Zacatecas, Mexico",-102.552784,23.634501,mexico,135
"DD 3/4D²D 3/4D·N<D+/-DºD 3/4D²NDºD¸D¹ D³D 3/4N€D 3/4D´NDºD 3/4D¹ D 3/4DºN€NfD³, D'N€ND 1/2NDºD°N D 3/4D+/-D>>D°NN,NOE, D¦DµD 1/2N,N€D°D>>NOED 1/2N<D¹ N,,DµD´DµN€D°D>>NOED 1/2N<D¹ D 3/4DºN€NfD³, D D 3/4NND¸N",31.9333866,52.5346129,russia,136
"Pachalik de Tanger O¨O§O´U^USO(C) O·U†O¬O(C), Prefecture de Tanger-Assilah O¹U...O§U,,O(C) O·U†O¬O(C)-O£OµUSU,,O(C), Tanger-Tetouan-Al Hoceima aµYa´°aµaµS-aµYaµ‰aµoea´°aµ!aµ‰aµ-aµaµfaµ""aµ™aµ‰aµZa´° O·U†O¬O(C) OªO·U^O§U† O§U,,O-O³USU...O(C), Maroc aµaµZaµ-aµ""aµ‰a´+/- O§U,,U...OºO+/-O¨",-5.8339543,35.7594651,morocco,137
"Queens County, City of New York, New York, United States",-73.9011034,40.7458254,united states of america,138
"Oberhausen, Nordrhein-Westfalen, Deutschland",6.8484161,51.5151433,germany,139
"Cochrane District, Northeastern Ontario, Ontario, Canada",-85.323214,51.253775,canada,140
"Washington County, Oklahoma, United States",-95.93588,36.80031,united states of america,141
"Soacha, Cundinamarca, RAP (Especial) Central Colombia",-74.29733,4.570868,colombia,142
"Gila County, Arizona, United States",-110.8687232,33.3992217,united states of america,143
"Darlington County, South Carolina, United States",-79.87617,34.29988,united states of america,144
"Fresno County, California, United States",-119.4179,36.77826,united states of america,145
"Cuauhtemoc, Ciudad de Mexico, Mexico",-99.133208,19.432608,mexico,146
"Jackson County, Missouri, United States",-94.5809845,39.0946997,united states of america,147
"Frances Baard District Municipality, Northern Cape, South Africa",24.7499112,-28.7282384,south africa,148
"Comunidad de Madrid, Espana",-3.74922,40.46367,spain,149
"Quba rayonu, Quba-Xacmaz, AzE™rbaycan",48.5260928,41.3643024,azerbaijan,150
"Phelps County, Missouri, United States",-91.8318334,37.9642529,united states of america,151
"Northampton County, Pennsylvania, United States",-75.370458,40.625932,united states of america,152
"Armstrong County, Pennsylvania, United States",-79.3408743,40.9995097,united states of america,153
"Norfolk County, Massachusetts, United States",-71.0245188,42.2811843,united states of america,154
"Provincia Tomas Frias, Potosi, Bolivia",-65.7550063,-19.5722805,bolivia,155
"Allegheny County, Pennsylvania, United States",-79.995886,40.440625,united states of america,156
"Passaic County, New Jersey, United States",-74.171811,40.916765,united states of america,157
"Ouray County, Colorado, United States",-107.6714487,38.0227716,united states of america,158
"Wake County, North Carolina, United States",-78.67664,35.78939,united states of america,159
"Middlesex County, New Jersey, United States",-74.2135762,40.5828378,NA,160
"West Yorkshire, England, United Kingdom",-1.7281512,53.8126755,united kingdom,161
"Wellington, New Zealand / Aotearoa",174.886,-40.90056,NA,162
"Garff, Isle of Man",-4.406027,54.23367,isle of man,163
"Ocean County, New Jersey, United States",-74.4056612,40.0583238,united states of america,164
"Park County, Colorado, United States",-105.7820674,39.5500507,united states of america,165
"Lima, Lima Metropolitana, Lima, Peru",-77.042754,-12.0463731,peru,166
"Kabupaten Kuantan Singingi, Riau, Sumatera Indonesia",101.3431058,-0.589724,indonesia,167
"Allegany County, Maryland, United States",-78.7625185,39.6528654,united states of america,168
"Shropshire, England, United Kingdom",-2.857738,52.60873,united kingdom,169
"Portage County, Ohio, United States",-81.35789,41.15367,united states of america,170
"Pope County, Illinois, United States",-88.48643,37.36727,united states of america,171
"Ganjuwa, Bauchi, Nigeria",10.2178819,10.9097059,nigeria,172
"Raina - II, Purba Bardhaman District, West Bengal, India",87.8549755,22.9867569,india,173
"Norfolk, Virginia, United States",-76.29442,36.88194,united states of america,174
"Morris County, New Jersey, United States",-74.552034,40.890901,united states of america,175
"Dumfries and Galloway, Alba / Scotland, United Kingdom",-3.435973,55.378051,united kingdom,176
"Richmond Shire, Queensland Australia",142.7027956,-20.9175738,australia,177
"Judith Basin County, Montana, United States",-110.3626,46.87968,united states of america,178
"North of Tyne, England, United Kingdom",-1.61778,54.97825,united kingdom,179
"Crawford County, Kansas, United States",-94.7053,37.39616,united states of america,180
"West Northamptonshire, England, United Kingdom",-1.17432,52.35552,united kingdom,181
"Aquiles Serdan, Chihuahua, Mexico",-105.7820674,28.4854458,mexico,182
"Provincia de Antofagasta, Region de Antofagasta, Chile",-70.3975,-23.65093,chile,183
"D'DµN€N...D 3/4ND 1/2NDºD¸D¹ NfD>>NfN, D DµND?NfD+/-D>>D¸DºD° D!D°N...D° (D¯DºNfN,D¸N), D""D°D>>NOED 1/2DµD²D 3/4NN,D 3/4N‡D 1/2N<D¹ N,,DµD´DµN€D°D>>NOED 1/2N<D¹ D 3/4DºN€NfD³, D D 3/4NND¸N",133.3993,67.55059,russia,184
"Heidelberg, Baden-Wurttemberg, Deutschland",8.6724335,49.3987524,germany,185
"Comarca Metropolitana de Huelva, Huelva, Andalucia, Espana",-6.9447224,37.261421,spain,186
"Roma Capitale, Lazio, Italia",12.56738,41.87194,italy,187
"a°coeOEef!, e•·e‡ZcoeOE, a¸-ef¨aoe°ae-¹, ae-¥aeoe¬",138.252924,36.204824,japan,188
"Multnomah County, Oregon, United States",-122.675,45.50511,united states of america,189
"Salt Lake County, Utah, United States",-111.9465,40.56378,united states of america,190
"Kentish, Tasmania, Australia",145.9707,-41.45452,australia,191
"i™i²oeeµ°, e°•i>iS¹e³,,izi¹~e,,, eOE€i•oee¯ 1/4eµ-",127.9785,37.664,south korea,192
"Hidalgo del Parral, Chihuahua, Mexico",-105.6666,26.93178,mexico,193
"Bojanala Platinum District Municipality, North West, South Africa",27.8166667,-25.5,south africa,194
"Mareeba Shire, Queensland, Australia",144.5187,-17.15251,australia,195
"Barnstable County, Massachusetts, United States",-70.5989325,41.7412773,united states of america,196
"Randolph County, North Carolina, United States",-79.82967,35.74495,united states of america,197
"Dallas County, Texas, United States",-96.7969879,32.7766642,united states of america,198
"Mohave County, Arizona, United States",-114.3836,35.02639,united states of america,199
"Berlin, Deutschland",13.404954,52.5200066,germany,200
"Cumberland, England, United Kingdom",-3.5846869,54.5482671,united kingdom,201
"Paris, Ile-de-France, France metropolitaine, France",2.352222,48.85661,france,202
"Shire Of Leonora, Western Australia, Australia",121.3308,-28.885,australia,203
"Simcoe County, Central Ontario, Ontario, Canada",-79.576007,44.111527,canada,204
"Gallatin County, Montana, United States",-111.04763,45.667809,united states of america,205
"Jefferson County, New York, United States",-76.0208162,44.0142141,united states of america,206
"St. Francois County, Missouri, United States",-90.5509715,37.9221208,united states of america,207
"Reynolds County, Missouri, United States",-91.1209554,37.5746189,united states of america,208
"Worcester County, Massachusetts, United States",-71.992287,42.243968,united states of america,209
"Fulton County, Georgia, United States",-84.3879824,33.7489954,united states of america,210
"El Paso County, Texas, United States",-106.4213208,31.812438,united states of america,211
"Lancaster County, Pennsylvania, United States",-76.3092607,40.0421088,united states of america,212
"Sarpy County, Nebraska, United States",-96.0627406,41.1769243,united states of america,213
"Oakland County, Michigan, United States",-83.2875009,42.6365272,united states of america,214
"Cass County, Minnesota, United States",-94.6858998,46.729553,united states of america,215
"Jefferson County, Colorado, United States",-105.216019,39.749668,united states of america,216
"Johnson County, Kansas, United States",-94.856688,38.979416,united states of america,217
"Tuolumne County, California, United States",-119.9741,38.02965,united states of america,218
"Washington County, Minnesota, United States",-92.9636542,44.9991878,united states of america,219
"Morrow County, Ohio, United States",-82.907123,40.4172871,united states of america,220
"Jefferson County, Texas, United States",-94.1707881,30.1175939,united states of america,221
"King County, Washington, United States",-122.3320708,47.6062095,united states of america,222
"Nacozari de Garcia, Sonora, Mexico",-109.6875376,30.3753424,mexico,223
"Medina County, Ohio, United States",-81.6892914,41.1352795,united states of america,224
"Kings County, City of New York, New York, United States",-73.9441579,40.6781784,united states of america,225
"Hillsborough County, Florida, United States",-82.4602379,27.948602,united states of america,226
"Denton County, Texas, United States",-96.9021112,33.0536725,united states of america,227
"Salinas, Puerto Rico, United States",-66.222945,17.9535782,puerto rico,228
"Osceola County, Michigan, United States",-85.2580971,43.9005752,united states of america,229
"Logan County, Arkansas, United States",-93.9214109,35.1409156,united states of america,230
"Oaxaca de Juarez, Oaxaca, Mexico",-96.7265889,17.0731842,mexico,231
"St. Thomas, Ontario, Canada",-81.1826527,42.7777214,canada,232
"Wayne County, Michigan, United States",-83.0775771,42.3698975,united states of america,233
"Owyhee County, Idaho, United States",-116.73318,43.016826,united states of america,234
"Silver Bow County, Montana, United States",-112.5347775,46.0038232,united states of america,235
"Olmsted County, Minnesota, United States",-92.4801989,44.0121221,united states of america,236
"Will County, Illinois, United States",-88.073529,41.5322279,united states of america,237
"Saint Charles County, Missouri, United States",-90.478418,38.7856132,united states of america,238
"Maricopa County, Arizona, United States",-111.7573455,33.38108,united states of america,239
"Santa Barbara County, California, United States",-119.6943669,34.4293536,united states of america,240
"Butte County, California, United States",-121.8374777,39.7284944,united states of america,241
"Sonoma County, California, United States",-123.1011733,38.4242109,united states of america,242
"Linares, Nuevo Leon, Mexico",-99.561785,24.863949,mexico,243
"Pima County, Arizona, United States",-110.974709,32.222607000000004,united states of america,244
"Hampton, Virginia, United States",-76.4059,37.00485,united states of america,245
"Monroe County, New York, United States",-77.6088465,43.1565779,united states of america,246
"Anoka County, Minnesota, United States",-93.2623645,45.0812547,united states of america,247
"Lower Connecticut River Valley Planning Region, Connecticut, United States",-72.6569041,41.5566104,united states of america,248
"Lewis and Clark County, Montana, United States",-112.0391057,46.5891452,united states of america,249
"Broken Hill City Council, New South Wales, Australia",141.45394,-31.953914,australia,250
"Bedford County, Middle Tennessee, Tennessee, United States",-86.580447,35.517491,united states of america,251
"La Plata County, Colorado, United States",-107.8800667,37.27528,united states of america,252
"Bergen County, New Jersey, United States",-74.0434736,40.8859325,united states of america,253
"Shoshone County, Idaho, United States",-116.119333,47.538257,united states of america,254
"Southampton, England, United Kingdom",-1.4043509,50.9097004,united kingdom,255
"County Londonderry, Northern Ireland / Tuaisceart Eireann, United Kingdom",-6.4923145,54.7877149,united kingdom,256
"White County, Arkansas, United States",-91.8318334,35.20105,united states of america,257
"Jackson County, Oregon, United States",-122.7094767,42.1945758,united states of america,258
"Muzquiz, Coahuila, Mexico",-101.513999,27.88224,mexico,259
"Rest of Region 8, Potaro-Siparuni, Guyana",-58.93018,4.860416,guyana,260
"Regional District of Central Kootenay, British Columbia, Canada",-117.226963,49.975503,canada,261
"Municipio de Chihuahua, Chihuahua, Mexico",-106.0691,28.632996,mexico,262
"Marshall County, Iowa, United States",-93.097702,41.8780025,united states of america,263
"ae¦†a¸-aZ?, a...°a·za¸,, c""~e,fcoe a¸-a> 1/2",104.195397,35.86166,china,264
"DuPage County, Illinois, United States",-88.1032428,41.8623149,united states of america,265
"Wilson County, Kansas, United States",-95.6784604,37.4171399,united states of america,266
"Lexington County, South Carolina, United States",-81.3108552,33.9602511,united states of america,267
"Teton County, Wyoming, United States",-110.6817627,43.7904282,united states of america,268
"Harris County, Texas, United States",-95.4573191,29.7575237,united states of america,269
"Guilford County, North Carolina, United States",-79.7902672,36.0700093,united states of america,270
"Denali, Alaska, United States",-149.4936733,64.2008413,united states of america,271
"Delaware County, Pennsylvania, United States",-75.3557457,39.849557,united states of america,272
"Clay County, Missouri, United States",-94.55468,39.20389,united states of america,273
"Cowley County, Kansas, United States",-96.7542,37.3128,united states of america,274
"DeKalb County, Georgia, United States",-84.3279985,33.7739247,united states of america,275
"Humboldt County, Nevada, United States",-117.7356849,40.9729584,united states of america,276
"Essex, England, United Kingdom",0.450053,51.9674805,united kingdom,277
"Firenze, Toscana, Italia",11.2558136,43.7695604,italy,278
"Santarem, Portugal",-8.224454,39.399872,portugal,279
"Halifax Regional Municipality, Halifax County, Nova Scotia, Canada",-63.60776,44.64731,canada,280
"Hamilton, Golden Horseshoe, Ontario, Canada",-79.8355555,43.252533,canada,281
"Durham County, North Carolina, United States",-78.898619,35.9940329,united states of america,282
"Hamilton County, Ohio, United States",-84.51202,39.103118,united states of america,283
"Utrecht, Nederland",5.291266,52.13263,netherlands,284
"West Sussex, England, United Kingdom",-0.7215382,50.9547662,united kingdom,285
"Pottawatomie County, Oklahoma, United States",-97.092877,35.0077519,united states of america,286
"Cambridgeshire, Cambridgeshire and Peterborough, England, United Kingdom",0.121817,52.205337,united kingdom,287
"Wayne County, Indiana, United States",-84.8902382,39.8289369,united states of america,288
"Juneau, Alaska, United States",-134.4197221,58.301944399999996,NA,289
"Provincia de Copiapo, Region de Atacama, Chile",-70.3321587,-27.3665763,chile,290
"Cheshire West and Chester, England, United Kingdom",-2.6103158,53.2326344,united kingdom,291
"Timiskaming District, Northeastern Ontario, Ontario, Canada",-80.766667,47.65,canada,292
"Deschutes County, Oregon, United States",-120.5542,43.80413,united states of america,293
"Huntingdon County, Pennsylvania, United States",-78.019539,40.415527,united states of america,294
"Landkreis Heilbronn, Baden-Wurttemberg, Deutschland",9.2287089,49.1922581,germany,295
"Somerset, England, United Kingdom",-2.926231,51.1051,united kingdom,296
"Regiao Geografica Intermediaria de Barra do Garcas, Mato Grosso, Regiao Centro-Oeste, Brasil",-51.92528,-14.235004,brazil,297
"Napoli, Campania, Italia",14.26812,40.8517983,italy,298
"Tunapuna-Piarco, Trinidad and Tobago",-61.222503,10.691803,trinidad and tobago,299
"Westmoreland County, Pennsylvania, United States",-79.379481,40.321181,united states of america,300
"Washington County, Pennsylvania, United States",-80.017275,40.112017,united states of america,301
"Pixley ka Seme District Municipality, Northern Cape, South Africa",22.93751,-30.55948,south africa,302
"Yatenga, Nord, Burkina Faso",-2.460415,13.53167,burkina faso,303
"Kasai, Republique democratique du Congo",21.75866,-4.038333,democratic republic of the congo,304
"Stephens County, Oklahoma, United States",-97.9578128,34.5023028,united states of america,305
"Halton Region, Golden Horseshoe, Ontario, Canada",-79.63363,43.47472,canada,306
"Ulster County, New York, United States",-73.99736,41.92704,united states of america,307
"DsNfND¸D 1/2NDºD¸D¹ N€D°D¹D 3/4D 1/2, D§DµD>>ND+/-D¸D 1/2NDºD°N D 3/4D+/-D>>D°NN,NOE, D£N€D°D>>NOENDºD¸D¹ N,,DµD´DµN€D°D>>NOED 1/2N<D¹ D 3/4DºN€NfD³, D D 3/4NND¸N",59.4468429,55.3464379,russia,308
"Columbia County, New York, United States",-73.790959,42.2528649,united states of america,309
"Plymouth County, Massachusetts, United States",-70.7258633,42.195929,united states of america,310
"Bulawayo, Bulawayo Province, Zimbabwe",28.5826299,-20.1531934,zimbabwe,311
"Tippecanoe County, Indiana, United States",-86.8752869,40.4167022,united states of america,312
"Avery County, North Carolina, United States",-81.811389,36.111111,united states of america,313
"City of Hobart, Tasmania, Australia",147.3272,-42.88214,australia,314
"Departamento Caleu Caleu, La Pampa, L8138, Argentina",-63.616672,-38.416097,argentina,315
"Franklin County, Pennsylvania, United States",-77.65543,39.91618,united states of america,316
"Rio Blanco (Municipio), Matagalpa Nicaragua",-85.207229,12.865416,nicaragua,317
"Henry County, Missouri, United States",-93.7782689,38.3686324,united states of america,318
"Chelan County, Washington, United States",-120.7401385,47.7510741,united states of america,319
"Municipio Cedeno, Bolivar Venezuela",-66.58973,6.42375,venezuela,320
"Johnston County, North Carolina, United States",-78.3661051,35.4884654,united states of america,321
"Yavapai County, Arizona, United States",-112.1137716,34.7489107,united states of america,322
"Marion County, Missouri, United States",-91.3584816,39.7083789,united states of america,323
"Geneve, Schweiz/Suisse/Svizzera/Svizra",6.143158,46.20439,switzerland,324
"Hermosillo, Sonora, Mexico",-110.9559192,29.0729673,mexico,325
"Municipio de Guanajuato, Guanajuato, Mexico",-101.257359,21.019015,mexico,326
"Santiago de Cuba, Cuba",-75.830154,20.01693,cuba,327
"Provincia de Santiago, Region Metropolitana de Santiago, Chile",-70.6692655,-33.4488897,chile,328
"Lafayette Parish, Louisiana, United States",-92.0781648,30.1802335,united states of america,329
"Natrona County, Wyoming, United States",-107.290284,43.075968,united states of america,330
"Liverpool City Region, England, United Kingdom",-3.012763,53.46752,united kingdom,331
"Warren County, New Jersey, United States",-74.999813,40.813257,united states of america,332
"Prince George County, Virginia, United States",-77.3381855,37.2489537,united states of america,333
"Surrey, England, United Kingdom",-0.55995,51.314759,united kingdom,334
"Stadteregion Aachen, Nordrhein-Westfalen, Deutschland",6.2251934,50.7730884,germany,335
"Landkreis Wolfenbuttel, Niedersachsen, Deutschland",10.5911661,52.1096465,germany,336
"Victoria County, Texas, United States",-97.0035982,28.8052674,united states of america,337
"Labette County, Kansas, United States",-95.2555846,37.3381673,united states of america,338
"Oklahoma County, Oklahoma, United States",-97.5164276,35.4675602,united states of america,339
"Jefferson County, Montana, United States",-112.103334,46.349652,united states of america,340
"Shelby County, West Tennessee, Tennessee, United States",-90.0018036,35.1610283,united states of america,341
"Mutasa, Manicaland, Zimbabwe",32.6708329,-18.8833888,zimbabwe,342
"Cairns Regional, Queensland, Australia",145.757888,-16.898277,australia,343
"Eti Osa, Lagos, Nigeria",3.426785,6.4329725,nigeria,344
"Southwest, Singapore",103.8346685,1.2599015,NA,345
"Charleroi, Hainaut, Wallonie, Belgie / Belgique / Belgien",4.469936,50.503887,belgium,346
"Calvert County, Maryland, United States",-76.5063419,38.4742898,united states of america,347
"a¤§e~ªaºoe, ae-¥aeoe¬",135.5207379,34.6655536,japan,348
"Cariboo Regional District, British Columbia, Canada",-121.5137657,53.0703513,canada,349
"Dublin 1, Leinster, Eire / Ireland",-6.2603097,53.3498053,ireland,350
"Bogan Shire Council, New South Wales Australia",146.921099,-31.2532183,australia,351
"Cochise County, Arizona, United States",-109.5453447,31.3445471,united states of america,352
"Montgomery County, Alabama, United States",-86.3077368,32.3792233,united states of america,353
"Kwekwe, Midlands, Zimbabwe",29.154857,-19.015438,zimbabwe,354
"City of Tshwane Metropolitan Municipality, Gauteng, South Africa",28.2204987,-25.7090736,south africa,355
"Mahakam Ulu, Kalimantan Timur, Kalimantan Indonesia",114.5548495,0.9618834,indonesia,356
"Swain County, North Carolina, United States",-83.3205859,35.4770574,united states of america,357
"Esmeralda County, Nevada, United States",-117.2357131,37.7084481,united states of america,358
"Labrador, Newfoundland and Labrador, Canada",-57.6604364,53.1355091,canada,359
"Provincia Guarayos, Santa Cruz, Bolivia",-63.588653,-16.290154,bolivia,360
"Cobar Shire Council, New South Wales Australia",145.8388597,-31.495761,australia,361
"Hertfordshire, England, United Kingdom",-0.034171,51.77868,united kingdom,362
"Kuantan, Pahang, Malaysia",103.3256204,3.8126318,malaysia,363
"Jackson County, Illinois, United States",-89.2194324,37.7115516,united states of america,364
"Bourke Shire Council, New South Wales Australia",145.491477,-29.5328037,australia,365
"Ottawa, Eastern Ontario, Ontario, Canada",-75.6853063,45.3985599,canada,366
"Chittenden County, Vermont, United States",-73.2140655,44.4706731,united states of america,367
"Dundee City, Alba / Scotland, United Kingdom",-2.969918,56.4632,united kingdom,368
"Marion County, Kansas, United States",-96.9739075,38.4361259,united states of america,369
"Yukon, Canada",-135,64.28233,canada,370
"Nadadores, Coahuila, Mexico",-101.7068294,27.058676,mexico,371
"Provincia de Linares, Region del Maule, Chile",-71.54297,-35.67515,chile,372
"Arabako lautada/Llanada Alavesa, Araba/Alava, Euskadi, Espana",-2.3136118,42.8745619,spain,373
"Andraka, Bizkaia, Euskadi Espana",-3.0827799,43.307598,spain,374
"Cumberland County, Maine, United States",-70.2913448,43.6673154,united states of america,375
"Orange County, New York, United States",-73.9625033,41.3918372,united states of america,376
"Brazos County, Texas, United States",-96.3233089,30.570271,united states of america,377
"Stockholms lan, Sverige",18.068581,59.329324,NA,378
"Torrance County, New Mexico, United States",-105.8700901,34.5199402,united states of america,379
"City of Cape Town, Western Cape, South Africa",18.4226348,-33.9224993,south africa,380
"Greenwood County, Kansas, United States",-96.2891703,37.8239167,united states of america,381
"Abuakwa South Municipal District, Eastern Region, Ghana",-0.4879916,6.110074,ghana,382
"Gwinnett County, Georgia, United States",-84.2236806,33.9286738,united states of america,383
"Bedford County, Pennsylvania, United States",-78.24446,40.21536,united states of america,384
"Capitol Planning Region, Connecticut, United States",-72.6128339,41.7634219,united states of america,385
"Provincia de Diguillin, Region de Nuble, Chile",-72.102335,-36.606262,chile,386
"Charlotte County, New Brunswick / Nouveau-Brunswick, Canada",-67.0530897,45.0738432,NA,387
"Saint Louis County, Missouri, United States",-90.6290502,38.5160862,united states of america,388
"Humboldt County, California, United States",-124.1636729,40.8020712,united states of america,389
"Lisboa, Portugal",-9.1393366,38.7222524,portugal,390
"Gualaco, Olancho, Honduras",-86.241905,15.199999,honduras,391
"Arlington County, Virginia, United States",-77.0909809,38.8816208,united states of america,392
"Middlesbrough, Tees Valley, England, United Kingdom",-1.2349975,54.574796,united kingdom,393
"Division No. 14, Alberta, Canada",-116.5765,53.93327,canada,394
"Kane County, Illinois, United States",-88.3200715,41.7605849,united states of america,395
"Trujillo, La Libertad, Peru",-79.0329727,-8.1060428,peru,396
"Uusimaa, Etela-Suomen aluehallintovirasto, Manner-Suomi, Suomi / Finland",24.9383791,60.1698557,finland,397
"Bas-Rhin, Grand Est, France metropolitaine, France",7.361647,48.741963,france,398
"Clark County, Ohio, United States",-83.7778736,39.974147,united states of america,399
"Whitfield County, Georgia, United States",-84.9702228,34.7698021,united states of america,400
"Torreon, Coahuila, Mexico",-103.406786,25.542844,mexico,401
"San Pedro Garza Garcia, Nuevo Leon, Mexico",-100.4138524,25.6843741,mexico,402
"Franklin County, Ohio, United States",-83.0013679,39.9618782,united states of america,403
"Otsego County, New York, United States",-75.0510671,42.4576075,united states of america,404
"Bradford County, Pennsylvania, United States",-76.474045,41.713031,united states of america,405
"Comuna 1, Ciudad Autonoma de Buenos Aires, Argentina",-58.3815591,-34.6036844,argentina,406
"Mono County, California, United States",-118.476509,37.819099,united states of america,407
"Suffolk County, New York, United States",-73.413662,40.712333,united states of america,408
"Centre County, Pennsylvania, United States",-77.861639,40.79445,united states of america,409
"Roanoke County, Virginia, United States",-79.987497,37.223268,united states of america,410
"Macomb County, Michigan, United States",-82.8806611,42.5927909,united states of america,411
"Union County, New Jersey, United States",-74.4268175,40.6706064,united states of america,412
"Jura, Bourgogne-Franche-Comte, France metropolitaine, France",5.957774,46.850125,france,413
"Rusk County, Wisconsin, United States",-91.1142498,45.4549199,united states of america,414
"Cowichan Valley Regional District, British Columbia, Canada",-123.8161,48.99534,NA,415
"Naugatuck Valley Planning Region, Connecticut, United States",-73.034905,41.551928,united states of america,416
"Yellowstone County, Montana, United States",-108.5006904,45.7832856,united states of america,417
"Cecil County, Maryland, United States",-76.1152289,39.6048327,united states of america,418
"Shelby County, Alabama, United States",-86.891101,33.107619,united states of america,419
"Buchanan County, Missouri, United States",-94.846681,39.7674578,united states of america,420
"Runnels County, Texas, United States",-99.90181,31.9686,united states of america,421
"Porter County, Indiana, United States",-87.0611412,41.4730948,united states of america,422
"Dresden, Sachsen, Deutschland",13.7372621,51.0504088,germany,423
"Regional District of Kootenay Boundary, British Columbia, Canada",-117.8000037,49.0781415,canada,424
"Bexar County, Texas, United States",-98.493628,29.424122,united states of america,425
"Nodaway County, Missouri, United States",-94.872471,40.346102,united states of america,426
"Wyandotte County, Kansas, United States",-94.660535,39.05629,united states of america,427
"Lawrence County, South Dakota, United States",-103.85937,44.490817,united states of america,428
"Tlajomulco de Zuniga, Jalisco, Mexico",-103.2723651,20.4817252,mexico,429
"Collin County, Texas, United States",-96.8236116,33.1506744,united states of america,430
"Tooele County, Utah, United States",-112.2585566,40.36939,united states of america,431
"Essex County, New Jersey, United States",-74.172367,40.735657,united states of america,432
"Carson City, Nevada, United States",-119.7674034,39.1637984,united states of america,433
"Peel Region, Golden Horseshoe, Ontario, Canada",-79.6379671,43.5045172,canada,434
"Neamt, Romania",26.4954639,46.7968134,romania,435
"DYD°D·D°N€D´D¶D¸Dº, D'NSD>>D³D°N€D¸N",24.2987265,42.0298857,bulgaria,436
"Bezirk Villach-Land, Karnten, Osterreich",13.65518,46.66319,austria,437
The Bahamas,-74.4760088,24.0775546,the bahamas,438
"Benton County, Arkansas, United States",-94.1313289,36.212454,united states of america,439
"Kern County, California, United States",-119.127404,35.3370265,united states of america,440
"Zimapan, Hidalgo Mexico",-99.38246,20.7367,mexico,441
"Lake County, Florida, United States",-81.6853534,28.8527675,united states of america,442
"Lyman County, South Dakota, United States",-99.9018131,43.9695148,united states of america,443
"Contra Costa County, California, United States",-121.8846806,38.0279762,united states of america,444
"Balagat Tahsil, Balaghat District, Madhya Pradesh India",80.183829,21.812876,india,445
"GE™ncE™ Inzibati AErazisi, GE™ncE™-DaskE™sE™n, AzE™rbaycan",46.3723313,40.6878581,azerbaijan,446
"Negros Oriental, Central Visayas, Philippines",122.8986812,9.7150631,philippines,447
"Cascade County, Montana, United States",-111.3007715,47.5052849,united states of america,448
"Mercer County, New Jersey, United States",-74.759717,40.2205824,united states of america,449
"Polk County, Iowa, United States",-93.6249593,41.5868353,united states of america,450
"Luna County, New Mexico, United States",-107.7586404,32.2686981,united states of america,451
"Concepcion del Oro, Zacatecas Mexico",-101.418384,24.6128234,mexico,452
"Hastings County, Central Ontario, Ontario, Canada",-77.048733,44.195399,canada,453
"Division No. 11, Alberta, Canada",-113.4938229,53.5461245,canada,454
"Jefferson County, Pennsylvania, United States",-78.8699807,40.9336161,united states of america,455
"Stredni Cechy, Cesko",15.2726488,49.9709121,czech republic,456
"Erie County, New York, United States",-78.8747549,42.9055892,united states of america,457
"Kaufman County, Texas, United States",-96.2752569,32.7359626,united states of america,458
"eThekwini Metropolitan Municipality, KwaZulu-Natal, South Africa",31.021518,-29.857232,south africa,459
"Newport County, Rhode Island, United States",-71.31283,41.4901,united states of america,460
"Middlesex County, Ontario, Canada",-81.4206394,42.9079325,canada,461
"Gloucester County, New Jersey, United States",-75.1494022,39.8366111,united states of america,462
"Westchester County, New York, United States",-73.7825806,40.9123471,united states of america,463
"Chester County, Pennsylvania, United States",-75.6017582,39.9570546,united states of america,464
"Hinds County, Mississippi, United States",-90.18252,32.299871,united states of america,465
"Bristol County, Massachusetts, United States",-70.934205,41.6362152,united states of america,466
"Butler County, Ohio, United States",-84.4598956,39.3142715,united states of america,467
"South Central Connecticut Planning Region, Connecticut, United States",-72.9376254,41.2886364,united states of america,468
"Berkshire County, Massachusetts, United States",-73.2286169,42.4545339,united states of america,469
"Dunedin City, Otago, New Zealand / Aotearoa",170.5164112,-45.8662005,new zealand,470
"Dutchess County, New York, United States",-73.9015246,41.7667602,united states of america,471
"Schenectady County, New York, United States",-73.9395687,42.8142432,united states of america,472
"Pueblo County, Colorado, United States",-104.609141,38.254447,united states of america,473
"Wise County, Virginia, United States",-82.605118,37.024088,united states of america,474
"Badiraguato, Sinaloa Mexico",-107.4795173,25.1721091,mexico,475
"Ashe County, North Carolina, United States",-81.329263,36.400406,united states of america,476
"City of Ekurhuleni Metropolitan Municipality, Gauteng, South Africa",28.112268,-26.270759,south africa,477
"Pierce County, Washington, United States",-122.4442906,47.2528768,united states of america,478
"Belknap County, New Hampshire, United States",-71.4531247,43.6037185,united states of america,479
"Baltimore County, Maryland, United States",-76.5205184,39.2506633,NA,480
"Pike County, Kentucky, United States",-82.3574049,37.312537,united states of america,481
"Cache County, Utah, United States",-111.8064182,41.7420935,united states of america,482
"New Castle County, Delaware, United States",-75.5477755,39.7456998,united states of america,483
"Nassau County, New York, United States",-73.6771682,40.8099386,united states of america,484
"City of Perth, Western Australia, Australia",115.860457,-31.950527,australia,485
"Rockingham County, Virginia, United States",-78.883555,38.582592,united states of america,486
"Inkhundla Mthongwaneni, Manzini, eSwatini",31.465866,-26.522503,swaziland,487
"La Paz County, Arizona, United States",-113.606317,33.686143,united states of america,488
"City of Melbourne, Victoria, Australia",144.963058,-37.813628,australia,489
"Shire of Macedon Ranges, Victoria, Australia",144.785153,-37.471308,australia,490
"Custer County, South Dakota, United States",-103.5988057,43.7666507,united states of america,491
"San Juan de Sabinas, Coahuila, Mexico",-101.2174256,27.9372635,mexico,492
"Miami-Dade County, Florida, United States",-80.1917902,25.7616798,NA,493
"Knox County, East Tennessee, Tennessee, United States",-83.9065376,35.9668833,united states of america,494
"Greater Bridgeport Planning Region, Connecticut, United States",-73.1894384,41.1792258,united states of america,495
"Cherokee County, Georgia, United States",-84.4545134,34.0803036,united states of america,496
"Washington County, Arkansas, United States",-94.1613787,36.0962376,united states of america,497
"Spokane County, Washington, United States",-117.4260465,47.6587802,united states of america,498
"Donley County, Texas, United States",-100.6604111,34.8669964,united states of america,499
"Suffolk, England, United Kingdom",0.7104932,52.2429228,united kingdom,500
"Schuylkill County, Pennsylvania, United States",-76.16883,40.696479,united states of america,501
"Carroll County, Indiana, United States",-86.6750059,40.5875371,united states of america,502
"Rhein-Hunsruck-Kreis, Rheinland-Pfalz, Deutschland",7.3089527,50.118346,germany,503
"Ludlow Parish, Northumberland County, New Brunswick / Nouveau-Brunswick, Canada",-66.4619164,46.5653163,canada,504
"Vilniaus miesto savivaldybe, Vilniaus apskritis, Lietuva",25.2796514,54.6871555,lithuania,505
"Kent County, Delaware, United States",-75.52767,38.91083,united states of america,506
"Inverclyde, Alba / Scotland, United Kingdom",-4.771983,55.956476,NA,507
"Montevideo, Uruguay",-56.1717943,-34.9107706,uruguay,508
"Wroclaw, wojewodztwo dolnoslaskie, Polska",17.038538,51.107885,poland,509
"Hanover County, Virginia, United States",-77.4893541,37.7641853,united states of america,510
"Snohomish County, Washington, United States",-122.2460754,47.9252,united states of america,511
"D¥D 1/4DµD>>NOED 1/2D¸N†NOEDºD¸D¹ N€D°D¹D 3/4D 1/2, D¥D 1/4DµD>>NOED 1/2D¸N†NOEDºD° D 3/4D+/-D>>D°NN,NOE, D£DºN€D°N-D 1/2D°",26.417099,49.8399541,ukraine,512
"Frankfurt am Main, Hessen, Deutschland",8.6821267,50.1109221,germany,513
"Camaguey, Cuba",-77.781167,21.521757,cuba,514
"Northeastern Connecticut Planning Region, Connecticut, United States",-71.8765958,41.8090133,united states of america,515
"Palma Soriano, Santiago de Cuba Cuba",-76.083023,20.308161,cuba,516
"I IµII¹I†IµIIµI¹I+/-IºI(R) I•I 1/2IOEI,,I·I,,I+/- IsI+/-I²I¬I>>I+/-I,, I IµII¹I†I-IIµI¹I+/- I'I 1/2I+/-I,,I?I>>I¹IºI(R)I, IoeI+/-IºIµI´I?I 1/2I¯I+/-I, IºI+/-I¹ I~II¬IºI·I,, I'I€I?IºIµI 1/2I,,II‰I 1/4I-I 1/2I· I""I¹I?I¯IºI·IfI· IoeI+/-IºIµI´I?I 1/2I¯I+/-I, - I~II¬IºI·I,, I•I>>I>>I¬I,",24.4030394,40.9386607,NA,517
"DzD´DµNNOEDºD¸D¹ N€D°D¹D 3/4D 1/2, DzD´DµNNOEDºD° D 3/4D+/-D>>D°NN,NOE, D£DºN€D°N-D 1/2D°",30.7233095,46.482526,ukraine,518
"Lake County, Illinois, United States",-87.8071844,42.2017532,united states of america,519
"Winchester, Virginia United States",-78.1661823,39.1826037,united states of america,520
"Guanacevi, Durango, Mexico",-105.954674,25.931635,mexico,521
"a¸Sa·ef!(aa<a> 1/2), aa<c·a^aeOE¯e^^a+/-€, aOE-aeµ·e"", ae-¥aeoe¬",142.8634737,43.2203266,japan,522
"Tompkins County, New York, United States",-76.556324,42.3981723,united states of america,523
"Sumner County, Kansas, United States",-97.7733573,37.4566286,united states of america,524
"Abbeville County, South Carolina, United States",-82.3790147,34.1781719,united states of america,525
Jersey,-2.13125,49.214439,jersey,526
"San Bernardino County, California, United States",-117.1825381,34.0555693,united states of america,527
"Playa, La Habana, Cuba",-82.4643602,23.0878213,cuba,528
"Kuching, Bahagian Kuching, Sarawak, Malaysia",110.3592127,1.5532783,malaysia,529
"Puy-de-Dome, Auvergne-Rhone-Alpes, France metropolitaine, France",3.015583,45.712414,france,530
"Bolzano - Bozen, Trentino-Alto Adige/Sudtirol, Italia",11.1525179,46.6712938,italy,531
"Wharton County, Texas, United States",-96.10274,29.31164,united states of america,532
"Lebanon County, Pennsylvania, United States",-76.502574,40.366669,united states of america,533
"Dauphin County, Pennsylvania, United States",-76.886701,40.273191,united states of america,534
"Landkreis Gotha, Thuringen, Deutschland",10.7092884,50.9469188,germany,535
"Dalarnas lan, Sverige",15.433969,60.484304,sweden,536
"Laramie County, Wyoming, United States",-104.8202462,41.1399814,united states of america,537
"Potchefstroom, North West, South Africa",27.097146,-26.712264,south africa,538
"Dienvidkurzemes novads, Kurzeme, Latvija",21.605305,56.715739,latvia,539
"Osceola County, Florida, United States",-81.301897,28.245115,united states of america,540
"Greene County, Missouri, United States",-93.2791116,37.2165337,united states of america,541
"Chippewa County, Michigan, United States",-84.3452326,46.4965882,united states of america,542
"Champaign County, Illinois, United States",-88.2330617,40.1146974,united states of america,543
"Stevens County, Washington, United States",-117.7155207,48.276287,united states of america,544
"Navajo County, Arizona, United States",-110.6974,35.02419,united states of america,545
"Fayette County, Kentucky, United States",-84.502738,38.051281,united states of america,546
"Etzatlan, Region Valles, Jalisco, Mexico",-104.0809056,20.7644691,mexico,547
"Orleans Parish, Louisiana, United States",-90.07265,29.9520488,united states of america,548
"Tipton County, Indiana, United States",-86.1349019,40.2671941,united states of america,549
"Mecklenburg County, North Carolina, United States",-80.8431267,35.2270869,united states of america,550
"Santa Fe County, New Mexico, United States",-105.937799,35.6869752,united states of america,551
"Richmond, Virginia, United States",-77.4360481,37.5407246,united states of america,552
"Iron County, Michigan, United States",-88.3340242,46.0980066,united states of america,553
"Cayuga County, New York, United States",-76.5950104,42.9381762,united states of america,554
"Grant County, New Mexico, United States",-108.1319872,32.6992442,united states of america,555
"Mingo County, West Virginia, United States",-82.131521,37.59455,united states of america,556
"Mercer County, West Virginia, United States",-81.311767,37.325116,united states of america,557
"Wayne County, West Virginia, United States",-82.431539,38.023147,united states of america,558
"Polk County, Missouri, United States",-93.4104749,37.6144838,united states of america,559
"Livingston County, New York, United States",-77.8856212,42.8710697,united states of america,560
"Garland County, Arkansas, United States",-93.07491,34.51484,united states of america,561
"Rock Island County, Illinois, United States",-90.5099641,41.4662194,united states of america,562
"Madison County, Idaho, United States",-111.7774749,43.8323642,united states of america,563
"Phillips County, Montana, United States",-107.3420829,48.4571957,united states of america,564
"Chautauqua County, New York, United States",-79.2353259,42.0970023,united states of america,565
"Wellington County, Ontario, Canada",-80.47381,43.7027,canada,566
"Prince George's County, Maryland, United States",-76.9826269,38.8034904,united states of america,567
"Webster County, West Virginia, United States",-80.4549026,38.5976262,united states of america,568
"Scott County, Iowa, United States",-90.57764,41.52364,united states of america,569
"Lorain County, Ohio, United States",-82.1823746,41.452819,united states of america,570
"Montgomery County, Ohio, United States",-84.1916069,39.7589478,united states of america,571
"Madera County, California, United States",-120.0607176,36.9613356,united states of america,572
"Pershing County, Nevada, United States",-118.163292,40.288845,united states of america,573
"Harford County, Maryland, United States",-76.3493767,39.5368392,united states of america,574
"Harghita, Romania",25.2224,46.18406,romania,575
"Agglomeration de Quebec, Capitale-Nationale, Quebec, Canada",-71.2079809,46.8138783,NA,576
"Denbighshire, Cymru / Wales, United Kingdom",-3.2109489,53.0966063,united kingdom,577
"Jihocesky kraj, Jihozapad, Cesko",14.3174657,48.8127354,czech republic,578
"Luzerne County, Pennsylvania, United States",-75.8549468,41.2493645,united states of america,579
"Summit County, Utah, United States",-111.4979729,40.6460622,united states of america,580
"Regionalverband Saarbrucken, Saarland, Deutschland",7.0621814,49.3022275,germany,581
"Municipio Libertador, Distrito Capital, Venezuela",-66.9036063,10.4805937,venezuela,582
"San Juan County, Washington, United States",-122.876016,48.6487148,NA,583
"Moravskoslezsky kraj, Moravskoslezsko, Cesko",18.2710769,49.8163907,czech republic,584
"D""D°D+/-N€D 3/4D²D 3/4, D'NSD>>D³D°N€D¸N",25.3186837,42.8742212,bulgaria,585
"DoeD 3/4NDºD²D°, D¦DµD 1/2N,N€D°D>>NOED 1/2N<D¹ N,,DµD´DµN€D°D>>NOED 1/2N<D¹ D 3/4DºN€NfD³, D D 3/4NND¸N",37.6172999,55.755826,russia,586
"Sombrerete, Zacatecas, Mexico",-103.6392,23.63425,mexico,587
"Lincolnshire, England, United Kingdom",-0.538407,53.2299429,united kingdom,588
"Livingston County, Michigan, United States",-83.9293952,42.6072552,united states of america,589
"Gwynedd, Cymru / Wales, United Kingdom",-4.133384,52.927842,united kingdom,590
"Summit County, Colorado, United States",-106.1497037,39.5021802,united states of america,591
"Pinal County, Arizona, United States",-110.9976141,33.1833933,united states of america,592
"Black Hawk County, Iowa, United States",-92.324365,42.493051,united states of america,593
"Itasca County, Minnesota, United States",-93.4159162,47.2955444,united states of america,594
"Division No. 11, Manitoba, Canada",-97.1383744,49.895136,canada,595
"Division No. 21, Manitoba, Canada",-98.8138762,53.7608608,canada,596
"Huerfano County, Colorado, United States",-104.7806928,37.6246699,united states of america,597
"Monroe County, Indiana, United States",-86.60422,39.23471,united states of america,598
"Jefferson County, Kentucky, United States",-85.7584557,38.2526647,united states of america,599
"Oneida County, New York, United States",-75.5393442,43.0795135,united states of america,600
"Solano County, California, United States",-121.8212738,38.4697685,united states of america,601
"DoeN-D 1/2NDº, D'DµD>>D°N€NfNNOE",27.558972,53.9006011,belarus,602
"Charleston County, South Carolina, United States",-79.9310512,32.7764749,NA,603
"Roanoke, Virginia, United States",-79.9409992,37.2697124,united states of america,604
"Mariposa County, California, United States",-119.9662843,37.4849377,united states of america,605
"Cobb County, Georgia, United States",-84.66724,33.92605,united states of america,606
"Richmond County, City of New York, New York, United States",-74.197644,40.5289944,united states of america,607
"Crow Wing County, Minnesota, United States",-93.9777621,46.4774631,united states of america,608
"Macon County, Illinois, United States",-88.975275,39.843393,united states of america,609
"Altenburger Land, Thuringen, Deutschland",12.4310906,50.8903586,germany,610
"Gasteizko kuadrilla/Cuadrilla de Vitoria, Araba/Alava, Euskadi, Espana",-2.6728711,42.850237,spain,611
"Erzgebirgskreis, Sachsen, Deutschland",12.6746346,50.7414905,germany,612
"East Lothian, Alba / Scotland, United Kingdom",-2.516737,56.002087,united kingdom,613
"Lamoille County, Vermont, United States",-72.5778415,44.5588028,united states of america,614
"Mansfeld-Sudharz, Sachsen-Anhalt, Deutschland",10.9548791,51.5732778,germany,615
"Landkreis Calw, Baden-Wurttemberg, Deutschland",8.7472439,48.7122107,germany,616
"Tazewell County, Illinois, United States",-89.3985283,40.6331249,united states of america,617
"Lubbock County, Texas, United States",-101.8507713,33.534393,united states of america,618
"Riga, Vidzeme, Latvija",24.1051865,56.9496487,latvia,619
"Pocahontas County, West Virginia, United States",-79.99752,38.41323,united states of america,620
"Kenosha County, Wisconsin, United States",-87.835504,42.582899,united states of america,621
"Adams County, Idaho, United States",-116.689314,45.086546,united states of america,622
"Neath Port Talbot, Cymru / Wales, United Kingdom",-3.8053393,51.662885,united kingdom,623
"Jefferson County, Missouri, United States",-90.48096,38.202,united states of america,624
"Leipzig, Sachsen, Deutschland",12.3730747,51.3396955,germany,625
"Landkreis Hildburghausen, Thuringen, Deutschland",10.8227444,50.5013424,germany,626
"Copper Coast Council, South Australia, Australia",137.5851,-34.069212,australia,627
"powiat strzelecki, wojewodztwo opolskie, Polska",18.1236849,50.5163969,poland,628
"Cambria County, Pennsylvania, United States",-78.9219698,40.3267407,united states of america,629
"Baker County, Florida, United States",-82.1220569,30.2821807,united states of america,630
"Montgomery County, New York, United States",-74.571807,42.905629,united states of america,631
"Saunders County, Nebraska, United States",-96.368316,41.039341,united states of america,632
"Honolulu County, Hawaii, United States",-157.8583333,21.3069444,united states of america,633
Bauchi Nigeria,9.8236533,10.3009641,nigeria,634
"County Antrim, Northern Ireland / Tuaisceart Eireann, United Kingdom",-5.9249466,54.599353,united kingdom,635
"Caerphilly, Cymru / Wales, United Kingdom",-3.229589,51.6912,united kingdom,636
"Blayney Shire Council, New South Wales, Australia",148.9287,-33.56164,australia,637
"OZO¥O¤O<< O°O!O´O!OµO¶O,,, O+/-O€O!O€O!O?O<< O´O!O€O¦, O€O!OµO!O 1/2O?O!O¶",45.03819,40.0691,armenia,638
"Saline County, Arkansas, United States",-92.58683,34.56454,united states of america,639
"Mysuru taluk, Mysuru District, Karnataka, India",76.6393805,12.2958104,india,640
"Maine-et-Loire, Pays de la Loire, France metropolitaine, France",-0.979609,47.614699,france,641
"Loire, Auvergne-Rhone-Alpes, France metropolitaine, France",4.615349,45.527692,france,642
"Wrexham, Cymru / Wales, United Kingdom",-3.003934,53.05897,united kingdom,643
"Chennai District, Tamil Nadu, India",80.2707184,13.0826802,india,644
"Coconino County, Arizona, United States",-111.6513,35.19828,united states of america,645
"Western Connecticut Planning Region, Connecticut, United States",-73.5616213,41.0495476,united states of america,646
"Wabana, Newfoundland, Newfoundland and Labrador, Canada",-52.94724,47.643855,NA,647
"Lackawanna County, Pennsylvania, United States",-75.662412,41.408969,united states of america,648
"Town of Truro, Colchester County, Nova Scotia, Canada",-63.286941,45.365773,canada,649
"Niagara County, New York, United States",-79.0741629,43.0828162,canada,650
"Marquette County, Michigan, United States",-87.6068721,46.5090928,united states of america,651
"Garfield County, Colorado, United States",-107.7831198,39.5347023,united states of america,652
"Hidalgo County, New Mexico, United States",-108.8067046,31.9496748,united states of america,653
"Municipio de Aguascalientes, Aguascalientes, Mexico",-102.2915677,21.8852562,mexico,654
"Nowata County, Oklahoma, United States",-95.644246,36.949343,united states of america,655
"Mississippi County, Arkansas, United States",-89.9186021,35.9246686,united states of america,656
"Mineral County, Nevada, United States",-118.624578,38.524644,united states of america,657
"Caimanera, Guantanamo Cuba",-75.1216254,20.011737,NA,658
"Arapahoe County, Colorado, United States",-104.8319195,39.7294319,united states of america,659
"D!D°D 1/2DºN,-DYDµN,DµN€D+/-NfN€D³, D!DµD²DµN€D 3/4-D-D°D?D°D´D 1/2N<D¹ N,,DµD´DµN€D°D>>NOED 1/2N<D¹ D 3/4DºN€NfD³, D D 3/4NND¸N",30.3350986,59.9342802,russia,660
"Ramon Villeda Morales, Gracias a Dios, Honduras",-83.15,15,honduras,661
"Xalapa, Veracruz, Mexico",-96.9101806,19.5437751,mexico,662
"Lake County, Ohio, United States",-81.4534492,41.6053266,united states of america,663
"Oxapampa, Pasco Peru",-75.1545381,-10.4475753,peru,664
"Saint Joseph County, Michigan, United States",-85.6380538,41.9575004,united states of america,665
"Haora, Hooghly District, West Bengal India",88.3444623,22.5719916,india,666
"Kent County, Michigan, United States",-85.6411386,42.9343428,united states of america,667
"Metro Vancouver Regional District, British Columbia, Canada",-123.1207375,49.2827291,canada,668
"Regional District of East Kootenay, British Columbia, Canada",-115.9786,49.67031,canada,669
"Volusia County, Florida, United States",-81.0712966,29.2105922,united states of america,670
"Hampshire, England, United Kingdom",-0.8250596,51.0962871,united kingdom,671
"D!D>>D¸D²DµD 1/2, D'NSD>>D³D°N€D¸N",26.3228685,42.6816536,bulgaria,672
"Budapest, Kozep-Magyarorszag, Magyarorszag",19.183212,47.501336,hungary,673
"Rensselaer County, New York, United States",-73.691785,42.728412,united states of america,674
"Ohio County, West Virginia, United States",-80.720915,40.063962,united states of america,675
"Gympie Regional, Queensland, Australia",152.6611,-26.18967,australia,676
"Canton Luxembourg, Letzebuerg",6.1243164,49.6666503,luxembourg,677
"White Pine County, Nevada, United States",-114.874248,39.253333,united states of america,678
"Jennings County, Indiana, United States",-85.6235796,39.006165,united states of america,679
"Provincia de Cachapoal, Region del Libertador General Bernardo O'Higgins, Chile",-70.7406259,-34.1701324,chile,680
"Cass County, Missouri, United States",-94.3341148,38.7277878,united states of america,681
"Bartow County, Georgia, United States",-84.7923361,34.1971389,united states of america,682
"Lake County, Colorado, United States",-106.292524,39.250823,united states of america,683
"Greenlee County, Arizona, United States",-109.296183,33.050897,united states of america,684
"Dusseldorf, Nordrhein-Westfalen, Deutschland",6.7974975,51.2487432,germany,685
"Koln, Nordrhein-Westfalen, Deutschland",6.9602786,50.937531,germany,686
"Greenville County, South Carolina, United States",-82.370625,34.8079676,united states of america,687
"Distrito Nata, Cocle, Panama",-80.782127,8.537981,panama,688
"Leavenworth County, Kansas, United States",-94.9252177,39.354015,united states of america,689
"Caylloma, Arequipa, Peru",-71.601445,-15.6378116,peru,690
"Gold Coast City, Queensland, Australia",153.3810308,-28.0767266,australia,691
"Maury County, Middle Tennessee, Tennessee, United States",-87.2063652,35.5273265,united states of america,692
"Samudrapur, Wardha District, Maharashtra India",78.96288,20.593684,india,693
"Petaling, Selangor, Malaysia",101.7186151,3.028268,malaysia,694
"San Luis Obispo County, California, United States",-120.8676799,35.3694186,NA,695
"Genesee County, Michigan, United States",-83.6874562,43.0125274,united states of america,696
"Sudbury District, Northeastern Ontario, Ontario, Canada",-81.0971976,46.4411481,canada,697
"Rhondda Cynon Taf, Cymru / Wales, United Kingdom",-3.3887484,51.5542917,united kingdom,698
"Lee County, Texas, United States",-96.9282519,30.1886738,united states of america,699
"Capital Regional District, British Columbia, Canada",-123.3668247,48.4216314,canada,700
"Talara, Piura, Peru",-81.2821647,-4.4564351,peru,701
"Randwick City Council, New South Wales, Australia",151.2312675,-33.917347,australia,702
"Nottinghamshire, England, United Kingdom",-0.973172,52.979014,united kingdom,703
"Kuttanad, Alappuzha District, Kerala, India",76.4349254,9.4572566,india,704
"Wamba, Nasarawa, Nigeria",8.675277,9.081999,nigeria,705
"Portsmouth, England, United Kingdom",-1.1094659,50.800531,NA,706
"Madison County, Ohio, United States",-83.3083214,39.7610366,united states of america,707
"Racine County, Wisconsin, United States",-87.7845252,42.7481071,united states of america,708
"Regiao Metropolitana do Rio de Janeiro, Regiao Geografica Intermediaria do Rio de Janeiro, Rio de Janeiro, Regiao Sudeste, Brasil",-43.1787417,-22.8995928,brazil,709
"Luton, England, United Kingdom",-0.4381555,51.8873955,united kingdom,710
"Zululand District Municipality, KwaZulu-Natal, South Africa",31.4456179,-27.8872252,south africa,711
"Washtenaw County, Michigan, United States",-84.0203637,42.3199346,united states of america,712
"City of Bristol, West of England, England, United Kingdom",-2.615825,51.4566731,united kingdom,713
"West Coast, Tasmania, Australia",145.3379509,-41.8875165,australia,714
"Fairfax, Virginia United States",-77.2763485,38.8622744,united states of america,715
"Bindura, Mashonaland Central, Zimbabwe",31.3198491,-17.3013059,zimbabwe,716
"Custer County, Idaho, United States",-114.7420408,44.0682019,united states of america,717
"Dolores County, Colorado, United States",-108.03154,37.69264,united states of america,718
"Lancaster County, Nebraska, United States",-96.7103417,40.8119879,united states of america,719
"Bell County, Kentucky, United States",-83.7142848,36.6072567,united states of america,720
"D""N€D°D´ D'DµD 3/4D³N€D°D´, D¦DµD 1/2N,N€D°D>>D 1/2D° D!N€D+/-D¸N~D°, D!N€D+/-D¸N~D°",20.4763894,44.8117076,republic of serbia,721
"Poso, Sulawesi Tengah, Sulawesi Indonesia",120.5279,-1.8479,indonesia,722
"a€...a€...a€ºa€€a€-a€¯a€,,a€ºa€¸a€a€-a€¯a€,,a€ºa€¸, a€™a€ 1/4a€""a€ºa€™a€¬",96.3305831,24.1821187,myanmar,723
"Smith County, Middle Tennessee, Tennessee, United States",-85.936684,36.192152,united states of america,724
"Inkhundla Kwaluseni, Manzini, M202, eSwatini",31.291482,-26.516058,swaziland,725
"Haute-Corse, Corse, France metropolitaine, France",9.360534,42.7397606,france,726
"Lithgow City Council, New South Wales, Australia",150.1570173,-33.4827345,australia,727
"Nelson, New Zealand / Aotearoa",173.2499661,-41.2806843,new zealand,728
"Lingasuguru taluku, Raichur District, Karnataka, India",76.647047,16.1977046,india,729
"Haut-Rhin, Grand Est, France metropolitaine, France",7.1359929,48.2135919,france,730
"Rowan County, North Carolina, United States",-80.343718,35.5129693,united states of america,731
"Bath and North East Somerset, West of England, England, United Kingdom",-2.3112296,51.3800452,united kingdom,732
"Dane County, Wisconsin, United States",-89.4046745,43.0728277,united states of america,733
"Harrisonburg, Virginia, United States",-78.8566555,38.444259,united states of america,734
"Boone County, Missouri, United States",-92.3314112,38.9633417,united states of america,735
"Southeastern Connecticut Planning Region, Connecticut, United States",-71.9757648,41.3431697,united states of america,736
"Conakry, Guinee",-13.661126,9.564687,guinea,737
"Prefecture de Kouroussa, Kankan, Guinee",-9.696645,9.945587,guinea,738
"Kampala Capital City, Kampala, Central Region, Uganda",32.5986669,0.3157639,uganda,739
"O¨O§O+/-O§, U^U,,O§USO(C) O´U...O§U,, UfO+/-O¯UO§U†, O§U,,O³U^O¯O§U†",30.217636,12.862807,sudan,740
"Winnebago County, Iowa, United States",-93.5321587,43.4154009,united states of america,741
"Kampar, Perak, Malaysia",101.1654029,4.471721,malaysia,742
"Kuala Lumpur, Malaysia",101.6355931,3.213966,malaysia,743
"Ida-Viru maakond, Eesti",28.1790751,59.3796931,russia,744
"Chatham County, North Carolina, United States",-79.0192997,35.7595731,united states of america,745
"Lyon County, Nevada, United States",-119.1629309,38.9857508,united states of america,746
"Teller County, Colorado, United States",-105.1783149,38.7466555,united states of america,747
"Riley County, Kansas, United States",-96.5994453,39.2015915,united states of america,748
"Yamhill County, Oregon, United States",-123.1598547,45.2287382,united states of america,749
"Mahoning County, Ohio, United States",-80.5860712,41.0688087,united states of america,750
"Rocha, Uruguay",-53.5554475,-33.6796818,uruguay,751
"Kreis Recklinghausen, Nordrhein-Westfalen, Deutschland",7.1979453,51.6140649,germany,752
"Madison County, Kentucky, United States",-84.2700179,37.8393332,united states of america,753
"Pohjois-Savo, Ita-Suomen aluehallintovirasto, Manner-Suomi, Suomi / Finland",27.6781725,62.89797,finland,754
"Rogaland, Norge",5.7331074,58.9699756,NA,755
"Westmorland and Furness, England, United Kingdom",-3.094427,54.19597,united kingdom,756
"North Yorkshire, England, United Kingdom",-1.7250824,53.9989324,united kingdom,757
"Whitman County, Washington, United States",-117.1817377,46.7297771,united states of america,758
"Brighton and Hove, England, United Kingdom",-0.168749,50.827932,united kingdom,759
"East Sussex, England, United Kingdom",0.249417,50.908596,united kingdom,760
"Bay County, Michigan, United States",-83.8888647,43.5944677,united states of america,761
"Noord-Holland, Nederland",5.0392316,52.4555687,netherlands,762
"Bucuresti, Romania",26.1025384,44.4267674,romania,763
"Guadalajara, Jalisco, Mexico",-103.3494376,20.6595382,mexico,764
"D!N,D°N€D° D-D°D³D 3/4N€D°, D'NSD>>D³D°N€D¸N",25.6344644,42.4257769,bulgaria,765
"Skane lan, Sverige",13.003822,55.604981,sweden,766
"Regiao Geografica Intermediaria de Santarem, Para, Regiao Norte, Brasil",-55.491477,-8.783195,brazil,767
"Obwalden, Schweiz/Suisse/Svizzera/Svizra",8.227512,46.818188,switzerland,768
"Burlington County, New Jersey, United States",-74.853579,40.078004,united states of america,769
"West Midlands Combined Authority, England, United Kingdom",-2.081112,52.51226,united kingdom,770
"Huron County, Ontario, Canada",-81.7166,43.73815,canada,771
"I IµII¹I†IµIIµI¹I+/-IºI(R) I•I 1/2IOEI,,I·I,,I+/- IsIµI 1/2I,,II¹IºI?I I¤I?I 1/4I-I+/- I'I¸I·I 1/2IZI 1/2, I IµII¹I†I-IIµI¹I+/- I'I,,I,,I¹IºI(R)I,, I'I€I?IºIµI 1/2I,,II‰I 1/4I-I 1/2I· I""I¹I?I¯IºI·IfI· I'I,,I,,I¹IºI(R)I,, I•I>>I>>I¬I,",23.7275388,37.9838096,greece,772
"Adiake, Sud-Comoe, Comoe, Cote d'Ivoire",-3.323782,5.139806,ivory coast,773
"Muskogee County, Oklahoma, United States",-95.3849734,35.7659615,united states of america,774
"Cleveland County, Oklahoma, United States",-97.4428031,35.2183496,united states of america,775
"Navojoa, Sonora, Mexico",-109.7394031,27.3297999,mexico,776
"Newberry County, South Carolina, United States",-81.6187178,34.2745833,united states of america,777
"Amherst County, Virginia, United States",-79.1278031,37.5020857,united states of america,778
"Fayette County, West Virginia, United States",-81.075466,38.061591,united states of america,779
"Kanawha County, West Virginia, United States",-81.567064,38.245379,united states of america,780
"Rockingham County, New Hampshire, United States",-71.1470037,42.8384221,united states of america,781
"Duisburg, Nordrhein-Westfalen, Deutschland",6.7483238,51.4499282,germany,782
"Rogers County, Oklahoma, United States",-95.617479,36.317293,united states of america,783
"Munchen, Bayern, Deutschland",11.5819805,48.1351253,germany,784
"Merced County, California, United States",-120.5981221,37.355736,united states of america,785
"Johnson County, Arkansas, United States",-93.4643431,35.4559683,united states of america,786
"Gaston County, North Carolina, United States",-81.0317735,35.2491453,united states of america,787
"Ostalbkreis, Baden-Wurttemberg, Deutschland",10.101519,48.855689,germany,788
"Bucks County, Pennsylvania, United States",-75.195453,40.594267,united states of america,789
"Canatlan, Durango Mexico",-104.658782,24.559267,mexico,790
"San Salvador, Ayutuxtepeque, Departamento de San Salvador, El Salvador",-89.2181911,13.6929403,el salvador,791
"Vogtlandkreis, Sachsen, Deutschland",12.1368679,50.4976133,germany,792
"Bruce County, Ontario, Canada",-81.27427,44.29956,canada,793
"Katowice, Gornoslasko-Zaglebiowska Metropolia, wojewodztwo slaskie, Polska",19.0237425,50.2648592,poland,794
"Christian County, Kentucky, United States",-87.487501,37.120044,united states of america,795
"Sachsische Schweiz-Osterzgebirge, Sachsen, Deutschland",13.7578889,50.7639531,germany,796
"Williamson County, Texas, United States",-97.7970328,30.4727651,united states of america,797
"Santa Ana, Sonora Mexico",-111.101943,30.36191,mexico,798
"San Joaquin County, California, United States",-121.29078,37.957702,united states of america,799
"Monterrey, Nuevo Leon, Mexico",-100.316113,25.686614,mexico,800
"Broadwater County, Montana, United States",-111.441076,46.172056,united states of america,801
"Kocasinan, Kayseri, Ic Anadolu Bolgesi, Turkiye",35.24332,38.96375,turkey,802
"afaf!afzaf~afoeaf<<af~af! af>af£afoeaf~afªaf~afzafafsaf~af¢af""af¢af~, af!afaf>afªaf(R)af""-af¯afaf•afaf(R)af""af-af~, af!afaf¥afaf af-af•af""afsaf",43.2496892,41.5741004,georgia,803
"Santa Cruz County, California, United States",-122.0335605,36.9715286,united states of america,804
"El Oro, Estado de Mexico, Mexico",-100.1339164,19.8007531,mexico,805
"Monmouth County, New Jersey, United States",-74.0164363,40.1703027,united states of america,806
"Iasi, Romania",27.5195162,47.0351739,romania,807
"Guayaquil, Guayas, Ecuador",-79.912313,-2.138603,ecuador,808
"Chatham County, Georgia, United States",-81.097669,32.0562386,united states of america,809
"Hocking County, Ohio, United States",-82.4752757,39.4909358,united states of america,810
"Asientos, Aguascalientes, Mexico",-102.0890156,22.2384759,mexico,811
"Rapides Parish, Louisiana, United States",-92.4451371,31.3112936,united states of america,812
"Adams County, Mississippi, United States",-91.403171,31.5604442,united states of america,813
"Halle (Saale), Sachsen-Anhalt, Deutschland",11.9688029,51.4969802,germany,814
"Martin County, Florida, United States",-80.251938,27.194243,united states of america,815
"Ada County, Idaho, United States",-116.202314,43.615019,united states of america,816
"LaPorte County, Indiana, United States",-86.7227195,41.611143,united states of america,817
"Essen, Nordrhein-Westfalen, Deutschland",6.9777041,51.4839068,germany,818
"Main-Kinzig-Kreis, Hessen, Deutschland",8.9283105,50.1264123,germany,819
"Pest varmegye, Kozep-Magyarorszag, Magyarorszag",19.5033041,47.162494,hungary,820
"Salzlandkreis, Sachsen-Anhalt, Deutschland",11.5790389,51.8608995,germany,821
"Washington County, Virginia, United States",-81.977348,36.709834,united states of america,822
"Monterey County, California, United States",-121.6461352,36.625090899999996,united states of america,823
"Trondelag, Norge",10.3950528,63.4305149,norway,824
"McDowell County, West Virginia, United States",-81.450937,37.414837,united states of america,825
"Carbon County, Pennsylvania, United States",-75.672689,40.818148,united states of america,826
"Essex County, New York, United States",-73.459847,44.048388,united states of america,827
"Winnebago County, Wisconsin, United States",-88.462609,44.1858193,united states of america,828
"Rutland County, Vermont, United States",-73.1181624,43.4856255,united states of america,829
"Landkreis Celle, Niedersachsen, Deutschland",9.8450766,52.6367036,germany,830
"D³D 3/4N€D 3/4D´NDºD 3/4D¹ D 3/4DºN€NfD³ DsN€D°ND 1/2D 3/4D´D°N€, DsN€D°ND 1/2D 3/4D´D°N€NDºD¸D¹ DºN€D°D¹, D(R)D¶D 1/2N<D¹ N,,DµD´DµN€D°D>>NOED 1/2N<D¹ D 3/4DºN€NfD³, D D 3/4NND¸N",38.9872209,45.0392674,russia,831
"Kreis Unna, Nordrhein-Westfalen, Deutschland",7.5400214,51.5881962,germany,832
"Pitkin County, Colorado, United States",-106.806983,39.193043,united states of america,833
"Nantucket, Massachusetts, United States",-70.099451,41.2834704,united states of america,834
"Broward County, Florida, United States",-80.4331241,26.0629821,united states of america,835
"West Rand District Municipality, Gauteng, South Africa",27.67868,-26.19915,south africa,836
"El Paso County, Colorado, United States",-104.821363,38.833882,united states of america,837
"Lancashire, England, United Kingdom",-2.2036813,53.6939422,united kingdom,838
"Pedania Calera Norte, Departamento Colon, Cordoba, X5111, Argentina",-64.3401296,-31.3525586,argentina,839
"Berks County, Pennsylvania, United States",-75.926875,40.335648,united states of america,840
"Hillsdale County, Michigan, United States",-84.633687,41.9314026,united states of america,841
"Catron County, New Mexico, United States",-108.7942288,33.3967283,united states of america,842
"Pinar del Rio, Cuba",-83.6880257,22.4133651,cuba,843
"Greenbrier County, West Virginia, United States",-80.4633,37.777803,united states of america,844
"Carroll County, Georgia, United States",-84.9857239,33.6039982,united states of america,845
"Saint Clair County, Illinois, United States",-90.1506465,38.624514,united states of america,846
"Cumberland County, North Carolina, United States",-78.98359,35.1507742,united states of america,847
"Ustecky kraj, Severozapad, Cesko",14.0531455,50.6611164,czech republic,848
"Provincia Rafael Bustillo, Potosi, Bolivia",-66.5790273,-18.4223702,bolivia,849
"Fayette County, Pennsylvania, United States",-79.716433,39.900076,united states of america,850
"Pulaski County, Missouri, United States",-92.4051972,37.8600559,united states of america,851
"Pennington County, South Dakota, United States",-103.231015,44.080543,united states of america,852
"East Baton Rouge Parish, Louisiana, United States",-91.1871466,30.4514677,united states of america,853
"Tulare County, California, United States",-119.2418356,36.03494,united states of america,854
"Hopkins County, Kentucky, United States",-87.4808336,37.417267,united states of america,855
"Sangamon County, Illinois, United States",-89.6501481,39.7817213,united states of america,856
"Northumberland, North of Tyne, England, United Kingdom",-1.513952,55.185467,united kingdom,857
"York County, Pennsylvania, United States",-76.8498149,40.2035926,united states of america,858
"Calaveras County, California, United States",-120.853271,38.22714,united states of america,859
"Plzensky kraj, Jihozapad, Cesko",13.3792384,49.7365754,czech republic,860
"Oldham County, Kentucky, United States",-85.4788065,38.3560025,united states of america,861
"Seine-Saint-Denis, Ile-de-France, France metropolitaine, France",2.3624194,48.9454164,france,862
"Northwest Hills Planning Region, Connecticut, United States",-73.325988,42.0429079,united states of america,863
"Madison County, Mississippi, United States",-90.1457977,32.438352,united states of america,864
"Regional District of North Okanagan, British Columbia, Canada",-118.7840935,50.3398977,canada,865
"Adams County, Illinois, United States",-91.4098726,39.9356016,united states of america,866
"Newcastle City Council, New South Wales, Australia",151.7816802,-32.9282712,australia,867
"Ixtlan del Rio, Nayarit, Mexico",-104.3719195,21.0362709,mexico,868
"Kent, England, United Kingdom",0.3670718,51.4404179,united kingdom,869
"Hidalgo County, Texas, United States",-98.26307,26.10035,united states of america,870
"Athens County, Ohio, United States",-82.101255,39.32924,united states of america,871
"a€€a€sa€¬a€¸a€•a€ 1/4a€Sa€ºa€""a€sa€ºa€OE, a€™a€ 1/4a€""a€ºa€™a€¬",97.1601715,18.8217323,myanmar,872
"Richland County, South Carolina, United States",-81.0348144,34.0007104,united states of america,873
"City of Leicester, England, United Kingdom",-1.1361983,52.6331407,united kingdom,874
"Blair County, Pennsylvania, United States",-78.394736,40.518681,united states of america,875
"Rosario, Sonora, Mexico",-109.5680555,28.3769443,mexico,876
"Piscataquis County, Maine, United States",-69.4454689,45.253783,united states of america,877
"Gunnison County, Colorado, United States",-106.9253207,38.5458246,united states of america,878
"afafoeaf~af! af>af£afoeaf~afªaf~afzafafsaf~af¢af""af¢af~, af afaf-af-afsaf""af(C)af(R)af£af>af~ af""af af¥af•af""af>af af!af•afafoeaf""af-af~, af!afaf¥afaf af-af•af""afsaf",43.4497387,42.6311084,georgia,879
"Vrancea, Romania",27.2232089,45.8766565,romania,880
"Botosani, Romania",26.5920025,47.9953443,romania,881
"Yakutiye, Erzurum, Dogu Anadolu Bolgesi, Turkiye",41.2658236,39.9054993,turkey,882
"Peterborough County, Central Ontario, Ontario, Canada",-77.9683914,44.3815994,canada,883
"Grafton County, New Hampshire, United States",-72.0518883,43.6809381,united states of america,884
"Chesapeake, Virginia, United States",-76.2874927,36.7682088,united states of america,885
"The Barossa Council, South Australia, Australia",138.9880147,-34.5661317,australia,886
"Antonio Quijarro, Potosi, Bolivia",-66.8260649,-20.4603534,bolivia,887
"Avoyelles Parish, Louisiana, United States",-91.9623327,30.9842977,united states of america,888
"Antwerpen, Vlaanderen, Belgie / Belgique / Belgien",4.4024643,51.2194475,belgium,889
"Bangarapet taluk, Kolar District, Karnataka, India",78.2594562,12.9404737,india,890
"Maui County, Hawaii, United States",-156.3694444,20.9033333,united states of america,891
"Lincoln County, Maine, United States",-69.6281014,43.8523045,NA,892
"Saguache County, Colorado, United States",-105.948658,38.248601,united states of america,893
"Howard County, Maryland, United States",-76.7729949,39.1845016,united states of america,894
"Sekondi Takoradi Metropolitan District, Western Region, WS-189-9360, Ghana",-1.783097,4.901579,ghana,895
"e>>,,aeµ¦aOEº, a¸Saeµ·a¸,, a¸-a> 1/2",121.473701,31.230416,china,896
"Lee County, Alabama, United States",-85.4807825,32.6098566,united states of america,897
"Story County, Iowa, United States",-93.3152072,42.0177653,united states of america,898
"Derby, England, United Kingdom",-1.4746186,52.9225301,united kingdom,899
"Garfield County, Nebraska United States",-98.9913306,42.0550567,united states of america,900
"Comox Valley Regional District, British Columbia, Canada",-124.9904494,49.6841391,canada,901
"Bronx County, The Bronx, City of New York, New York, United States",-73.9036487,40.840047,united states of america,902
"Outagamie County, Wisconsin, United States",-88.1971966,44.4913114,united states of america,903
"Franklin County, Massachusetts, United States",-72.7139811,42.6564731,united states of america,904
"Cercle de Bni Ouaryaghel O¯O§O¦O+/-O(C) O¨U†US U^O+/-USO§OºU,,, Province d'Al Hoceima O¥U,U,,USU... O§U,,O-O³USU...O(C), Tanger-Tetouan-Al Hoceima aµYa´°aµaµS-aµYaµ‰aµoea´°aµ!aµ‰aµ-aµaµfaµ""aµ™aµ‰aµZa´° O·U†O¬O(C) OªO·U^O§U† O§U,,O-O³USU...O(C), Maroc aµaµZaµ-aµ""aµ‰a´+/- O§U,,U...OºO+/-O¨",-3.9999839,34.9999912,morocco,905
"Dortmund, Nordrhein-Westfalen, Deutschland",7.4114713,51.4902974,germany,906
"Bezirk Bludenz, Vorarlberg, Osterreich",9.93624,47.2897,austria,907
"Newport News, Virginia, United States",-76.4730122,37.0870821,united states of america,908
"Magdalena, Region Valles, Jalisco, Mexico",-104.049616,20.972016,mexico,909
"Buckingham County, Virginia, United States",-78.6568942,37.4315734,united states of america,910
"Florence County, South Carolina, United States",-79.6519849,34.1904251,united states of america,911
"Buckinghamshire, England, United Kingdom",-0.987645,51.999326,united kingdom,912
"Johnson County, Indiana, United States",-86.1066526,39.6136578,united states of america,913
"Auckland, New Zealand / Aotearoa",174.763332,-36.84846,new zealand,914
"Fayette County, Texas, United States",-96.6727528,29.9057817,united states of america,915
"Comanche County, Texas, United States",-98.5378998,32.1072883,united states of america,916
"Warrington, England, United Kingdom",-2.6029119,53.3953903,united kingdom,917
"Clark County, Indiana, United States",-85.6678591,38.4488059,united states of america,918
"Zwickau, Sachsen, Deutschland",12.4733725,50.7102169,germany,919
"Hamburg, Deutschland",9.9936819,53.5510846,germany,920
"Rockland County, New York, United States",-74.0014355,41.0979314,united states of america,921
"Bezirk Liezen, Steiermark, Osterreich",14.550072,47.516231,austria,922
"Crawford County, Iowa, United States",-95.233605,41.8896933,united states of america,923
"Brasov, Romania",24.96676,45.943161,romania,924
"Kingston upon Hull, England, United Kingdom",-0.3338587,53.7428379,united kingdom,925
"Saginaw County, Michigan, United States",-84.12276,43.52503,united states of america,926
"McHenry County, Illinois, United States",-88.6137101,42.422241,united states of america,927
"Tuscaloosa County, Alabama, United States",-87.5391418,33.2140233,united states of america,928
"Escambia County, Florida, United States",-87.3380942,30.4023692,united states of america,929
"Namakwa District Municipality, Northern Cape, South Africa",19.3783206,-29.9786556,south africa,930
"Hampshire County, Massachusetts, United States",-72.4008884,42.2770346,united states of america,931
"Allen County, Kansas, United States",-95.3515905,37.9225115,united states of america,932
"Ontario, Canada",-81.2811921,42.9685415,canada,933
"Hamilton County, East Tennessee, Tennessee, United States",-85.3096801,35.0456297,united states of america,934
"Lawrence County, Pennsylvania, United States",-80.347009,41.0036719,united states of america,935
"Sussex County, New Jersey, United States",-74.5858247,41.0905331,united states of america,936
"ae´¥a-aOEº, a¤(C)ae´¥a¸, a¸-a> 1/2",117.316845,38.945227,china,937
"Linn County, Iowa, United States",-91.638113,41.997207,united states of america,938
"Unorganized Borough, Alaska, United States",-132.817995,55.779431,united states of america,939
"Deer Lodge County, Montana, United States",-112.9138452,46.1100699,united states of america,940
"Sacramento County, California, United States",-121.4943996,38.5815719,united states of america,941
"Okeechobee County, Florida, United States",-80.8342165,27.2519855,united states of america,942
"Hunterdon County, New Jersey, United States",-74.8357215,40.7195448,united states of america,943
"Lake County, Indiana, United States",-87.4944873,41.6797578,united states of america,944
"Kennebec County, Maine, United States",-69.7753222,44.2300698,united states of america,945
"Ontario County, New York, United States",-76.985557,42.8679836,united states of america,946
"Beaufort County, South Carolina, United States",-80.6698286,32.4315813,NA,947
"Beadle County, South Dakota, United States",-98.2142572,44.3633173,united states of america,948
"Floyd County, Indiana, United States",-85.8056851,38.3122637,united states of america,949
"Lima Metropolitana, Lima, Peru",-77.12598,-12.05085,peru,950
"Bay County, Florida, United States",-85.6602058,30.1588129,united states of america,951
"Windham County, Vermont, United States",-72.443977,43.133411,united states of america,952
"Hamilton County, New York, United States",-74.2179326,43.2994285,united states of america,953
"Lampazos de Naranjo, Nuevo Leon Mexico",-100.5080126,27.0244594,mexico,954
"Municipality of the County of Cumberland, Cumberland County, Nova Scotia, Canada",-64.44341,45.691929,canada,955
"Wien, Osterreich",16.373819,48.208174,austria,956
"Montgomery County, Texas, United States",-95.54876,30.301571,united states of america,957
"Hoke County, North Carolina, United States",-79.207352,34.979094,united states of america,958
"Emery County, Utah, United States",-111.0937311,39.3209801,united states of america,959
"Montgomery County, Maryland, United States",-77.1110301,38.9910375,united states of america,960
"Louisa County, Virginia, United States",-77.8226602,37.9851,united states of america,961
"San Carlos, Tamaulipas, Mexico",-98.8362755,24.26694,mexico,962
"Norfolk, England, United Kingdom",0.493615,52.787393,united kingdom,963
"Potter County, Texas, United States",-101.9060418,35.2041605,united states of america,964
"O§U,,O¨O-O+/- O§U,,O£O-U...O+/-, O§U,,O³U^O¯O§U†",37.1901616,19.5903471,sudan,965
"I>IµI...IºI‰IfI¯I+/-, IsII€II?I,, IsII€II?I, - Kibris",33.429859,35.126413,cyprus no mans area,966
"Bridgend, Cymru / Wales, United Kingdom",-3.6595001,51.6020078,united kingdom,967
"Mercer County, Pennsylvania, United States",-80.472014,41.259223,united states of america,968
"Kyffhauserkreis, Thuringen, Deutschland",10.858056,51.338889,germany,969
"DoeD¸DºD 3/4D>>D°N-D²NNOEDºD¸D¹ N€D°D¹D 3/4D 1/2, DoeD¸DºD 3/4D>>D°N-D²NNOEDºD° D 3/4D+/-D>>D°NN,NOE, D£DºN€D°N-D 1/2D°",31.9945829,46.975033,ukraine,970
"Santa Cruz County, Arizona, United States",-110.983285,31.456002,united states of america,971
"Arecibo, Puerto Rico, United States",-66.599784,18.4630447,puerto rico,972
"Platte County, Wyoming, United States",-105.0222829,42.5047216,united states of america,973
"Calcasieu Parish, Louisiana, United States",-93.2291185,30.1961177,united states of america,974
"Garfield County, Oklahoma, United States",-97.5856053,36.4369786,united states of america,975
"Shawnee County, Kansas, United States",-95.6981101,39.0536726,united states of america,976
"Jefferson County, East Tennessee, Tennessee, United States",-83.552675,36.103977,united states of america,977
"Fairfax County, Virginia, United States",-77.2394376,38.7788631,united states of america,978
"Campbell County, Virginia, United States",-79.2410377,37.3366002,united states of america,979
"Idaho County, Idaho, United States",-116.1223654,45.926552,united states of america,980
"Nez Perce County, Idaho, United States",-117.001189,46.4004089,united states of america,981
"Badung, Bali, Nusa Tenggara, Indonesia",115.2096652,-8.4812187,indonesia,982
"Canton Paraiso, Provincia Cartago, Costa Rica",-83.753428,9.748917,costa rica,983
"Tyne and Wear, North East, England, NE9 7YE, United Kingdom",-1.380548,54.90652,united kingdom,984
"Mazatlan, Sinaloa, Mexico",-106.4111425,23.2494148,mexico,985
"Messina, Sicilia, Italia",14.8337879,38.0103998,italy,986
"Orange County, North Carolina, United States",-79.055845,35.9132,united states of america,987
"Vukovarsko-srijemska zupanija, Hrvatska",18.8056781,45.2879058,croatia,988
"Lane County, Oregon, United States",-123.1185704,44.0324696,united states of america,989
"Chemung County, New York, United States",-76.8128752,42.0887836,united states of america,990
"Haora, Howrah District, West Bengal, India",88.328198,22.5782299,india,991
"Midnapore, Paschim Medinipur District, West Bengal, India",87.3198819,22.4256613,india,992
"Sierra County, New Mexico, United States",-107.6778146,33.338681,united states of america,993
"Thompson-Nicola Regional District, British Columbia, Canada",-120.327268,50.674522,canada,994
"Coles County, Illinois, United States",-88.3728255,39.4830897,united states of america,995
"Androscoggin County, Maine, United States",-70.2147764,44.100351,united states of america,996
"Washington County, Maryland, United States",-77.723223,39.635043,united states of america,997
"Landau in der Pfalz, Rheinland-Pfalz, Deutschland",8.1185622,49.198886,germany,998
"powiat lwowecki, wojewodztwo dolnoslaskie, Polska",15.5637678,51.0388819,poland,999
"Bezirk Neunkirchen, Niederosterreich, Osterreich",15.8055701,47.7670849,austria,1000
"Bezirk Lilienfeld, Niederosterreich, Osterreich",15.3760583,47.8717277,austria,1001
"Augsburg, Bayern, Deutschland",10.8955212,48.3685609,germany,1002
"Mobile County, Alabama, United States",-88.0895859,30.6774864,united states of america,1003
"Kuldigas novads, Kurzeme, Latvija",21.9615079,56.9688139,latvia,1004
"Ingolstadt, Bayern, Deutschland",11.4257541,48.7665351,germany,1005
"Chemnitz, Sachsen, Deutschland",12.9213697,50.827845,germany,1006
"Region of Queens Municipality, Queens County, Nova Scotia, Canada",-64.957055,44.396557,canada,1007
"Erongo Region, Namibia",16.1286901,-22.3531369,namibia,1008
"Muskingum County, Ohio, United States",-82.1193076,40.1172905,united states of america,1009
"Magdalena, Sonora, Mexico",-110.971406,30.624851,mexico,1010
"Landkreis Altenkirchen (Westerwald), Rheinland-Pfalz, Deutschland",7.8649566,50.79033,germany,1011
"Kreis Steinfurt, Nordrhein-Westfalen, Deutschland",7.7189946,52.2767721,germany,1012
"Verbano-Cusio-Ossola, Piemonte, Italia",8.5055814,45.9089803,italy,1013
"Dickinson County, Michigan, United States",-87.815125,45.777182,united states of america,1014
"Shasta County, California, United States",-121.847449,40.790886,united states of america,1015
"Peoria County, Illinois, United States",-89.5962692,40.7043241,united states of america,1016
"Warren County, New York, United States",-73.6440058,43.3095164,united states of america,1017
"Middle, Isle of Man",-4.483361,54.14879,isle of man,1018
"Dubuque County, Iowa, United States",-90.6693925,42.4997898,united states of america,1019
"Virginia Beach, Virginia, United States",-76.1793179,36.9013608,united states of america,1020
"Woodbury County, Iowa, United States",-96.4049408,42.4963416,united states of america,1021
"Paulding County, Ohio, United States",-84.58255,41.0877849,united states of america,1022
"Sweetwater County, Wyoming, United States",-109.2029043,41.5874644,united states of america,1023
"Huajicori, Nayarit, Mexico",-105.371111,22.75,mexico,1024
"Somerset County, New Jersey, United States",-74.648935,40.500491,united states of america,1025
"Queanbeyan-Palerang Regional Council, New South Wales, Australia",149.472889,-35.599127,australia,1026
"Weber County, Utah, United States",-111.9738304,41.223,united states of america,1027
"Gadsden County, Florida, United States",-84.577253,30.589461,united states of america,1028
"York County, Virginia, United States",-76.5096731,37.2387556,united states of america,1029
"Jamesie, Nord-du-Quebec, Quebec, Canada",-73.5491361,52.9399159,canada,1030
"Brussel-Hoofdstad - Bruxelles-Capitale, Region de Bruxelles-Capitale - Brussels Hoofdstedelijk Gewest, Belgie / Belgique / Belgien",4.351721,50.850346,belgium,1031
"Stark County, Ohio, United States",-81.5215093,40.7967244,united states of america,1032
"Shimla (urban), Shimla District, Himachal Pradesh, India",77.1734033,31.1048145,india,1033
"Lipis, Pahang, Malaysia",101.7855496,4.2587668,malaysia,1034
"Bonn, Nordrhein-Westfalen, Deutschland",7.0982068,50.73743,germany,1035
"Bezirk Zurich, Zurich, Schweiz/Suisse/Svizzera/Svizra",8.5370564,47.3759525,switzerland,1036
"Mons, Hainaut, Wallonie, Belgie / Belgique / Belgien",3.956659,50.454241,belgium,1037
"Muskegon County, Michigan, United States",-86.2453284,43.2348773,united states of america,1038
"Nurnberg, Bayern, Deutschland",11.0766654,49.4521018,germany,1039
"Saale-Orla-Kreis, Thuringen, Deutschland",11.8090005,50.5761665,germany,1040
"White County, Georgia, United States",-83.7284389,34.7008806,united states of america,1041
"Landkreis Schwandorf, Bayern, Deutschland",12.5192269,49.4165722,germany,1042
"Rhein-Lahn-Kreis, Rheinland-Pfalz, Deutschland",7.6436862,50.2772844,germany,1043
"powiat oswiecimski, wojewodztwo malopolskie, Polska",19.2019829,50.0274106,poland,1044
"Waukesha County, Wisconsin, United States",-88.075415,43.036746,united states of america,1045
"Palm Beach County, Florida, United States",-80.122543,26.371293,united states of america,1046
"Nordsachsen, Sachsen, Deutschland",13.1059825,51.3006128,germany,1047
"Putnam County, New York, United States",-73.9404737,41.3804881,united states of america,1048
"Michael, Isle of Man",-4.548056,54.236107,isle of man,1049
"Morbihan, Bretagne, France metropolitaine, France",-2.991614,48.043505,france,1050
"Alexandrina Council, South Australia, Australia",138.7783094,-35.4980286,australia,1051
"Kolar Gold Field taluk, Kolar District, Karnataka, India",78.2671922,12.952626,india,1052
"Moniteau County, Missouri, United States",-92.5714445,38.6280312,united states of america,1053
"Clarendon, Middlesex County, Jamaica",-77.297508,18.109581,jamaica,1054
"Kinta, Perak, Malaysia",101.090109,4.5921126,malaysia,1055
"San Mateo County, California, United States",-122.3895369,37.5782715,united states of america,1056
"Edmunds County, South Dakota, United States",-99.0292784,45.4444193,united states of america,1057
"Marin County, California, United States",-122.4852507,37.8590937,united states of america,1058
"Bezirk Bruck-Murzzuschlag, Steiermark, Osterreich",15.49391,47.58048,austria,1059
"Cullman County, Alabama, United States",-86.8475031,34.1509391,united states of america,1060
"Distrito Colon, Colon, Panama",-79.9081054,9.1921159,panama,1061
"Amritsar I Tahsil, Amritsar District, Punjab, India",74.8722642,31.6339793,india,1062
"Erongaricuaro, Michoacan Mexico",-101.7068294,19.5665192,mexico,1063
"DsD¸N-D², D£DºN€D°N-D 1/2D°",30.5234,50.4501,ukraine,1064
"Cumberland County, New Jersey, United States",-75.0401528,39.4474519,united states of america,1065
"Landkreis Emmendingen, Baden-Wurttemberg, Deutschland",7.7696909,48.2207134,germany,1066
"Ngaka Modiri Molema District Municipality, North West, South Africa",25.1237,-26.29212,south africa,1067
"Landkreis Peine, Niedersachsen, Deutschland",10.243267,52.3204095,germany,1068
"D¥D°N€DºN-D²NNOEDºD¸D¹ N€D°D¹D 3/4D 1/2, D¥D°N€DºN-D²NNOEDºD° D 3/4D+/-D>>D°NN,NOE, D£DºN€D°N-D 1/2D°",36.230383,49.9935,ukraine,1069
"Uckermark, Brandenburg, Deutschland",13.8633409,53.3173433,germany,1070
"Henderson County, North Carolina, United States",-82.4472212,35.3379036,united states of america,1071
"Sheridan County, Wyoming, United States",-106.9548269,44.798394,united states of america,1072
"Municipio de Anahuac, Nuevo Leon Mexico",-100.1425973,27.2314181,mexico,1073
"Blackford County, Indiana, United States",-85.369972,40.451154,united states of america,1074
"DYD 3/4D>>N,D°D²NNOEDºD¸D¹ N€D°D¹D 3/4D 1/2, DYD 3/4D>>N,D°D²NNOEDºD° D 3/4D+/-D>>D°NN,NOE, D£DºN€D°N-D 1/2D°",34.7645338,50.0688235,ukraine,1075
"Lejweleputswa District Municipality, Free State, South Africa",26.14776,-28.27505,south africa,1076
"Orne, Normandie, France metropolitaine, France",0.1712529,48.8798704,france,1077
"Nome, Alaska, United States",-166.8458,65.26222,NA,1078
"Golkonda mandal, Hyderabad District, Telangana India",78.4010528,17.383309,india,1079
"City of Charles Sturt, South Australia, Australia",138.5490206,-34.8926141,australia,1080
"Henderson County, Illinois, United States",-90.9128155,40.7485396,united states of america,1081
"San Miguel County, Colorado, United States",-107.811775,37.9357056,united states of america,1082
"Dallas County, Alabama, United States",-86.902298,32.3182314,united states of america,1083
"Grant County, Indiana, United States",-85.659144,40.558374,united states of america,1084
"O§U,,O´USO(R) O§O¯O+/-USO³, U...O¹OªU...O¯USO(C) O¨U†O²O+/-Oª O§U,,O´U...O§U,,USO(C), U^U,,O§USO(C) O¨U†O²O+/-Oª, OªU^U†O³",9.8641609,37.2767579,NA,1085
"Williamson County, Illinois, United States",-88.9331256,37.7306054,united states of america,1086
"Weakley County, West Tennessee, Tennessee, United States",-88.6125545,36.2136731,united states of america,1087
"Harvey County, Kansas, United States",-97.33426,37.99737,united states of america,1088
"McKean County, Pennsylvania, United States",-78.649163,41.9564953,united states of america,1089
"Blackburn with Darwen, England, United Kingdom",-2.487529,53.748575,united kingdom,1090
"Saltillo, Coahuila, Mexico",-100.973678,25.438323,mexico,1091
"Distrito de Las Artes, Argentina",-58.3669835,-34.6353393,argentina,1092
"Partido de General San Martin, Buenos Aires, Argentina",-58.5324634,-34.5824363,argentina,1093
"D!D 3/4N,,D¸D¹NDºD°, D'NSD>>D³D°N€D¸N",24.1390477,42.7147833,bulgaria,1094
"Marion County, Florida, United States",-82.056142500000007,29.2180314,united states of america,1095
"West Baton Rouge Parish, Louisiana, United States",-91.204291,30.5017689,united states of america,1096
"Kreis Wesel, Nordrhein-Westfalen, Deutschland",6.6673141,51.4516539,germany,1097
"Milano, Lombardia, Italia",9.232582,45.46678,italy,1098
"powiat sredzki, wojewodztwo wielkopolskie, Polska",17.4436135,52.0955248,poland,1099
"c¥za¥^a·coeOE, ae-¥aeoe¬",139.637964,35.443674,japan,1100
"Rio Grande County, Colorado, United States",-106.3533683,37.678891900000004,united states of america,1101
"Saint Lawrence County, New York, United States",-74.930206,44.4473142,united states of america,1102
"Landkreis Harz, Sachsen-Anhalt, Deutschland",11.1433484,51.6408843,germany,1103
"Ocotlan de Morelos, Oaxaca Mexico",-96.6691579,16.786676,mexico,1104
"Payne County, Oklahoma, United States",-97.058831,36.1212915,united states of america,1105
"Keweenaw County, Michigan, United States",-87.8903203,47.4683113,united states of america,1106
"Chilpancingo de los Bravo, Guerrero, Mexico",-99.5450974,17.4391926,mexico,1107
"Chase County, Kansas, United States",-96.5447924,38.3674794,united states of america,1108
"Thurston County, Washington, United States",-122.9006951,47.0378741,united states of america,1109
"Stockton-on-Tees, Tees Valley, England, United Kingdom",-1.3139008,54.5585363,united kingdom,1110
"Gbeke, Vallee du Bandama, Cote d'Ivoire",-5.54708,7.539989,ivory coast,1111
"Greater Hume Shire Council, New South Wales, Australia",147.4774045,-35.8597068,australia,1112
"Santa Lucia, Francisco Morazan, Honduras",-87.109861,14.114824,honduras,1113
"Beaver County, Pennsylvania, United States",-80.446455,40.632566,united states of america,1114
"Vasterbottens lan, Sverige",20.80685,64.21414,sweden,1115
"Venango County, Pennsylvania, United States",-79.8314437,41.3978358,united states of america,1116
"Kalmar lan, Sverige",16.5496304,57.4632217,sweden,1117
"Delaware County, New York, United States",-74.5984191,42.2626609,united states of america,1118
"D>DµD 1/2D¸D 1/2NDºD¸D¹ N€D°D¹D 3/4D 1/2, D!DµD²D°NN,D 3/4D?D 3/4D>>NOE, D£DºN€D°N-D 1/2D°",33.5253671,44.61665,NA,1119
"Liepaja, Kurzeme, Latvija",21.010806,56.5046678,latvia,1120
"San Pedro Sula, Cortes, Honduras",-88.0138619,15.5038827,honduras,1121
"Cercle de Goundam, Taoudenit, Mali",-3.996166,17.570692,mali,1122
"Landkreis Wittmund, Niedersachsen, Deutschland",7.8320346,53.45442,germany,1123
"Erie County, Pennsylvania, United States",-80.0589156,42.1314739,united states of america,1124
"Saarpfalz-Kreis, Saarland, Deutschland",7.1178342,49.2887445,germany,1125
"Wise County, Texas, United States",-97.7566078,33.2070591,united states of america,1126
"San Juan County, Colorado United States",-107.570046,37.932293,united states of america,1127
"San Buenaventura, Coahuila Mexico",-101.6666671,27.4166669,mexico,1128
"Larimer County, Colorado, United States",-105.0808445,40.3053474,united states of america,1129
"Martin County, North Carolina, United States",-77.0555114,35.8546039,united states of america,1130
"Braunschweig, Niedersachsen, Deutschland",10.4666601,52.2108801,germany,1131
"Colfax County, New Mexico, United States",-104.5583228,36.4741996,united states of america,1132
"Agglomeration de Longueuil, Monteregie, Quebec, Canada",-73.4200973,45.52248,canada,1133
"D""NfD+/-DºD¸D 1/2NDºD¸D¹ D³D 3/4N€D 3/4D´NDºD 3/4D¹ D 3/4DºN€NfD³, D'DµD>>D³D 3/4N€D 3/4D´NDºD°N D 3/4D+/-D>>D°NN,NOE, D¦DµD 1/2N,N€D°D>>NOED 1/2N<D¹ N,,DµD´DµN€D°D>>NOED 1/2N<D¹ D 3/4DºN€NfD³, D D 3/4NND¸N",37.502291,51.279561,russia,1134
"Porto, Portugal",-8.6291053,41.1579438,portugal,1135
"Bedford County, Virginia, United States",-79.535929,37.330489,united states of america,1136
"Cananea, Sonora Mexico",-110.289179,30.9897648,mexico,1137
"D³D 3/4N€D 3/4D´NDºD 3/4D¹ D 3/4DºN€NfD³ DzN€DµD 1/2D+/-NfN€D³, DzN€DµD 1/2D+/-NfN€D³NDºD°N D 3/4D+/-D>>D°NN,NOE, DYN€D¸D²D 3/4D>>D¶NDºD¸D¹ N,,DµD´DµN€D°D>>NOED 1/2N<D¹ D 3/4DºN€NfD³, D D 3/4NND¸N",55.0969797,51.768156,russia,1138
"Bezirk Frauenfeld, Thurgau, Schweiz/Suisse/Svizzera/Svizra",8.987215,47.55083,switzerland,1139
"Potsdam, Brandenburg, Deutschland",13.02146,52.38259,germany,1140
"Gorlitz - Zhorjelc, Sachsen, Deutschland",14.8029971,50.8999681,germany,1141
"Bhavnagar Taluka, Bhavnagar District, Gujarat, India",72.1519304,21.7644725,india,1142
"a¸^a¸+/-a¸‡a¸<<a¸§a¸+/-a¸""a¹€a¸za¸Sa¸£a¸sa¸¹a¸£a¸""a¹OE, a¸>a¸£a¸°a¹€a¸-a¸¨a¹,,a¸-a¸¢",100.992541,15.870032,thailand,1143
"a¹€a¸,a¸•a¸za¸£a¸°a¸™a¸,,a¸£, a¸a¸£a¸¸a¸‡a¹€a¸-a¸za¸!a¸<<a¸²a¸™a¸,,a¸£ a¸>a¸£a¸°a¹€a¸-a¸¨a¹,,a¸-a¸¢",100.5017651,13.7563309,thailand,1144
"powiat konecki, wojewodztwo swietokrzyskie, Polska",20.4068498,51.1914693,poland,1145
"Kittitas County, Washington, United States",-120.9931393,47.2234523,united states of america,1146
"Presidente Hayes, Region Occidental, Paraguay / Paraguai",-58.443832,-23.442503,paraguay,1147
"D'N-N†DµD+/-NDº, D'N-N†DµD+/-NDºD°N D²D 3/4D+/-D>>D°NN†NOE, D'DµD>>D°N€NfNNOE",30.206359,55.1926809,belarus,1148
"Timaru District, Canterbury, New Zealand / Aotearoa",171.1637245,-43.7542275,new zealand,1149
"Caddo Parish, Louisiana, United States",-93.7505286,32.4930477,united states of america,1150
"Pinellas County, Florida, United States",-82.6402915,27.7676008,united states of america,1151
"Cumberland County, Pennsylvania, United States",-77.2002745,40.2010241,united states of america,1152
"Landkreis Forchheim, Bayern, Deutschland",11.0698834,49.7213064,germany,1153
"powiat ostrzeszowski, wojewodztwo wielkopolskie, Polska",17.9737831,51.5320956,poland,1154
"Besiktas, Istanbul, Marmara Bolgesi, Turkiye",29.0348448,41.0670336,turkey,1155
"Broome County, New York, United States",-75.9179738,42.0986867,united states of america,1156
"Albany County, Wyoming, United States",-105.5828389,41.3143117,united states of america,1157
"Yauli, Junin, Peru",-76.1404714,-11.598508,peru,1158
"Landkreis Rosenheim, Bayern, Deutschland",12.0093171,47.8640182,germany,1159
"Zuid-Holland, Nederland",4.4777326,51.9244201,netherlands,1160
"Region Midtjylland, Danmark",9.501785,56.26392,denmark,1161
"Stuttgart, Baden-Wurttemberg, Deutschland",9.1829321,48.7758459,germany,1162
"Rems-Murr-Kreis, Baden-Wurttemberg, Deutschland",9.5845172,49.0013609,germany,1163
"Grant County, Wisconsin, United States",-90.4784621,42.73416,united states of america,1164
"Tartu maakond, Eesti",26.7290383,58.377983,estonia,1165
"Giurgiu, Romania",25.9699265,43.9037076,romania,1166
"Nograd varmegye, Eszak-Magyarorszag, Alfold es Eszak, Magyarorszag",19.7999813,48.0935237,hungary,1167
"Raleigh County, West Virginia, United States",-81.152322,37.815948,united states of america,1168
"Forrest County, Mississippi, United States",-89.2903392,31.3271189,united states of america,1169
"Tychy, Gornoslasko-Zaglebiowska Metropolia, wojewodztwo slaskie, Polska",19.0180249,50.0895655,poland,1170
"Saratoga County, New York, United States",-73.817344,43.24535,united states of america,1171
"Banjarmasin, Kalimantan Selatan, Kalimantan, Indonesia",114.6079442,-3.3008573,indonesia,1172
"Atlantic County, New Jersey, United States",-74.4158371,39.3631634,united states of america,1173
"Adams County, Colorado, United States",-104.9752782,39.8094442,united states of america,1174
"Taylor County, Texas, United States",-99.7645751,32.4327127,united states of america,1175
"Trece Martires, Cavite, Calabarzon Philippines",120.8785658,14.2456329,philippines,1176
"East Riding of Yorkshire, England, United Kingdom",-0.435093,53.841963,united kingdom,1177
"Lawrence County, Ohio, United States",-82.682941,38.536747,united states of america,1178
"DoeDµD>>N-N,D 3/4D?D 3/4D>>NOENNOEDºD¸D¹ N€D°D¹D 3/4D 1/2, D-D°D?D 3/4N€N-D·NOEDºD° D 3/4D+/-D>>D°NN,NOE, D£DºN€D°N-D 1/2D°",35.101218,46.7452843,ukraine,1179
"Osnabruck, Niedersachsen, Deutschland",8.0471788,52.2799112,germany,1180
"Grey District, West Coast, New Zealand / Aotearoa",171.210762,-42.450393,NA,1181
"Wellington City, Wellington, New Zealand / Aotearoa",174.776236,-41.28646,new zealand,1182
"Lafourche Parish, Louisiana, United States",-90.8056675,29.7806868,united states of america,1183
"Moray, Alba / Scotland, United Kingdom",-3.6075877,57.659165,NA,1184
"Eureka County, Nevada, United States",-115.9898555,39.5537074,united states of america,1185
"Juab County, Utah, United States",-112.1202235,39.9541166,united states of america,1186
"Municipio Maracaibo, Zulia, Venezuela",-71.6125366,10.642707,venezuela,1187
"Blaine County, Idaho, United States",-114.3695643,43.6830746,united states of america,1188
"Albemarle County, Virginia, United States",-78.505559,38.0349585,united states of america,1189
"Marion County, Illinois, United States",-89.1232223,38.527481,united states of america,1190
"Woodford County, Kentucky, United States",-84.727673,38.0567009,united states of america,1191
"Ventura County, California, United States",-119.0598442,34.3541368,united states of america,1192
"San Martin de Loba, Loba, Bolivar, RAP Caribe, Colombia",-74.03787,8.940875,colombia,1193
"Petersburg, Virginia, United States",-77.4019267,37.2279279,united states of america,1194
"City of Darwin, Northern Territory, Australia",130.8456418,-12.4634403,NA,1195
"York County, Maine, United States",-70.4428286,43.5009176,united states of america,1196
"Region of Waterloo, Ontario, Canada",-80.306371,43.365864,canada,1197
"Tioga County, Pennsylvania, United States",-77.077468,41.807296,united states of america,1198
"Kingston, Eastern Ontario, Ontario, Canada",-76.4859544,44.2311717,canada,1199
"Niagara Region, Golden Horseshoe, Ontario, Canada",-79.2482555,42.9921579,canada,1200
"Brisbane City, Queensland, Australia",153.0251,-27.46977,australia,1201
"Allen County, Indiana, United States",-85.1393513,41.079273,united states of america,1202
"Clarion County, Pennsylvania, United States",-79.470389,41.19821,united states of america,1203
"District de la Riviera-Pays-d'Enhaut, Vaud, Schweiz/Suisse/Svizzera/Svizra",6.8944518,46.4671496,switzerland,1204
"Chris Hani District Municipality, Eastern Cape, South Africa",26.354462,-31.396176,south africa,1205
"Landkreis Weimarer Land, Thuringen, Deutschland",11.5155494,51.0260095,germany,1206
"Yangon, a€>a€""a€ºa€€a€¯a€""a€ºa€a€-a€¯a€,,a€ºa€¸a€'a€+/-a€za€€a€ 1/4a€(R)a€¸, a€™a€ 1/4a€""a€ºa€™a€¬",96.195132,16.866069,myanmar,1207
"Villaldama, Nuevo Leon, Mexico",-100.431227,26.499017,mexico,1208
"Muscogee County, Georgia, United States",-84.941446,32.5023087,united states of america,1209
"Zollernalbkreis, Baden-Wurttemberg, Deutschland",9.1178173,48.1787626,germany,1210
"Region Syddanmark, Danmark",8.864417,54.939615,denmark,1211
"Meissen, Sachsen, Deutschland",13.531304,51.2912275,germany,1212
"Landkreis Saalfeld-Rudolstadt, Thuringen, Deutschland",11.3661502,50.6492736,germany,1213
"Granite County, Montana, United States",-113.2944165,46.332506,united states of america,1214
"D³D 3/4N€D 3/4D´NDºD 3/4D¹ D 3/4DºN€NfD³ D¢D°D³D°D 1/2N€D 3/4D³, D D 3/4NN,D 3/4D²NDºD°N D 3/4D+/-D>>D°NN,NOE, D(R)D¶D 1/2N<D¹ N,,DµD´DµN€D°D>>NOED 1/2N<D¹ D 3/4DºN€NfD³, D D 3/4NND¸N",38.8676013,47.2416334,russia,1215
"Belmont County, Ohio, United States",-80.724526,40.0959055,united states of america,1216
"Troms og Finnmark, Norge",17.0094035,68.8692584,NA,1217
"Varsinais-Suomi, Lounais-Suomen aluehallintovirasto, Manner-Suomi, Suomi / Finland",22.2666302,60.4518126,finland,1218
"Uralla Shire Council, New South Wales, Australia",151.491563,-30.641482,australia,1219
"a€>a€ 3/4a€™a€ºa€¸a€•a€ 1/4a€Sa€ºa€""a€sa€ºa€™a€ 1/4a€+/-a€¬a€€a€ºa€•a€-a€¯a€,,a€ºa€¸, a€>a€ 3/4a€™a€ºa€¸a€•a€ 1/4a€Sa€ºa€""a€sa€º, a€™a€ 1/4a€""a€ºa€™a€¬",97.3975845,23.0929613,myanmar,1220
"LaGrange County, Indiana, United States",-85.4166467,41.641717,united states of america,1221
"Pulaski County, Arkansas, United States",-92.3268422,34.7592541,united states of america,1222
"Muscatine County, Iowa, United States",-91.0393622,41.4247232,united states of america,1223
"Bedford, England, United Kingdom",-0.466778,52.138639,united kingdom,1224
"New Hanover County, North Carolina, United States",-77.8868117,34.2103894,united states of america,1225
"Vestland, Norge",5.184072,59.7033,norway,1226
"Piura, Peru",-80.6548882,-5.1782884,peru,1227
"Magdeburg, Sachsen-Anhalt, Deutschland",11.6276237,52.1205333,germany,1228
"County Kerry, Munster, Eire / Ireland",-9.5044265,52.0599353,ireland,1229
"Newport, Gwent, Cymru / Wales, United Kingdom",-3.03062,51.61016,united kingdom,1230
"Ahumada, Chihuahua Mexico",-105.821899,30.5736624,mexico,1231
"Braila, Romania",27.9594714,45.2652463,romania,1232
"Port Pirie Regional Council, South Australia, Australia",138.0088567,-33.1708294,australia,1233
"powiat myszkowski, wojewodztwo slaskie, Polska",19.3219768,50.5716595,poland,1234
"Kreis Segeberg, Schleswig-Holstein, Deutschland",9.9587308,53.8629339,germany,1235
"Verviers, Liege, Wallonie, Belgie / Belgique / Belgien",5.8539546,50.6099208,belgium,1236
"Warrick County, Indiana, United States",-87.4483482,38.1597668,united states of america,1237
"Landkreis Neuwied, Rheinland-Pfalz, Deutschland",7.4712858,50.4435392,germany,1238
"D¨NfD 1/4D°D´D¸N~NDºD¸ NfD?N€D°D²D 1/2D¸ D 3/4DºN€NfD³, D¦DµD 1/2N,N€D°D>>D 1/2D° D!N€D+/-D¸N~D°, D!N€D+/-D¸N~D°",21.005859,44.016521,republic of serbia,1239
"Landkreis Karlsruhe, Baden-Wurttemberg, Deutschland",8.3980172,48.943208,germany,1240
"Baki Inzibati AErazisi, Baki Iqtisadi Zonasi, AzE™rbaycan",49.8670924,40.4092617,azerbaijan,1241
"U,O¶O§O! O§U,,U(C)O+/-O(R), O¨OºO¯O§O¯, U...O-O§UO¸O(C) O¨OºO¯O§O¯, O§U,,O¹O+/-O§U,",44.3660671,33.315241,iraq,1242
"Crawford County, Pennsylvania, United States",-80.1514484,41.6414438,united states of america,1243
"Tacna, Peru",-70.2462741,-18.0065679,peru,1244
"Temosachic, Chihuahua, Mexico",-107.835314,28.964623,mexico,1245
"Forsyth County, North Carolina, United States",-80.254435,36.103964,united states of america,1246
"Ariege, Occitanie, France metropolitaine, France",1.443469,42.932629,france,1247
"Puerto Cortes, Cortes Honduras",-87.9285777,15.825072,honduras,1248
"Sir Gaerfyrddin / Carmarthenshire, Cymru / Wales, United Kingdom",-4.160248,51.680886,united kingdom,1249
"Georgetown County, South Carolina, United States",-79.0352778,33.5552778,united states of america,1250
"Remscheid, Nordrhein-Westfalen, Deutschland",7.189696,51.178742,germany,1251
"Dessau-Rosslau, Sachsen-Anhalt, Deutschland",12.2434632,51.8559672,germany,1252
"Clatsop County, Oregon, United States",-123.929779,45.9933471,NA,1253
"Genova, Liguria, Italia",8.946256,44.4056499,italy,1254
"Steuben County, New York, United States",-77.0546903,42.1428521,united states of america,1255
"Washington County, New York, United States",-73.5859487,43.3006281,united states of america,1256
"Bezirk Klagenfurt-Land, Karnten, Osterreich",14.1695078,46.5170145,austria,1257
"Sondrio, Lombardia, Italia",10.1860151,46.2063314,italy,1258
"Polk County, East Tennessee, Tennessee, United States",-84.370756,34.988969,united states of america,1259
"Las Animas County, Colorado, United States",-104.319492,37.2864338,united states of america,1260
"Campbell County, Kentucky, United States",-84.4471633,39.0750607,united states of america,1261
"Municipio de Nogales, Sonora, Mexico",-110.9381047,31.3011855,mexico,1262
"Lewis County, Washington, United States",-122.2751046,46.5584421,united states of america,1263
"Prince William County, Virginia, United States",-77.2900787,38.5229229,united states of america,1264
"Purepero, Michoacan, Mexico",-102.0016666,19.9383333,mexico,1265
"Kreis Gutersloh, Nordrhein-Westfalen, Deutschland",8.3597982,52.0588979,germany,1266
"Landkreis Erding, Bayern, Deutschland",11.7789648,48.244153,germany,1267
"Vestfold og Telemark, Norge",9.6127694,59.1881606,norway,1268
"Wythe County, Virginia, United States",-81.084811,36.948453,united states of america,1269
"Provincia de Valparaiso, Region de Valparaiso, Chile",-71.6126885,-33.047238,chile,1270
"Montgomery County, Virginia, United States",-80.4236594,37.2302778,united states of america,1271
"Olongapo, Central Luzon Philippines",120.2842023,14.8386303,philippines,1272
"Kreis Lippe, Nordrhein-Westfalen, Deutschland",8.6823215,52.0644078,germany,1273
"District du Jura-Nord vaudois, Vaud, Schweiz/Suisse/Svizzera/Svizra",6.5022222,46.8217968,switzerland,1274
"DYD°D²D>>D 3/4D³N€D°D´NNOEDºD¸D¹ N€D°D¹D 3/4D 1/2, D""D 1/2N-D?N€D 3/4D?DµN,N€D 3/4D²NNOEDºD° D 3/4D+/-D>>D°NN,NOE, D£DºN€D°N-D 1/2D°",35.9032574,48.5294478,ukraine,1275
"Bacau, Romania",27.217439,46.6806445,romania,1276
"Landkreis Leer, Niedersachsen, Deutschland",7.4679018,53.235657,germany,1277
"Ulm, Baden-Wurttemberg, Deutschland",9.9876076,48.4010822,germany,1278
"Pike County, Arkansas, United States",-93.696158,34.2732449,united states of america,1279
"Bondowoso, Jawa Timur, Jawa, Indonesia",113.8232058,-7.9145047,indonesia,1280
"Landkreis Wurzburg, Bayern, Deutschland",9.8177359,49.8014278,germany,1281
"Landkreis Helmstedt, Niedersachsen, Deutschland",10.9661706,52.1394882,germany,1282
"Arizpe, Sonora, Mexico",-110.166564,30.3359447,mexico,1283
"Saint Johns County, Florida, United States",-81.30851,29.88428,united states of america,1284
"Zweibrucken, Rheinland-Pfalz Deutschland",7.3634022,49.2450528,germany,1285
"Trinity County, California, United States",-122.941971,40.730978,united states of america,1286
"Boone County, Arkansas, United States",-93.1076765,36.2297936,united states of america,1287
"Herefordshire, England, United Kingdom",-2.715974,52.056398,united kingdom,1288
"Jones County, Mississippi, United States",-89.195843,31.605129,united states of america,1289
"Wurzburg, Bayern, Deutschland",9.9533548,49.7913044,germany,1290
"Madison County, New York, United States",-75.65129,43.09257,united states of america,1291
"Calloway County, Kentucky, United States",-88.314761,36.6103334,united states of america,1292
"Carroll County, Maryland, United States",-76.9953371,39.5700988,united states of america,1293
"Bernalillo County, New Mexico, United States",-106.62913,35.017785,united states of america,1294
"McKinley County, New Mexico, United States",-108.742584,35.528078,united states of america,1295
"Roane County, East Tennessee, Tennessee, United States",-84.552436,35.933964,united states of america,1296
"Lander County, Nevada, United States",-117.067236,39.49257,united states of america,1297
"Skagit County, Washington, United States",-122.612672,48.512605,NA,1298
"Abitibi, Quebec, Canada",-78.1125205,48.5650196,canada,1299
"Grundy County, Middle Tennessee, Tennessee, United States",-85.736083,35.260357,united states of america,1300
"Marion County, East Tennessee, Tennessee, United States",-85.704415,35.012302,united states of america,1301
"Davidson County, Middle Tennessee, Tennessee, United States",-86.781602,36.162664,united states of america,1302
"Johnson County, Missouri, United States",-93.9913303,38.7141778,united states of america,1303
"Cagliari, Sardigna/Sardegna, Italia",9.1216613,39.2238411,italy,1304
"Laclede County, Missouri, United States",-92.6680252,37.6876239,united states of america,1305
"Sutter County, California, United States",-121.638308,39.139037,united states of america,1306
"Inyo County, California, United States",-116.669892,36.3226129,united states of america,1307
"Pune City, Pune District, Maharashtra, India",73.8567437,18.5204303,india,1308
"Eagle County, Colorado, United States",-106.3939176,39.5327639,united states of america,1309
"Spartanburg County, South Carolina, United States",-81.8777497,34.9575473,united states of america,1310
"Dona Ana County, New Mexico, United States",-106.6002758,32.4023136,united states of america,1311
"West Tamar, Tasmania, Australia",146.823591,-41.19337,australia,1312
"Miguel Hidalgo, Ciudad de Mexico, Mexico",-99.2075267,19.4258032,mexico,1313
"Harrison County, West Virginia, United States",-80.3445341,39.2806451,united states of america,1314
"Cape Breton Regional Municipality, Cape Breton County, Nova Scotia, Canada",-60.194224,46.13679,canada,1315
"Campbell County, East Tennessee, Tennessee, United States",-84.119947,36.382885,united states of america,1316
"Distrito Capital, Region Oriental, Paraguay / Paraguai",-57.575926,-25.2637399,paraguay,1317
"Diez de Octubre, La Habana, Cuba",-82.3665956,23.1135925,cuba,1318
"Ostprignitz-Ruppin, Brandenburg, Deutschland",12.8635657,52.8479122,germany,1319
"Cuencame, Durango, Mexico",-103.735895,25.063558,mexico,1320
"Wabash County, Illinois, United States",-87.7546519,38.4095015,united states of america,1321
"McLennan County, Texas, United States",-97.1382379,31.5541614,united states of america,1322
"Municipio San Francisco, Zulia Venezuela",-71.6329417,10.5568211,venezuela,1323
"Santa Barbara, Chihuahua, Mexico",-105.820058,26.801544,mexico,1324
"Strafford County, New Hampshire, United States",-70.8736698,43.1978624,united states of america,1325
"Fremont County, Colorado, United States",-105.1185988,38.3902777,united states of america,1326
"Jefferson County, Ohio, United States",-80.609796,40.321736,united states of america,1327
"Oluyole, Oyo, Nigeria",3.8741258,7.3063478,nigeria,1328
"Batopilas, Chihuahua, Mexico",-107.736234,27.030387,mexico,1329
"Orange County, Florida, United States",-81.3720267,28.5407069,united states of america,1330
"Iowa County, Wisconsin, United States",-90.141388,42.9928406,united states of america,1331
"Penobscot County, Maine, United States",-68.7696033,44.7977909,united states of america,1332
"Alleghany County, Virginia, United States",-79.883664,37.788738,united states of america,1333
"Franklin County, Vermont, United States",-73.083558,44.810713,united states of america,1334
"Park County, Montana, United States",-110.5599556,45.6614105,united states of america,1335
"Eure, Normandie, France metropolitaine, France",0.8338193,49.0923669,france,1336
"McCracken County, Kentucky, United States",-88.6668559,37.0454692,united states of america,1337
"Ottawa County, Ohio, United States",-82.7672968,41.538557,united states of america,1338
"Jonkopings lan, Sverige",14.1617876,57.7826137,sweden,1339
"Walworth County, Wisconsin, United States",-88.54454,42.67279,united states of america,1340
"Alpes-Maritimes, Provence-Alpes-Cote d'Azur, France metropolitaine, France",7.017369,43.552847,NA,1341
"Rutherford County, Middle Tennessee, Tennessee, United States",-86.4048978,35.8364346,united states of america,1342
"Saint Joseph County, Indiana, United States",-86.24339,41.67751,united states of america,1343
"Placer County, California, United States",-121.265013,38.78002,united states of america,1344
"Vastra Gotalands lan, Sverige",11.97456,57.70887,sweden,1345
"powiat limanowski, wojewodztwo malopolskie, Polska",20.42228,49.70587,poland,1346
"Landkreis Hildesheim, Niedersachsen, Deutschland",9.9579652,52.154778,germany,1347
"Bautzen, Sachsen, Deutschland",14.2297853,51.1189941,germany,1348
"Derbyshire, England, United Kingdom",-1.653315,53.087671,united kingdom,1349
"Kenton County, Kentucky, United States",-84.508554,39.083671,united states of america,1350
"Lee County, Florida, United States",-81.7167382,26.6401879,united states of america,1351
"D³D 3/4N€D 3/4D´NDºD 3/4D¹ D 3/4DºN€NfD³ DD¸D¶D 1/2D¸D¹ D¢D°D³D¸D>>, D!D²DµN€D´D>>D 3/4D²NDºD°N D 3/4D+/-D>>D°NN,NOE, D£N€D°D>>NOENDºD¸D¹ N,,DµD´DµN€D°D>>NOED 1/2N<D¹ D 3/4DºN€NfD³, D D 3/4NND¸N",59.8746626,57.89208,russia,1352
"Troup County, Georgia, United States",-85.0281775,33.0509722,united states of america,1353
"Bogota Distrito Capital - Municipio, RAP (Especial) Central Colombia",-74.072092,4.710989,colombia,1354
"Municipio de Tepic, Nayarit, Mexico",-104.8945887,21.5041651,mexico,1355
"Columbia County, Wisconsin, United States",-89.4626202,43.5391486,united states of america,1356
"D'N<D+/-D 3/4N€D³NDºD¸D¹ N€D°D¹D 3/4D 1/2, D>DµD 1/2D¸D 1/2D³N€D°D´NDºD°N D 3/4D+/-D>>D°NN,NOE, D!DµD²DµN€D 3/4-D-D°D?D°D´D 1/2N<D¹ N,,DµD´DµN€D°D>>NOED 1/2N<D¹ D 3/4DºN€NfD³, D D 3/4NND¸N",28.7571571,60.7139529,russia,1357
"Toluca, Estado de Mexico, Mexico",-99.6424592,19.2924468,mexico,1358
"Kreis Siegen-Wittgenstein, Nordrhein-Westfalen, Deutschland",8.3926278,51.0515666,germany,1359
"Pforzheim, Neulingen, Baden-Wurttemberg, Deutschland",8.6946286,48.8921862,germany,1360
"Harju maakond, Eesti",24.7535747,59.4369608,estonia,1361
"Minas de Oro, Comayagua, Honduras",-87.3388767,14.7980871,honduras,1362
"Elko County, Nevada, United States",-115.7631232,40.8324211,united states of america,1363
"La Colorada, Sonora, Mexico",-110.769722,28.763611,mexico,1364
"Tequisquiapan, Queretaro, Mexico",-99.8850586,20.5187326,mexico,1365
"Duval County, Florida, United States",-81.6284464,30.3212242,united states of america,1366
"Karnes County, Texas, United States",-97.835568,28.774441,united states of america,1367
"Charlottesville, Virginia, United States",-78.4594267,38.0379488,united states of america,1368
"Lawrence County, Indiana, United States",-86.4872149,38.8611619,united states of america,1369
"Wakulla County, Florida, United States",-84.1807263,30.1993709,united states of america,1370
"Onslow County, North Carolina, United States",-77.3558617,34.702762,united states of america,1371
"Benton County, West Tennessee, Tennessee, United States",-87.9854818,36.0833038,united states of america,1372
"Cleburne County, Alabama, United States",-85.520024,33.626171,united states of america,1373
"Crawford County, Missouri, United States",-91.4082161,38.0617622,united states of america,1374
"Darke County, Ohio, United States",-84.7432922,40.0494926,united states of america,1375
"Torbay, England, United Kingdom",-3.5443841,50.4686648,united kingdom,1376
"Craig County, Oklahoma, United States",-95.3056854,36.7788655,united states of america,1377
"County Cork, Munster, Eire / Ireland",-9.520268,51.52557,NA,1378
"Lemhi County, Idaho, United States",-113.895901,45.175755,united states of america,1379
"Atchison County, Kansas, United States",-95.1216356,39.5630521,united states of america,1380
"Custer County, Nebraska, United States",-99.9018131,41.4925374,united states of america,1381
"Northumberland County, Pennsylvania, United States",-76.8655387,40.9929333,united states of america,1382
"Talsu novads, Kurzeme, Latvija",22.5873858,57.2480409,latvia,1383
"Landkreis Lichtenfels, Bayern, Deutschland",11.0630388,50.1432937,germany,1384
"Colusa County, California, United States",-122.1494187,39.1546137,united states of america,1385
"Vastmanlands lan, Sverige",15.816642,59.989144,sweden,1386
"Mosman Municipal Council, New South Wales Australia",151.244627,-33.8323066,australia,1387
"Beaver County, Utah, United States",-112.9235621,38.2141363,united states of america,1388
"Defence Colony Tehsil, South East Delhi District, Delhi, India",77.2351905,28.579636,india,1389
"Fauquier County, Virginia, United States",-77.795271,38.713452,united states of america,1390
"Conwy, Cymru / Wales, United Kingdom",-3.9330951,53.267254200000004,united kingdom,1391
"Flintshire, Cymru / Wales, United Kingdom",-3.216936,53.27183,united kingdom,1392
"Fezile Dabi District Municipality, Free State, South Africa",27.9834738,-27.2819782,south africa,1393
"Cheshire East, England, United Kingdom",-2.105748,53.31037,united kingdom,1394
"Audrain County, Missouri, United States",-91.8811625,39.1741558,united states of america,1395
"D NfNDµ, D'NSD>>D³D°N€D¸N",25.9656554,43.8355713,bulgaria,1396
"D³D 3/4N€D 3/4D´NDºD 3/4D¹ D 3/4DºN€NfD³ D¥D°D+/-D°N€D 3/4D²NDº, D¥D°D+/-D°N€D 3/4D²NDºD¸D¹ DºN€D°D¹, D""D°D>>NOED 1/2DµD²D 3/4NN,D 3/4N‡D 1/2N<D¹ N,,DµD´DµN€D°D>>NOED 1/2N<D¹ D 3/4DºN€NfD³, D D 3/4NND¸N",135.1011706,48.5157837,russia,1397
"Green County, Wisconsin, United States",-89.377507,42.619337,united states of america,1398
"Lonoke County, Arkansas, United States",-91.9690284,34.5442609,united states of america,1399
"Alamos, Sonora, Mexico",-108.941309,27.025487,mexico,1400
"D³D 3/4N€D 3/4D´NDºD 3/4D¹ D 3/4DºN€NfD³ D'D>>D°D³D 3/4D²DµN‰DµD 1/2NDº, DD 1/4NfN€NDºD°N D 3/4D+/-D>>D°NN,NOE, D""D°D>>NOED 1/2DµD²D 3/4NN,D 3/4N‡D 1/2N<D¹ N,,DµD´DµN€D°D>>NOED 1/2N<D¹ D 3/4DºN€NfD³, D D 3/4NND¸N",127.5404017,50.2727763,russia,1401
"DsN<N^N,N<D 1/4NDºD¸D¹ D³D 3/4N€D 3/4D´NDºD 3/4D¹ D 3/4DºN€NfD³, D§DµD>>ND+/-D¸D 1/2NDºD°N D 3/4D+/-D>>D°NN,NOE, D£N€D°D>>NOENDºD¸D¹ N,,DµD´DµN€D°D>>NOED 1/2N<D¹ D 3/4DºN€NfD³, D D 3/4NND¸N",60.53903,55.70787,russia,1402
"Viterbo, Lazio, Italia",12.4248987,42.2815873,italy,1403
"Hagen, Nordrhein-Westfalen, Deutschland",7.4632841,51.3670777,germany,1404
"Municipiul Chisinau, Moldova",28.8638102,47.0104529,moldova,1405
"Chorzow, Gornoslasko-Zaglebiowska Metropolia, wojewodztwo slaskie, Polska",18.9545728,50.2974884,poland,1406
"DsN€D 3/4D?D¸D²D 1/2D¸N†NOEDºD¸D¹ N€D°D¹D 3/4D 1/2, DsN-N€D 3/4D²D 3/4D³N€D°D´NNOEDºD° D 3/4D+/-D>>D°NN,NOE, D£DºN€D°N-D 1/2D°",32.262317,48.507933,ukraine,1407
"Maaseik, Limburg, Vlaanderen, Belgie / Belgique / Belgien",5.59802,51.14099,belgium,1408
"Rosario, Sinaloa Mexico",-105.8675625,22.990472,mexico,1409
"Municipio de Sinaloa, Sinaloa, Mexico",-108.2216704,25.8226854,mexico,1410
"Clay County, South Dakota, United States",-96.9292104,42.7794417,united states of america,1411
"Windsor County, Vermont, United States",-72.808018,43.8745646,united states of america,1412
"Washington County, East Tennessee, Tennessee, United States",-82.3534727,36.313439700000004,united states of america,1413
"Keokuk County, Iowa, United States",-92.3087945,41.1725134,united states of america,1414
"Bureau County, Illinois, United States",-89.307424,41.324206,united states of america,1415
"Erie County, Ohio, United States",-82.684683,41.4191867,united states of america,1416
"Des Moines County, Iowa, United States",-91.1565357,40.8250386,united states of america,1417
"Rutherford County, North Carolina, United States",-82.246502,35.439285,united states of america,1418
"Ocampo, Chihuahua, Mexico",-108.367284,28.193365,mexico,1419
"Lambton County, Ontario, Canada",-82.3275544,42.9938712,canada,1420
"Fulton County, Pennsylvania, United States",-78.026948,40.048974,united states of america,1421
"Mifflin County, Pennsylvania, United States",-77.571382,40.59924,united states of america,1422
"Butler County, Pennsylvania, United States",-80.1200176,40.7532376,united states of america,1423
"Catoosa County, Georgia, United States",-85.1091173,34.9159099,united states of america,1424
"Loudoun County, Virginia, United States",-77.73555,38.968721,united states of america,1425
"Marinette County, Wisconsin, United States",-87.630662,45.099985,united states of america,1426
"Wiltshire, England, United Kingdom",-1.8625223,51.0795757,united kingdom,1427
"Allegany County, New York, United States",-77.9053182,42.12573,united states of america,1428
"Orleans County, Vermont, United States",-72.2051022,44.9364356,united states of america,1429
"Grayson County, Texas, United States",-96.5365709,33.6947959,united states of america,1430
"Municipio de San Luis Potosi, San Luis Potosi, Mexico",-100.985541,22.15647,mexico,1431
"Town of Bridgewater, Lunenburg County, Nova Scotia, Canada",-64.5208798,44.3721167,canada,1432
"Alpena County, Michigan, United States",-83.4475787,45.0450136,united states of america,1433
"Freeborn County, Minnesota, United States",-93.3598221,43.6536116,united states of america,1434
"West Dunbartonshire, Alba / Scotland, United Kingdom",-4.580081,56.002716,united kingdom,1435
"Kittson County, Minnesota, United States",-96.5221788,48.5774277,united states of america,1436
"Hodgeman County, Kansas, United States",-99.9013248,38.0855784,united states of america,1437
"Town of Irricana, Alberta, T0M 1B0, Canada",-113.6039095,51.3216442,canada,1438
"Okmulgee County, Oklahoma, United States",-96.0464183,35.8238316,united states of america,1439
"Newton County, Missouri, United States",-94.255217,36.919232,united states of america,1440
"Richland County, Ohio, United States",-82.515582,40.7682815,united states of america,1441
"Jackson County, Ohio, United States",-82.636554,39.052017,united states of america,1442
"Anchorage, Alaska, United States",-149.9002778,61.2180556,united states of america,1443
"Siskiyou County, California, United States",-122.6344709,41.7354186,united states of america,1444
"Dawson County, Montana, United States",-104.7107931,47.106401,united states of america,1445
"Gilpin County, Colorado, United States",-105.5141639,39.8019322,united states of america,1446
"Montrose County, Colorado, United States",-107.886238,38.4896583,united states of america,1447
"Van Zandt County, Texas, United States",-95.790676,32.4145652,united states of america,1448
"Marshall County, Indiana, United States",-86.3282905,41.3442307,united states of america,1449
"Pottawattamie County, Iowa, United States",-95.848026,41.2463161,united states of america,1450
"Amador County, California, United States",-120.844659,38.4818531,united states of america,1451
"Cameron County, Pennsylvania, United States",-78.0423683,41.3944739,united states of america,1452
"Marion County, Oregon, United States",-123.0300673,44.9283407,united states of america,1453
"Baker County, Oregon, United States",-118.202163,44.745707,united states of america,1454
"Municipality of Colchester, Colchester County, Nova Scotia, Canada",-63.622025,45.493918,canada,1455
"Matanuska-Susitna, Alaska, United States",-149.0729714,62.4113634,united states of america,1456
"Walton County, Florida, United States",-86.1152184,30.7210227,united states of america,1457
"McClain County, Oklahoma, United States",-97.6276895,35.0136384,united states of america,1458
"Chaffee County, Colorado, United States",-105.9989022,38.5347193,united states of america,1459
"Morgan County, Colorado, United States",-103.8091176,40.2542315,united states of america,1460
"Neosho County, Kansas, United States",-95.4710027,37.6756613,united states of america,1461
"Alachua County, Florida, United States",-82.3320737,29.648489,united states of america,1462
"Donnersbergkreis, Rheinland-Pfalz, Deutschland",8.0075788,49.6676806,germany,1463
"Davison County, South Dakota, United States",-98.0297992,43.7094283,united states of america,1464
"Phillips County, Colorado, United States",-102.2990852,40.5795385,united states of america,1465
"Ward County, North Dakota, United States",-101.2922906,48.2329668,united states of america,1466
"Cumanayagua, Cienfuegos Cuba",-80.201454,22.148493,cuba,1467
"Oldenburg, Niedersachsen, Deutschland",8.2145521,53.1434501,germany,1468
"Delta County, Colorado, United States",-107.7195032,38.799707,united states of america,1469
"Buncombe County, North Carolina, United States",-82.5557164,35.6271356,united states of america,1470
"Addison County, Vermont, United States",-73.16734,44.015337100000004,united states of america,1471
"Fergus County, Montana, United States",-109.2301728,47.1777536,united states of america,1472
"D³D 3/4N€D 3/4D´NDºD 3/4D¹ D 3/4DºN€NfD³ D£D>>NOEND 1/2D 3/4D²NDº, D£D>>NOEND 1/2D 3/4D²NDºD°N D 3/4D+/-D>>D°NN,NOE, DYN€D¸D²D 3/4D>>D¶NDºD¸D¹ N,,DµD´DµN€D°D>>NOED 1/2N<D¹ D 3/4DºN€NfD³, D D 3/4NND¸N",48.3837915,54.3181598,russia,1473
"Botetourt County, Virginia, United States",-79.6797614,37.5273566,united states of america,1474
"San Luis de la Paz, Guanajuato, Mexico",-100.523987,21.293404,mexico,1475
"Timis, Romania",21.2255847,45.3977401,romania,1476
"Greiz, Thuringen, Deutschland",12.0391162,50.6292435,germany,1477
"Landkreis Ravensburg, Baden-Wurttemberg, Deutschland",9.6377896,47.9502469,germany,1478
"Sahtu Region, Northwest Territories, Canada",-124.8457334,64.8255441,canada,1479
"Worcester County, Maryland, United States",-75.221894,38.3209668,united states of america,1480
"Clark County, Kentucky United States",-84.1796503,37.990079,united states of america,1481
"Pierce County, Wisconsin, United States",-92.238796,44.845243,united states of america,1482
"Gera, Thuringen, Deutschland",12.0807203,50.8850706,germany,1483
"Sebastian County, Arkansas, United States",-94.352623,35.347726,united states of america,1484
"Sullivan County, New Hampshire, United States",-72.3378744,43.3728635,united states of america,1485
"Johnson County, Iowa, United States",-91.5224805,41.6399894,united states of america,1486
"Mesa County, Colorado, United States",-108.552017,39.066028,united states of america,1487
"Bowie County, Texas, United States",-94.145391,33.446281,united states of america,1488
"Madison County, Illinois, United States",-90.14872,38.701439,united states of america,1489
"Finney County, Kansas, United States",-100.8726618,37.9716898,united states of america,1490
"Concordia, Sinaloa Mexico",-105.936207,23.39639,mexico,1491
"Marathon County, Wisconsin, United States",-89.6301221,44.9591352,united states of america,1492
"Seine-Maritime, Normandie, France metropolitaine, France",0.107929,49.49437,france,1493
"Stanislaus County, California, United States",-121.0207614,37.3138267,united states of america,1494
"Warora, Chandrapur District, Maharashtra, India",79.013648,20.240654,india,1495
"Fatih, Istanbul, Marmara Bolgesi, Turkiye",28.978359,41.008238,turkey,1496
"Maverick County, Texas, United States",-100.499521,28.709143,mexico,1497
"St. John's, Newfoundland, Newfoundland and Labrador, Canada",-52.712577,47.56151,canada,1498
"Municipality of Victoria County, Victoria County, Nova Scotia, Canada",-60.851817,46.248685,canada,1499
"District de Morges, Vaud, Schweiz/Suisse/Svizzera/Svizra",6.419231,46.48603,switzerland,1500
"Jackson County, Minnesota, United States",-95.1716615,43.6774593,united states of america,1501
"Dakota County, Minnesota, United States",-93.2174057,44.7763508,united states of america,1502
"Degana Tehsil, Nagaur District, Rajasthan, India",74.2179326,27.0238036,india,1503
"Bezirk Modling, Niederosterreich, Osterreich",16.311228,48.0875788,austria,1504
"Brandenburg an der Havel, Brandenburg, Deutschland",12.5316444,52.4125287,germany,1505
"Gem County, Idaho, United States",-116.358925,44.032494,united states of america,1506
"Dr Kenneth Kaunda District Municipality, North West, South Africa",26.6317514,-26.8598225,south africa,1507
"Halifax County, North Carolina, United States",-77.6030331,36.4159849,united states of america,1508
"Linn County, Kansas, United States",-94.7113471,38.1778053,united states of america,1509
"Regional District of Nanaimo, British Columbia, Canada",-123.9400648,49.1658836,NA,1510
"Blanco County, Texas, United States",-98.2655804,30.1409667,united states of america,1511
"Stephenson County, Illinois, United States",-89.6212271,42.2966861,united states of america,1512
"Iron County, Missouri, United States",-90.6273444,37.5972724,united states of america,1513
"Colombo District, Western Province, a·a·Sa€a¶>>a·"" a¶ 1/2a¶,a¶sa·a·€ a(R)‡a(R)²a(R)™a¯a(R)•a¯^",79.861243,6.9270786,sri lanka,1514
"Hlavni mesto Praha, Praha, Cesko",14.4378005,50.0755381,czech republic,1515
"Kretingales seniunija, Klaipedos rajono savivaldybe, Klaipedos apskritis, Lietuva",21.296929,55.7942529,lithuania,1516
"Walla Walla County, Washington, United States",-118.3430208,46.0645809,united states of america,1517
"La Yesca, Nayarit, Mexico",-104.011522,21.319407000000002,mexico,1518
"Oxford County, Maine, United States",-70.5442321,44.5395082,united states of america,1519
"Codington County, South Dakota, United States",-97.0898074,44.8896008,united states of america,1520
"Wollongong City Council, New South Wales, Australia",150.791667,-34.491667,australia,1521
"Jefferson Parish, Louisiana, United States",-90.116969,29.894373,united states of america,1522
"Luce County, Michigan, United States",-85.509559,46.354998,united states of america,1523
"Mutare, Manicaland, Zimbabwe",32.650351,-18.9757714,zimbabwe,1524
"Douglas County, Colorado, United States",-104.8581244,39.5401108,united states of america,1525
"Landkreis Osnabruck, Niedersachsen, Deutschland",8.36112,52.34042,germany,1526
"New Ireland, Islands Region, Papua Niugini",152,-3.33,papua new guinea,1527
"Reading, England, United Kingdom",-0.9781303,51.4542645,united kingdom,1528
"Knox County, Maine, United States",-69.1089293,44.1036914,united states of america,1529
"McCreary County, Kentucky, United States",-84.477439,36.698967,united states of america,1530
"Fresnillo, Zacatecas, Mexico",-102.8687414,23.1777586,mexico,1531
"Granville County, North Carolina, United States",-78.7566714,36.1320892,united states of america,1532
"Landkreis Reutlingen, Baden-Wurttemberg, Deutschland",9.2038043,48.5069389,germany,1533
"Mopani District Municipality, Limpopo, South Africa",29.938638,-23.9447206,south africa,1534
"Warszawa, wojewodztwo mazowieckie, Polska",21.0122287,52.2296756,poland,1535
"Mumbai Suburban District, Maharashtra, India",72.8776559,19.0759837,india,1536
"Napa County, California, United States",-122.3583705,38.3992253,united states of america,1537
"Obuasi Municipal District, Ashanti Region, Ghana",-1.6921037,6.172193,ghana,1538
"Prestea-Huni Valley Municipal District, Western Region, Ghana",-1.959178,5.353055,ghana,1539
"District # 3, Grand Bassa County, Liberia",-9.429499,6.428055,liberia,1540
"Lumpkin County, Georgia, United States",-83.984395,34.526147,united states of america,1541
"Saline County, Kansas, United States",-97.6114237,38.8402805,united states of america,1542
"powiat leczycki, wojewodztwo lodzkie, Polska",18.94828,52.11076,poland,1543
"Covington County, Alabama, United States",-86.4832913,31.3085039,united states of america,1544
"Laurel County, Kentucky, United States",-84.1088832,37.1177821,united states of america,1545
"Mocorito, Sinaloa, Mexico",-107.9205937,25.481348,mexico,1546
"Hidalgo, Durango, Mexico",-104.9151732,26.2476457,mexico,1547
"Bibb County, Alabama, United States",-87.124995,33.118175,united states of america,1548
"Port of Spain, Trinidad and Tobago",-61.514237,10.649592,trinidad and tobago,1549
"Lowndes County, Georgia, United States",-83.2755735,30.807135,united states of america,1550
"Idemili South, Anambra, Nigeria",6.877993,6.06665,nigeria,1551
"Oxford County, Ontario, Canada",-80.9010627,43.1556566,canada,1552
"Sullivan County, New York, United States",-74.6959023,41.6597748,united states of america,1553
"Marshall County, Alabama, United States",-86.4878106,34.3280749,united states of america,1554
"Provincia Jose Maria Linares, Potosi, Bolivia",-65.5173172,-19.7937851,bolivia,1555
"Lee County, Virginia, United States",-83.027112,36.758422,united states of america,1556
"Canyon County, Idaho, United States",-116.6873596,43.6629384,united states of america,1557
"Sabinas, Coahuila, Mexico",-101.1729266,27.9199277,mexico,1558
"Regiao Geografica Intermediaria de Belo Horizonte, Minas Gerais, Regiao Sudeste, Brasil",-44.555031,-18.512178,brazil,1559
"Missoula County, Montana, United States",-113.9940314,46.8721284,united states of america,1560
"Kitsap County, Washington, United States",-122.520551,47.624641,united states of america,1561
"Plumas County, California, United States",-120.8039,39.99268,united states of america,1562
"O¯O¨US, O§U,,O¥U...O§O+/-O§Oª O§U,,O¹O+/-O¨USO(C) O§U,,U...OªO-O¯O(C)",55.1466589,24.8627733,united arab emirates,1563
"Bochum, Nordrhein-Westfalen, Deutschland",7.2162363,51.4818445,germany,1564
"Penuelas, Puerto Rico, United States",-66.7654139,18.0735934,puerto rico,1565
"Barry County, Missouri, United States",-93.9251655,36.9257743,united states of america,1566
"La Vallee-du-Richelieu, Monteregie, Quebec, Canada",-73.116674,45.516547,canada,1567
"Logan County, Illinois, United States",-89.3633784,40.1462317,united states of america,1568
"Hancock County, Maine, United States",-68.4194641,44.5434095,united states of america,1569
"Clearfield County, Pennsylvania, United States",-78.439188,41.02728,united states of america,1570
"Candela, Coahuila, Mexico",-100.665858,26.838867,mexico,1571
"Upshur County, West Virginia, United States",-80.2320276,38.9939872,united states of america,1572
"Midland County, Michigan, United States",-84.2472116,43.6155825,united states of america,1573
"Cherokee County, Kansas, United States",-94.8431963,37.1704425,united states of america,1574
"Chaudiere-Appalaches, Quebec, Canada",-71.1801192,46.814813,canada,1575
"Matehuala, San Luis Potosi, Mexico",-100.64279,23.6448029,mexico,1576
"Lugela, Zambezia, Mocambique",36.6093926,-16.5638987,mozambique,1577
"Marianao, La Habana, San Miguel del Padron, La Habana Cuba",-82.4310743,23.0700685,cuba,1578
"King Cetswayo District Municipality, KwaZulu-Natal, South Africa",30.8958242,-28.5305539,south africa,1579
"Bonner County, Idaho, United States",-116.4624162,48.4796527,united states of america,1580
"Franklin County, Washington, United States",-118.8611117,46.6634733,united states of america,1581
"Sultepec, Estado de Mexico, Mexico",-99.9658805,18.857023,mexico,1582
"Copper River, Alaska, United States",-142.8863888,61.4863889,united states of america,1583
"Grant County, Oklahoma, United States",-97.52042,36.811061,united states of america,1584
"Hood County, Texas, United States",-97.7972793,32.4421917,united states of america,1585
"Town of New Glasgow, Pictou County, Nova Scotia, Canada",-62.64297,45.572987,canada,1586
"Stoke-on-Trent, England, United Kingdom",-2.198429,53.04558,united kingdom,1587
"Butler County, Kansas, United States",-97.1358956,37.6890529,united states of america,1588
"Region Hovedstaden, Danmark",12.5964061,55.673412,denmark,1589
"Cherokee County, Oklahoma, United States",-94.9683718,35.9169685,united states of america,1590
"Canton Puntarenas, Provincia Puntarenas, Costa Rica",-84.829421,9.977844,costa rica,1591
"Shire Of Katanning, Western Australia Australia",117.556991,-33.6856108,australia,1592
"Saguenay-Lac-Saint-Jean, Quebec, Canada",-71.1831122,48.4257716,canada,1593
"Honda, Norte, Tolima, RAP Eje Cafetero Colombia",-74.737081,5.205118,colombia,1594
"Lyon County, Kansas, United States",-96.1716373,38.3909841,united states of america,1595
"Golmuri-Cum-Jugsalai, East Singhbhum District, Jharkhand, India",86.211128,22.7768789,india,1596
"Clinton County, Pennsylvania, United States",-77.8405047,41.3018381,united states of america,1597
"Stanly County, North Carolina, United States",-80.1177335,35.4034789,united states of america,1598
"El Dorado County, California, United States",-120.798546,38.7296252,united states of america,1599
"McIntosh County, Oklahoma, United States",-95.5230356,35.4700993,united states of america,1600
"Union County, Arkansas, United States",-92.7219844,33.0226322,united states of america,1601
"Ross County, Ohio, United States",-83.1954637,39.2158994,united states of america,1602
"Marshall County, Mississippi, United States",-89.5675307,34.8290742,united states of america,1603
"Cordoba, Andalucia, Espana",-4.779384,37.888175,spain,1604
"Genesee County, New York, United States",-78.1875167,42.9981156,united states of america,1605
"Hawai'i County, Hawaii, United States",-155.5827818,19.8967662,united states of america,1606
"Cuenca Minera, Huelva, Andalucia, Espana",-6.5962863,37.6927452,spain,1607
"Calhoun County, Alabama, United States",-85.8316318,33.6598257,united states of america,1608
"Antrim County, Michigan, United States",-85.060885,44.902229,united states of america,1609
"Orebro lan, Sverige",14.93694,59.5453,sweden,1610
"Madison County, Montana, United States",-111.893301,45.658351,united states of america,1611
"Gloucester County, Virginia, United States",-76.5011367,37.2482223,NA,1612
"Union County, North Carolina, United States",-80.699844100000007,35.0651942,united states of america,1613
"Regiao Metropolitana de Sao Paulo, Regiao Geografica Intermediaria de Sao Paulo, Sao Paulo, Regiao Sudeste, Brasil",-46.5096538,-23.5191115,brazil,1614
"Nelson County, Virginia, United States",-78.9758579,37.7476405,united states of america,1615
"Trapani, Sicilia, Italia",12.9686255,37.9783947,italy,1616
"Salem County, New Jersey, United States",-75.4671423,39.5717796,united states of america,1617
"Tlalpujahua, Michoacan Mexico",-100.173422,19.805555,mexico,1618
"Winnebago County, Illinois, United States",-89.0865788,42.2732195,united states of america,1619
"Carroll County, Missouri, United States",-93.4957675,39.3583539,united states of america,1620
"Calumet County, Wisconsin, United States",-88.2917724,44.1341553,united states of america,1621
"Chieti, Abruzzo, Italia",14.5229647,41.9199198,italy,1622
"Barcelones, Barcelona, Catalunya, Espana",2.1734035,41.3850639,spain,1623
"Vanderburgh County, Indiana, United States",-87.566616,37.9928713,united states of america,1624
"Sawyer County, Wisconsin, United States",-91.4846208,46.0130065,united states of america,1625
"Staunton, Virginia United States",-79.071696,38.149576,united states of america,1626
"Dolj, Romania",23.7948807,44.3301785,romania,1627
"af-af'af~afsaf~af!af~, af!afaf¥afaf af-af•af""afsaf",44.827096,41.7151377,georgia,1628
"San Pedro, Coahuila, Mexico",-102.9838564,25.7572143,mexico,1629
"Barton County, Missouri, United States",-94.2786092,37.4935549,united states of america,1630
"Campina de Jerez, Cadiz, Andalucia, Espana",-6.1260744,36.6850064,spain,1631
"Ouachita County, Arkansas, United States",-92.8274372,33.5733174,united states of america,1632
"Lenawee County, Michigan, United States",-84.3538666,41.8512228,united states of america,1633
"Regiao Geografica Intermediaria de Patos de Minas, Minas Gerais, Regiao Sudeste, Brasil",-45.953489,-16.42743,brazil,1634
"Columbiana County, Ohio, United States",-80.76578,40.790258,united states of america,1635
"a¸-a+/-+/-a¸,, a¹?a¸oecoe, a¸-a> 1/2",113.39277,22.517585,china,1636
"O¶U,,O¹ U(C)UOEU...O§U'UOE, U(C)O+/-O§U†UOE U^U^UOEU~U†, O³U†O¯U 3/4, U 3/4O§U(C)O³OªO§U†",66.9839085,24.8170917,NA,1637
"York Region, Golden Horseshoe, Ontario, Canada",-79.3500531,43.8157563,canada,1638
"Oconee County, South Carolina, United States",-82.924971,34.822493,united states of america,1639
"e‡'a¹³aOEº, ae+/-•a¤´a¸,, a¹?a¸oecoe, a¸-a> 1/2",116.681972,23.354091,NA,1640
"aeµ·ae>™aOEº, a(R)ae³¢a¸,, aeµ™ae+/-Ycoe, a¸-a> 1/2",121.54399,29.868336,china,1641
"Drome, Auvergne-Rhone-Alpes, France metropolitaine, France",4.937752,44.55131,france,1642
"Taxco de Alarcon, Guerrero, Mexico",-99.605121,18.556547,mexico,1643
"Uinta County, Wyoming, United States",-110.9632373,41.2682794,united states of america,1644
"Platte County, Missouri, United States",-94.6450596,39.2079409,united states of america,1645
"Charters Towers Regional, Queensland Australia",146.260136,-20.076964,australia,1646
"Todd County, Minnesota, United States",-94.8613584,45.9724746,united states of america,1647
"Latah County, Idaho, United States",-117.000165,46.732388,united states of america,1648
"Adams County, Pennsylvania, United States",-77.0176012,39.803175,united states of america,1649
"Landkreis Eichstatt, Bayern, Deutschland",11.3774119,48.7802981,germany,1650
"Hays County, Texas, United States",-97.8697125,29.980071,united states of america,1651
"e-aYZaOEº, cY³a(R)¶aº,,a¸,, ae²³aOE-coe, a¸-a> 1/2",114.9042208,37.8956594,china,1652
"Bulloch County, Georgia, United States",-81.7865347,32.4205489,united states of america,1653
"aeµ¦a¸oeae-°aOEº, a¸Saeµ·a¸,, a¸-a> 1/2",121.6537272,31.2782178,china,1654
"Baxter County, Arkansas, United States",-92.4010738,36.340723,united states of america,1655
"LaSalle County, Illinois, United States",-88.835352,41.120867,united states of america,1656
"Green Lake County, Wisconsin, United States",-89.2034253,43.6559766,united states of america,1657
"Dambovita, Romania",25.4558274,44.9118218,romania,1658
"Shire Of Donnybrook-Balingup, Western Australia, Australia",115.828005,-33.578841,australia,1659
"ae>>¨ae¹-aOEº, ae- e""!a¸,, ae+/-Ye<coe a¸-a> 1/2",120.31191,31.491169,china,1660
"a(R)‰aeºaOEº, ea¹!a¸,, ae+/-Ye¥?coe a¸-a> 1/2",113.854556,27.622768,china,1661
"Gogebic County, Michigan, United States",-90.0529504,46.4813363,united states of america,1662
"Valcea, Romania",23.9816333,45.1495389,romania,1663
"Floyd County, Georgia, United States",-85.065503,34.325647,united states of america,1664
"Borde, Sachsen-Anhalt, Deutschland",11.4936019,52.2292742,germany,1665
"Karlovarsky kraj, Severozapad, Cesko",12.7380211,50.2064775,czech republic,1666
"Landkreis Friesland, Niedersachsen, Deutschland",7.8969784,53.570506,germany,1667
"a¢zaYZaOEº, a¹?a·za¸,, a¹?a¸oecoe, a¸-a> 1/2",113.7632828,23.3790333,china,1668
"Ahmednagar, Ahmednagar District, Maharashtra, India",74.7479789,19.0948287,india,1669
"D'D°N...D 1/4NfN,NNOEDºD¸D¹ N€D°D¹D 3/4D 1/2, D""D 3/4D 1/2DµN†NOEDºD° D 3/4D+/-D>>D°NN,NOE, D£DºN€D°N-D 1/2D°",37.9980367,48.5986674,ukraine,1670
"Ontonagon County, Michigan, United States",-89.179551,46.738048,united states of america,1671
"DoeDµD´D²DµD¶NOEDµD³D 3/4N€NDºD¸D¹ N€D°D¹D 3/4D 1/2, D DµND?NfD+/-D>>D¸DºD° DsD°N€DµD>>D¸N, D!DµD²DµN€D 3/4-D-D°D?D°D´D 1/2N<D¹ N,,DµD´DµN€D°D>>NOED 1/2N<D¹ D 3/4DºN€NfD³, D D 3/4NND¸N",32.9905552,63.1558702,russia,1672
"i€i,°eµ°, i‰i•^e,¨e,,, i!°i,, e¯ 1/4i£ 1/4i£ 1/4i~i¸e¯ 1/4e³µi™""eµ-",126.028542,39.390029,north korea,1673
"Sullivan County, Pennsylvania, United States",-76.381607,41.470354,united states of america,1674
"Indiana County, Pennsylvania, United States",-79.10969,40.685076,united states of america,1675
"Lake County, Minnesota, United States",-91.6980976,47.0254841,united states of america,1676
"Chisec, Alta Verapaz, Guatemala",-90.230759,15.783471,guatemala,1677
"St. Clair County, Missouri, United States",-93.7043764,38.0466967,united states of america,1678
"West Berkshire, England, United Kingdom",-1.202685,51.401494,united kingdom,1679
"Livingston County, Illinois, United States",-88.6283451,40.8807722,united states of america,1680
"Custer County, Colorado, United States",-105.33611,38.097224,united states of america,1681
"Yuscaran, El Paraiso, Honduras",-86.850894,13.944896,honduras,1682
"Comal County, Texas, United States",-98.12181,29.6925486,united states of america,1683
"Alpine County, California, United States",-119.697502,38.665791,united states of america,1684
"Cerro Gordo County, Iowa, United States",-93.3788108,43.1435564,united states of america,1685
"Lexington, Virginia United States",-79.442816,37.784021,united states of america,1686
"Ponce, Puerto Rico, United States",-66.6140616,18.0110768,puerto rico,1687
"Montezuma County, Colorado, United States",-108.2892487,37.344996,united states of america,1688
"Vance County, North Carolina, United States",-78.369113,36.4437201,united states of america,1689
"Thunder Bay District, Northwestern Ontario, Ontario, Canada",-89.2476823,48.3808951,canada,1690
"Creek County, Oklahoma, United States",-96.391118,35.8306334,united states of america,1691
"Iowa County, Iowa, United States",-92.0713125,41.7978602,united states of america,1692
"Hettinger County, North Dakota, United States",-102.8682231,46.5391751,united states of america,1693
"Cass County, Iowa, United States",-94.9797498,41.4042054,united states of america,1694
"Klamath County, Oregon, United States",-121.785006,42.2242127,united states of america,1695
"Ogle County, Illinois, United States",-89.5792782,41.986141,united states of america,1696
"Dorset, Tasmania, Australia",147.801131,-41.147775,australia,1697
"Fraser Valley Regional District, British Columbia, Canada",-122.3044697,49.0504377,canada,1698
"Randolph County, Arkansas, United States",-90.971233,36.2614554,united states of america,1699
"North Lanarkshire, Alba / Scotland, United Kingdom",-3.99377,55.8871,united kingdom,1700
"Cass County, Michigan, United States",-86.0100068,41.9117133,united states of america,1701
"Davidson County, North Carolina, United States",-80.3820884,35.8574761,united states of america,1702
"DeWitt County, Illinois, United States",-88.8553022,40.1229205,united states of america,1703
"Radford City, Virginia, United States",-80.576448,37.131792,united states of america,1704
"Whatcom County, Washington, United States",-122.4839144,48.7780638,united states of america,1705
"Catorce, San Luis Potosi, Mexico",-100.885546,23.689397,mexico,1706
"Webster County, Iowa, United States",-94.1680158,42.4974694,united states of america,1707
"Madison County, Missouri, United States",-90.289841,37.615608,united states of america,1708
"Inner West Council, New South Wales, Australia",151.17906,-33.85895,australia,1709
"Lincoln County, Nevada, United States",-114.45162,37.929874,united states of america,1710
"Tazewell County, Virginia, United States",-81.654002,37.056781,united states of america,1711
"Wood County, Wisconsin, United States",-89.8654035,44.3507979,united states of america,1712
"Franklin County, Florida, United States",-84.8974652,29.73015,NA,1713
"D'D>>D°D´D¸D²D 3/4NN,D 3/4DºNDºD¸D¹ D³D 3/4N€D 3/4D´NDºD 3/4D¹ D 3/4DºN€NfD³, DYN€D¸D 1/4D 3/4N€NDºD¸D¹ DºN€D°D¹, D""D°D>>NOED 1/2DµD²D 3/4NN,D 3/4N‡D 1/2N<D¹ N,,DµD´DµN€D°D>>NOED 1/2N<D¹ D 3/4DºN€NfD³, D D 3/4NND¸N",131.886924,43.119809,russia,1714
"Franklin County, Missouri, United States",-90.7837197,38.4862007,united states of america,1715
"Northumberland County, Central Ontario, Ontario, Canada",-78.1677363,43.9593373,canada,1716
"is(C)i,°eµ¬, i,,oeis¸, eOE€i•oee¯ 1/4eµ-",126.9981073,37.5362611,south korea,1717
"i¤'eµ¬, i,,oeis¸, eOE€i•oee¯ 1/4eµ-",126.977969,37.566535,south korea,1718
"DDµN€N‡D¸D 1/2NDºD¸D¹ N€D°D¹D 3/4D 1/2, D-D°D+/-D°D¹DºD°D>>NOENDºD¸D¹ DºN€D°D¹, D""D°D>>NOED 1/2DµD²D 3/4NN,D 3/4N‡D 1/2N<D¹ N,,DµD´DµN€D°D>>NOED 1/2N<D¹ D 3/4DºN€NfD³, D D 3/4NND¸N",116.5892796,51.9772731,russia,1719
"Nord, Hauts-de-France, France metropolitaine, France",3.057256,50.62925,france,1720
"Yolo County, California, United States",-121.9445,38.69371,united states of america,1721
"Lassen County, California, United States",-120.712002,40.539439,united states of america,1722
"Laisamis, Marsabit, East Kenya, Kenya",37.2972044,1.957709,kenya,1723
"Ellis County, Texas, United States",-96.99445,32.48236,united states of america,1724
"Dukes County, Massachusetts, United States",-70.5133599,41.3890052,united states of america,1725
"Bathurst Regional Council, New South Wales Australia",149.577501,-33.419282,australia,1726
"Carter County, Oklahoma, United States",-97.222889,34.17582,united states of america,1727
"Mineral County, Colorado United States",-106.9264345,37.8491662,united states of america,1728
"San Juan de Guadalupe, Durango, Mexico",-102.7822222,24.8411111,mexico,1729
"La Crosse County, Wisconsin, United States",-91.2519017,43.8137751,united states of america,1730
"Oswego County, New York, United States",-76.417159,43.322846,united states of america,1731
"Mapimi, Durango, Mexico",-104.2141041,25.9802699,mexico,1732
"Jefferson County, West Virginia, United States",-77.863459,39.302324,united states of america,1733
"Clark County, Arkansas, United States",-93.0537839,34.1209292,united states of america,1734
"Perry County, Ohio, United States",-82.25833,39.764135,united states of america,1735
"Sagadahoc County, Maine, United States",-69.8206023,43.9106353,united states of america,1736
"Scioto County, Ohio, United States",-82.997674,38.731743,united states of america,1737
"Craig County, Virginia, United States",-80.109357,37.531405,united states of america,1738
"Sibiu, Romania",24.1212945,45.7935607,romania,1739
"Itasy, Province d'Antananarivo, Madagasikara / Madagascar",46.86911,-18.76695,madagascar,1740
"Lewis County, New York, United States",-75.428511,43.566736,united states of america,1741
"D!D 3/4N,,D¸N-D³N€D°D´, D'NSD>>D³D°N€D¸N",23.3218675,42.6977082,bulgaria,1742
"Municipio Lagunillas, Zulia, Venezuela",-71.3110247,10.2142122,venezuela,1743
"Putnam County, Indiana, United States",-86.8647316,39.6444898,united states of america,1744
"Claiborne Parish, Louisiana, United States",-93.0714454,32.777753,united states of america,1745
"McLean County, Illinois, United States",-88.9975608,40.4792889,united states of america,1746
"Fayette County, Iowa, United States",-91.6712663,42.7491501,united states of america,1747
"Distrito Panama, Panama",-79.5631537,8.9613962,panama,1748
"Waynesboro, Virginia United States",-78.8894682,38.0684692,united states of america,1749
"Licking County, Ohio, United States",-82.4083278,40.0524427,united states of america,1750
"Rutland, England, United Kingdom",-0.684903,52.73877,united kingdom,1751
"Lincoln County, Missouri, United States",-90.9715391,38.982314,united states of america,1752
"Chenango County, New York, United States",-75.5235149,42.531184,united states of america,1753
"Union County, Oregon, United States",-117.8652126,45.2084696,united states of america,1754
"Shire Of Coolgardie, Western Australia, Australia",121.175927,-30.954274,australia,1755
"Minas de Matahambre, Pinar del Rio Cuba",-83.9479637,22.5835642,cuba,1756
"Tshopo, Republique democratique du Congo",25.32228,1.552462,democratic republic of the congo,1757
"Isabella County, Michigan, United States",-84.8567932,43.598799,united states of america,1758
"Orange County, Vermont, United States",-72.2098554,43.9209403,united states of america,1759
"Partido de Vicente Lopez, Buenos Aires, Argentina",-58.4963913,-34.5105515,argentina,1760
"Panthalur, Nilgiris District, Tamil Nadu, India",76.339126,11.488442,india,1761
"Bartholomew County, Indiana, United States",-85.9213796,39.2014404,united states of america,1762
"Saint Ann, Middlesex County, Jamaica",-77.1973997,18.4329473,jamaica,1763
"Madison County, Indiana, United States",-85.6461164,40.3371819,united states of america,1764
"Grant County, West Virginia, United States",-79.4142157,39.2387176,united states of america,1765
"a>>""a+/-+/-aOEº, c¦a·za¸,, c¦a>>ºcoe, a¸-a> 1/2",119.3271275,26.012437,china,1766
"County Durham, North East, England, United Kingdom",-1.331571,54.788061,united kingdom,1767
Gibraltar,-5.3544811,36.141505,NA,1768
"Mayes County, Oklahoma, United States",-95.2777771,36.2423031,united states of america,1769
"Sublette County, Wyoming, United States",-109.8640711,42.8671833,united states of america,1770
"Lafayette County, Mississippi, United States",-89.4876471,34.3736741,united states of america,1771
"Sedibeng District Municipality, Gauteng, South Africa",27.9014654,-26.5969312,south africa,1772
"Okanogan County, Washington, United States",-118.9761322,47.9654304,united states of america,1773
"Argyle Municipal District, Yarmouth County, Nova Scotia, Canada",-65.833333,43.733333,canada,1774
"Steele County, Minnesota, United States",-93.2012564,44.1024982,united states of america,1775
"Zacualpan, Estado de Mexico, Mexico",-99.778178,18.719444,mexico,1776
"Posey County, Indiana, United States",-87.93503,38.129768,united states of america,1777
"Boyd County, Kentucky, United States",-82.6379387,38.4784144,united states of america,1778
"Worcestershire, England, United Kingdom",-2.1835116,52.2152624,united kingdom,1779
"Windsor, Ontario, Canada",-82.9665328,42.328806,canada,1780
"Glacier County, Montana, United States",-112.3204047,48.8399819,united states of america,1781
"Boone County, Indiana, United States",-86.261937,39.9508733,united states of america,1782
"North Northamptonshire, England, United Kingdom",-0.6395125,52.38623,united kingdom,1783
"Warren County, Pennsylvania, United States",-79.035595,41.7039499,united states of america,1784
"Pope County, Arkansas, United States",-93.1216782,35.2893465,united states of america,1785
"Madison County, West Tennessee, Tennessee, United States",-88.79307,35.61177,united states of america,1786
"Santana, Ricaurte, Boyaca, RAP (Especial) Central Colombia",-73.48223,6.05724,colombia,1787
"Region Hannover, Niedersachsen, Deutschland",9.7320104,52.3758916,germany,1788
"Municipio de Mexicali, Baja California, Mexico",-115.4763241,32.6564981,united states of america,1789
"El Andevalo, Huelva, Andalucia, Espana",-6.753414,37.5746343,spain,1790
"Tamworth Regional Council, New South Wales, Australia",151.125392,-31.46967,australia,1791
"Sac County, Iowa, United States",-95.2526878,42.3110926,united states of america,1792
"Lampasas County, Texas, United States",-98.18734,31.07151,united states of america,1793
"Lucca, Toscana, Italia",10.4177592,44.0714428,italy,1794
"Marshall County, West Virginia, United States",-80.734249,40.018129,united states of america,1795
"Ford County, Illinois, United States",-88.4012831,40.4645553,united states of america,1796
"Fillmore County, Minnesota, United States",-92.3953905,43.6908728,united states of america,1797
"Hardin County, Illinois, United States",-88.3461483,37.4236626,united states of america,1798
"Vermilion County, Illinois, United States",-87.6683573,40.4672587,united states of america,1799
"Seneca County, Ohio, United States",-83.41687,41.156998,united states of america,1800
"Starr County, Texas, United States",-98.8099955,26.3777643,united states of america,1801
"Marlboro County, South Carolina, United States",-79.6841505,34.6186652,united states of america,1802
"Municipio de Ensenada, Baja California, Mexico",-118.2760503,29.0525203,mexico,1803
"Sumter County, Georgia, United States",-84.2578499,32.0833695,united states of america,1804
"Tuscarawas County, Ohio, United States",-81.474005,40.52062,united states of america,1805
"Landkreis Gottingen, Niedersachsen, Deutschland",10.05261,51.475267,germany,1806
"Bremen, Deutschland",8.801694,53.079296,germany,1807
"Municipio de Ojinaga, Chihuahua, Mexico",-104.408291,29.545884,mexico,1808
"San Dimas, Durango, Mexico",-105.926796,24.107164,mexico,1809
"Mid Murray Council, South Australia, Australia",139.152798,-34.858337,australia,1810
"Pool, Congo",14.258241,-3.3487754,republic of the congo,1811
"Moselle, Grand Est, France metropolitaine, France",6.895295,49.186515,france,1812
"Somerset County, Pennsylvania, United States",-78.835022,40.239799,united states of america,1813
"Floyd County, Kentucky, United States",-82.6235052,37.5292633,united states of america,1814
"Storey County, Nevada, United States",-119.6499793,39.3095135,united states of america,1815
"Mazowe, Mashonaland Central, Zimbabwe",30.89582,-17.63794,zimbabwe,1816
"San Ignacio, Sinaloa, Mexico",-106.7807941,23.7215764,mexico,1817
"Cusihuiriachi, Chihuahua, Mexico",-106.8338631,28.2394654,mexico,1818
"Tehama County, California, United States",-122.1791556,39.9276572,united states of america,1819
"Meeker County, Minnesota, United States",-94.5283333,45.1258332,united states of america,1820
"Main-Taunus-Kreis, Hessen, Deutschland",8.4257261,50.0331719,germany,1821
"Chandil, Seraikela-Kharsawan District, Jharkhand India",85.980011,22.8961999,india,1822
"Ruda Slaska, Gornoslasko-Zaglebiowska Metropolia, wojewodztwo slaskie, Polska",18.8555704,50.2558286,poland,1823
"Monchengladbach, Nordrhein-Westfalen, Deutschland",6.3604385,51.1507196,germany,1824
"Carroll County, New Hampshire, United States",-71.1203479,43.9791831,united states of america,1825
"McLean County, North Dakota, United States",-101.0020119,47.5514926,united states of america,1826
"Carter County, East Tennessee, Tennessee, United States",-82.12784,36.26386,united states of america,1827
"Municipio Angostura, Bolivar Venezuela",-63.580611,6.3585216,venezuela,1828
"Ketchikan Gateway, Alaska, United States",-131.6461112,55.3422222,united states of america,1829
"Palo Pinto County, Texas, United States",-98.113625,32.803705,united states of america,1830
"Galati, Romania",27.9162254,45.8740128,romania,1831
"c¦a²!coeOE, ae-¥aeoe¬",130.502234,33.212379,japan,1832
"Powys, Cymru / Wales, United Kingdom",-3.392157,51.94874,united kingdom,1833
"Landkreis Munchen, Bayern, Deutschland",11.6055507,48.2519793,germany,1834
"Osage County, Oklahoma, United States",-96.389967,36.4251445,united states of america,1835
"D""D 1/2N-D?N€D 3/4D²NNOEDºD¸D¹ N€D°D¹D 3/4D 1/2, D""D 1/2N-D?N€D 3/4D?DµN,N€D 3/4D²NNOEDºD° D 3/4D+/-D>>D°NN,NOE, D£DºN€D°N-D 1/2D°",35.046183,48.464717,ukraine,1836
"Saalekreis, Sachsen-Anhalt, Deutschland",11.8038954,51.5866751,germany,1837
"Mainz, Rheinland-Pfalz, Deutschland",8.2472526,49.9928617,germany,1838
"Panuco de Coronado, Durango, Mexico",-104.3212409,24.5311754,mexico,1839
"Landkreis Goslar, Niedersachsen, Deutschland",10.3407069,51.8080063,germany,1840
"Butte County, Idaho, United States",-113.560254,43.704558,united states of america,1841
"Portsmouth, Virginia, United States",-76.3493875,36.8640369,united states of america,1842
"Alpine Shire, Victoria, Australia",147.065038,-36.888669,australia,1843
"La Habana Vieja, La Habana, Cuba",-82.3485727,23.132275,cuba,1844
"Fayette County, Georgia, United States",-84.454552,33.459208,united states of america,1845
"ae-...e!ºa£aOEº, a¤§e?za¸,, e 3/4 1/2a(R)coe a¸-a> 1/2",121.261953,38.851705,china,1846
"Whitley County, Kentucky, United States",-84.13583,36.614781,united states of america,1847
"Vale of Glamorgan, Cymru / Wales, United Kingdom",-3.288429,51.3919666,united kingdom,1848
"Nuevo Casas Grandes, Chihuahua Mexico",-107.885498,30.60079,mexico,1849
"Landkreis Birkenfeld, Rheinland-Pfalz, Deutschland",7.1631611,49.6512438,germany,1850
"Harrison County, Mississippi, United States",-88.9452638,30.4146527,united states of america,1851
"Chautauqua County, Kansas, United States",-96.18381,37.1081,united states of america,1852
"Miller County, Arkansas, United States",-94.02552,33.40268,united states of america,1853
"Randolph County, West Virginia, United States",-80.00877,38.80926,united states of america,1854
"Fulton County, Illinois, United States",-90.00095,40.39171,united states of america,1855
"St. Clair County, Alabama, United States",-86.28005,33.59537,united states of america,1856
"City of Ballarat, Victoria, Australia",143.8503,-37.56216,australia,1857
"Stutsman County, North Dakota, United States",-98.70844,46.91054,united states of america,1858
"Elmore County, Idaho, United States",-115.1271,43.80166,united states of america,1859
"Matanzas, Cuba",-81.4,22.03333,NA,1860
"Pyrenees-Atlantiques, Nouvelle-Aquitaine, France metropolitaine, France",-1.474841,43.49295,france,1861
"Alotenango, Sacatepequez, Guatemala",-90.82304,14.42123,guatemala,1862
"Padova, Veneto, Italia",11.87676,45.40643,italy,1863
"I IµII¹I†IµIIµI¹I+/-IºI(R) I•I 1/2IOEI,,I·I,,I+/- I'I 1/2I+/-I,,I?I>>I¹IºI(R)I, I'I,,I,,I¹IºI(R)I,, I IµII¹I†I-IIµI¹I+/- I'I,,I,,I¹IºI(R)I,, I'I€I?IºIµI 1/2I,,II‰I 1/4I-I 1/2I· I""I¹I?I¯IºI·IfI· I'I,,I,,I¹IºI(R)I,, I•I>>I>>I¬I,",24.05766,37.71418,greece,1864
"Belluno, Veneto, Italia",12.0345,46.28389,italy,1865
"Wittenberg, Sachsen-Anhalt, Deutschland",12.62797,51.87398,germany,1866
"Arequipa, Peru",-71.53745,-16.40905,peru,1867
"Regiao Geografica Intermediaria de Santa Ines-Bacabal, Maranhao, Regiao Nordeste, Brasil",-45.27442,-4.96095,brazil,1868
"Tacuarembo, Uruguay",-55.76584,-32.52278,uruguay,1869
"Cape Winelands District Municipality, Western Cape, South Africa",19.00966,-33.64048,south africa,1870
"Wuppertal, Nordrhein-Westfalen, Deutschland",7.149625,51.24936,germany,1871
"Culiacan, Sinaloa, Mexico",-107.3868,24.80635,mexico,1872
"Les Laurentides, Laurentides, Quebec, Canada",-74.48432,46.1287,canada,1873
"Ehlanzeni, Mpumalanga, South Africa",31.23697,-25.6074,south africa,1874
"D!DµD²DµN€D 3/4NfN€D°D>>NOENDºD¸D¹ D³D 3/4N€D 3/4D´NDºD 3/4D¹ D 3/4DºN€NfD³, D!D²DµN€D´D>>D 3/4D²NDºD°N D 3/4D+/-D>>D°NN,NOE, D£N€D°D>>NOENDºD¸D¹ N,,DµD´DµN€D°D>>NOED 1/2N<D¹ D 3/4DºN€NfD³, D D 3/4NND¸N",59.16191,60.27849,russia,1875
"Gustavo A. Madero, Ciudad de Mexico, Mexico",-99.07909,19.47046,mexico,1876
"Venustiano Carranza, Ciudad de Mexico, Mexico",-99.07191,19.43608,mexico,1877
"Ath, Hainaut, Wallonie, Belgie / Belgique / Belgien",3.540668,50.65136,belgium,1878
"Iloilo City, Western Visayas Philippines",122.5621,10.72015,philippines,1879
"Almeria, Andalucia, Espana",-1.657852,37.35913,NA,1880
"Mures, Romania",24.60804,46.65497,romania,1881
"Arges, Romania",24.86918,44.85648,romania,1882
"Prahova, Romania",26.01286,44.93666,romania,1883
"D³D 3/4N€D 3/4D´NDºD 3/4D¹ D 3/4DºN€NfD³ D!D¸D 1/4N,,DµN€D 3/4D?D 3/4D>>NOE, DD²N,D 3/4D 1/2D 3/4D 1/4D 1/2D° D DµND?NfD+/-D>>N-DºD° DsN€D¸D 1/4, D£DºN€D°N-D 1/2D°",34.10242,44.95212,ukraine,1884
"Plon, Schleswig-Holstein, Deutschland",10.58644,54.29414,germany,1885
"Independence County, Arkansas, United States",-91.75403,35.87285,united states of america,1886
"Shire Of Menzies, Western Australia Australia",121.0289,-29.69155,australia,1887
"Ashland County, Wisconsin, United States",-90.8838,46.59244,united states of america,1888
"Municipio Maturin, Monagas, Venezuela",-63.2717,9.703287,venezuela,1889
"a(R)ae²³aOEº, a¤(C)ae´¥a¸, a¸-a> 1/2",117.3616,39.34336,china,1890
"Liege, Wallonie, Belgie / Belgique / Belgien",5.568289,50.64264,belgium,1891
"Hood River County, Oregon, United States",-121.5184,45.70834,united states of america,1892
La Romana Republica Dominicana,-68.96588,18.43386,dominican republic,1893
"Tioga County, New York, United States",-76.50721,42.07098,united states of america,1894
"Hauts-de-Seine, Ile-de-France, France metropolitaine, France",2.287864,48.89322,france,1895
"Muy Muy (Municipio), Matagalpa Nicaragua",-85.60236,12.76901,nicaragua,1896
"Perry County, Illinois, United States",-89.23619,38.01144,united states of america,1897
"Landkreis Ebersberg, Bayern, Deutschland",11.9646,48.04499,germany,1898
"Innsbruck, Tirol, Osterreich",11.4041,47.26921,austria,1899
"Distrito Central, Francisco Morazan, Honduras",-87.06867,14.22317,honduras,1900
"Mina, Nuevo Leon, Mexico",-100.5324,26.00132,mexico,1901
"El Fuerte, Sinaloa, Mexico",-108.6146,26.41763,mexico,1902
"Bristol County, Rhode Island, United States",-71.2731,41.66425,united states of america,1903
"Aalst, Oost-Vlaanderen, Vlaanderen, Belgie / Belgique / Belgien",4.040952,50.93781,belgium,1904
"Hancock County, Indiana, United States",-85.76942,39.78504,united states of america,1905
"Una Taluka, Gir Somnath District, Gujarat, India",70.99787,20.74926,india,1906
"Dale County, Alabama, United States",-85.46582,31.31441,united states of america,1907
"powiat kaliski, wojewodztwo wielkopolskie, Polska",18.1333,51.95387,poland,1908
"Break O'Day, Tasmania, Australia",147.7885,-41.52702,australia,1909
"Florence County, Wisconsin, United States",-88.252,45.92242,united states of america,1910
"Burleigh County, North Dakota, United States",-100.7837,46.80833,united states of america,1911
"Kinshasa, Republique democratique du Congo",15.31259,-4.301786,democratic republic of the congo,1912
"Nawada, Nawada District, Bihar, India",85.53547,24.89108,india,1913
"Lethbridge, Alberta, Canada",-112.8418,49.69349,canada,1914
"Kiel, Schleswig-Holstein, Deutschland",10.17904,54.39308,germany,1915
"Hamilton County, Iowa, United States",-93.88866,42.46917,united states of america,1916
"Dahme-Spreewald, Brandenburg, Deutschland",13.61778,52.13129,germany,1917
"Carbon County, Montana, United States",-108.8415,45.55667,united states of america,1918
"Kauno miesto savivaldybe, Kauno apskritis, Lietuva",23.9036,54.89852,lithuania,1919
"Region of Windsor and West Hants Municipality, Hants County, Nova Scotia, Canada",-64.13104,44.99029,canada,1920
"Provincia de El Loa, Region de Antofagasta, Chile",-68.91883,-22.30902,chile,1921
"Municipal District of Pincher Creek No. 9, Alberta, Canada",-114.2975,49.3717,canada,1922
"Cottbus - Chosebuz, Brandenburg, Deutschland",14.33287,51.75631,germany,1923
"Morgan County, West Virginia, United States",-78.37918,39.62454,united states of america,1924
"Teltow-Flaming, Brandenburg, Deutschland",13.22498,52.218,germany,1925
"Istmina, San Juan, Choco, RAP Pacifico Colombia",-76.82597,5.252803,colombia,1926
"Frederick County, Maryland, United States",-77.56638,39.5051,united states of america,1927
"Ogres novads, Zemgale, Latvija",24.81423,56.71915,latvia,1928
"powiat cieszynski, wojewodztwo slaskie, Polska",18.63547,49.74976,poland,1929
"Pasuruan, Jawa Timur, Jawa, Indonesia",112.894,-7.895585,indonesia,1930
"Solok, Sumatera Barat, Sumatera, Indonesia",100.655,-0.788534,indonesia,1931
"Haute-Marne, Grand Est, France metropolitaine, France",4.947527,48.63747,france,1932
"O¨O(R)O´ U...O+/-U(C)O²UOE O´U‡O+/-O³OªO§U† OªO¨O+/-UOEO², O´U‡O+/-O³OªO§U† OªO¨O+/-UOEO², O§O³OªO§U† O¢O°O+/-O¨O§UOEO¬O§U† O´O+/-U,UOE, O§UOEO+/-O§U†",46.2738,38.09624,iran,1933
"Landkreis Leipzig, Sachsen, Deutschland",12.74366,51.36988,germany,1934
"Zabrze, Gornoslasko-Zaglebiowska Metropolia, wojewodztwo slaskie, Polska",18.78572,50.32493,poland,1935
"City of Fremantle, Western Australia, Australia",115.762,-32.07297,australia,1936
"Kent County, Rhode Island, United States",-71.60789,41.65206,united states of america,1937
"Little River County, Arkansas, United States",-94.39129,33.71611,united states of america,1938
"Lee County, Iowa, United States",-91.31454,40.62976,united states of america,1939
"Amancio, Las Tunas Cuba",-77.53793,20.82068,cuba,1940
"Broomfield, Colorado, United States",-105.1274,39.91966,united states of america,1941
"Mazapil, Zacatecas, Mexico",-101.4888,24.7055,mexico,1942
"Clinton County, New York, United States",-73.58264,44.4656,united states of america,1943
"Waitaki District, Canterbury, New Zealand / Aotearoa",170.9704,-45.09751,new zealand,1944
"Hall County, Georgia, United States",-83.82986,34.29258,united states of america,1945
"Carroll County, Kentucky, United States",-85.1794,38.6809,united states of america,1946
"D³D 3/4N€D 3/4D´NDºD 3/4D¹ D 3/4DºN€NfD³ DD 3/4D²D 3/4N‡DµN€DºD°NNDº, D D 3/4NN,D 3/4D²NDºD°N D 3/4D+/-D>>D°NN,NOE, D(R)D¶D 1/2N<D¹ N,,DµD´DµN€D°D>>NOED 1/2N<D¹ D 3/4DºN€NfD³, D D 3/4NND¸N",40.07268,47.41777,russia,1947
"Montour County, Pennsylvania, United States",-76.61273,40.96342,united states of america,1948
"Smith County, Texas, United States",-95.44544,32.32424,united states of america,1949
"Wayne County, Pennsylvania, United States",-75.20426,41.52697,united states of america,1950
"Landkreis Ludwigsburg, Baden-Wurttemberg, Deutschland",9.195464,48.89406,germany,1951
"Lake County, California, United States",-122.8394,38.97795,united states of america,1952
"Vorpommern-Greifswald, Mecklenburg-Vorpommern, Deutschland",13.39234,54.08655,germany,1953
"Alba, Romania",23.56638,45.95956,romania,1954
"Partido de Avellaneda, Buenos Aires, Argentina",-58.37529,-34.68652,argentina,1955
"Azangaro, Puno, Peru",-70.40187,-14.95513,peru,1956
"Cajeme, Sonora, Mexico",-109.9598,27.57667,mexico,1957
"Lauderdale County, Mississippi, United States",-88.70208,32.35716,united states of america,1958
"Michigan, United States",-88.32494,47.75157,united states of america,1959
"Kalamazoo County, Michigan, United States",-85.52235,42.32462,united states of america,1960
"Landkreis Marburg-Biedenkopf, Hessen, Deutschland",9.057666,50.87046,germany,1961
"Lubeck, Schleswig-Holstein, Deutschland",10.68656,53.86547,germany,1962
"Calarasi, Romania",26.63748,44.08547,bulgaria,1963
"Sauk County, Wisconsin, United States",-89.86846,43.45971,united states of america,1964
"Viesca, Coahuila Mexico",-102.8084,25.34538,mexico,1965
"Erfurt, Thuringen, Deutschland",11.02988,50.98477,germany,1966
"Moffat County, Colorado, United States",-107.5465,40.51525,united states of america,1967
"Bibb County, Georgia, United States",-83.6324,32.84069,united states of america,1968
"Landkreis Waldeck-Frankenberg, Hessen, Deutschland",9.012551,51.37986,germany,1969
"Orocovis, Puerto Rico United States",-66.41085,18.2345,puerto rico,1970
"Zanskar tehsil, Kargil District, Ladakh India",76.57617,33.77817,india,1971
"Jelgava, Zemgale, Latvija",23.72135,56.65111,latvia,1972
"Galveston County, Texas, United States",-94.79164,29.29912,NA,1973
"Bottrop, Nordrhein-Westfalen, Deutschland",6.923084,51.52133,germany,1974
"Susa Rayonu, Qarabag, AzE™rbaycan",46.74648,39.75374,azerbaijan,1975
"Pulaski County, Virginia, United States",-80.77979,37.0479,united states of america,1976
"Talladega County, Alabama, United States",-85.97108,33.42678,united states of america,1977
"powiat kluczborski, wojewodztwo opolskie, Polska",18.21114,51.11327,poland,1978
"Unincorporated Area, New South Wales Australia",141.2305,-31.88907,australia,1979
"Tenterfield Shire Council, New South Wales, Australia",152.3727,-28.92696,australia,1980
"Kingston, Surrey County, Jamaica",-76.78968,17.96647,NA,1981
"Major County, Oklahoma, United States",-98.34007,36.23559,united states of america,1982
"Buller District, West Coast, New Zealand / Aotearoa",171.8625,-42.11457,new zealand,1983
"Abreus, Cienfuegos Cuba",-80.55773,22.09875,cuba,1984
"DsN€DµD 1/4DµD 1/2N‡NfN†NOEDºD¸D¹ N€D°D¹D 3/4D 1/2, DYD 3/4D>>N,D°D²NNOEDºD° D 3/4D+/-D>>D°NN,NOE, D£DºN€D°N-D 1/2D°",33.41003,49.06578,ukraine,1985
"Stone County, Missouri, United States",-93.38017,36.94467,united states of america,1986
"Bennington County, Vermont, United States",-73.07233,43.16369,united states of america,1987
"Rockbridge County, Virginia, United States",-79.51538,37.80622,united states of america,1988
"Carbon County, Utah, United States",-110.8107,39.59941,united states of america,1989
"Aroostook County, Maine, United States",-67.84023,46.12618,united states of america,1990
"Christian County, Missouri, United States",-93.29809,36.86259,united states of america,1991
"Dodge County, Wisconsin, United States",-88.73549,43.20597,united states of america,1992
"Oyon, Lima, Peru",-76.76972,-10.66713,peru,1993
"Wartburgkreis, Thuringen, Deutschland",10.31469,50.97957,germany,1994
"Cape Girardeau County, Missouri, United States",-89.51815,37.30588,united states of america,1995
"Baraga County, Michigan, United States",-88.44615,46.72834,united states of america,1996
"Metropole de Lyon, Rhone, Auvergne-Rhone-Alpes, France metropolitaine, France",4.835659,45.76404,france,1997
"Lauderdale County, Alabama, United States",-87.67553,34.80115,united states of america,1998
"Main-Tauber-Kreis, Baden-Wurttemberg, Deutschland",9.770416,49.48854,germany,1999
"Ynys Mon / Isle of Anglesey, Cymru / Wales, United Kingdom",-4.165577,53.22261,NA,2000
"La Magdalena Contreras, Ciudad de Mexico, Mexico",-99.22843,19.31639,mexico,2001
"Regensburg, Bayern, Deutschland",12.10162,49.01343,germany,2002
"Gasconade County, Missouri, United States",-91.43738,38.70421,united states of america,2003
"a¸^a¸+/-a¸‡a¸<<a¸§a¸+/-a¸""a¸™a¸,,a¸£a¸¨a¸£a¸µa¸~a¸£a¸£a¸!a¸£a¸²a¸S, a¸>a¸£a¸°a¹€a¸-a¸¨a¹,,a¸-a¸¢",99.5451,8.715832,thailand,2004
"D!DµD 1/4DµD¹ O>D°D>>D° O™DºN-D 1/4N^N-D>>N-D³N-, DD+/-D°D¹ D 3/4D+/-D>>N<NN<, OsD°D·D°O>NN,D°D 1/2",80.25081,50.42335,kazakhstan,2005
"Regiao Geografica Intermediaria de Manaus, Amazonas, Regiao Norte, Brasil",-60.02173,-3.119028,brazil,2006
"Cabarrus County, North Carolina, United States",-80.58828,35.41681,united states of america,2007
"Sumner County, Middle Tennessee, Tennessee, United States",-86.6082,36.30513,united states of america,2008
"a¹³c 1/2-aZ?, cY³a~´a+/-+/-a¸,, a(R)a¤a>zae-e‡ªae²>>aOEº, a¸-a> 1/2",106.5348,38.7946,china,2009
"Lake Macquarie City Council, New South Wales, Australia",151.6235,-32.94267,australia,2010
"Pittsburg County, Oklahoma, United States",-95.55748,34.8451,united states of america,2011
"Bundaberg Region, Queensland, Australia",152.351,-24.86697,australia,2012
"Calhoun County, Michigan, United States",-85.16163,42.30972,united states of america,2013
"Brooke County, West Virginia, United States",-80.55674,40.20563,united states of america,2014
"Washington County, Maine, United States",-67.2786,45.18896,united states of america,2015
"Balangan, Kalimantan Selatan, Kalimantan, Indonesia",115.6628,-2.21797,indonesia,2016
"Provincia de Arauco, Region del Biobio, Chile",-73.64833,-37.60971,chile,2017
"Jihomoravsky kraj, Jihovychod, Cesko",16.64776,49.36485,czech republic,2018
"Landkreis Schwabisch Hall, Baden-Wurttemberg, Deutschland",9.858972,49.25443,germany,2019
"Bamberg, Bayern, Deutschland",10.90276,49.89881,germany,2020
"Landkreis Goppingen, Baden-Wurttemberg, Deutschland",9.829448,48.62152,germany,2021
"Gelderland, Nederland",5.842828,51.84488,netherlands,2022
"Elk County, Kansas, United States",-96.26721,37.46752,united states of america,2023
"Ameca, Region Valles, Jalisco, Mexico",-104.0768,20.54539,mexico,2024
"Moengo, Marowijne, Suriname",-54.39866,5.608085,suriname,2025
"Ambattur, Thiruvallur District, Tamil Nadu, India",80.15484,13.03778,india,2026
"Landkreis Bad Kissingen, Bayern, Deutschland",9.771928,50.39682,germany,2027
"Landkreis Nordhausen, Thuringen, Deutschland",10.79158,51.49908,germany,2028
"Schwerin, Mecklenburg-Vorpommern, Deutschland",11.40125,53.6355,germany,2029
"Benzie County, Michigan, United States",-85.94397,44.52028,united states of america,2030
"af§afaf-af'af""af'af~af! af>af£afoeaf~afªaf~afzafafsaf~af¢af""af¢af~, af>afªaf(R)af""af-af-af>af-af~afafoeaf""af-af~, af!afaf¥afaf af-af•af""afsaf",44.51491,42.69672,georgia,2031
"Suceava, Romania",26.30153,47.46156,romania,2032
"Zambales, Central Luzon, Philippines",119.9608,15.52855,philippines,2033
"Platte County, Nebraska, United States",-97.35939,41.4303,united states of america,2034
"Minahasa Utara, Sulawesi Utara, Sulawesi, Indonesia",124.8955,1.622861,indonesia,2035
"Jo Daviess County, Illinois, United States",-90.42902,42.41667,united states of america,2036
"Thomas County, Georgia, United States",-83.97257,30.82684,united states of america,2037
"Dougherty County, Georgia, United States",-84.15574,31.57851,united states of america,2038
"Dawson City, Yukon, Y0B 1G0, Canada",-139.432,64.06007,canada,2039
"Cassia County, Idaho, United States",-113.6136,42.17158,united states of america,2040
"Distrito Audiovisual, Comuna 15, Ciudad Autonoma de Buenos Aires, Argentina",-58.4493,-34.58716,argentina,2041
"Garfield County, Utah, United States",-111.2845,37.84003,united states of america,2042
"McIntosh County, North Dakota, United States",-99.47484,46.13803,united states of america,2043
"Neckar-Odenwald-Kreis, Baden-Wurttemberg, Deutschland",9.093332,49.35173,germany,2044
"Villa Sola de Vega, Oaxaca, Mexico",-96.98005,16.51513,mexico,2045
"Harrison County, Kentucky, United States",-84.29346,38.38127,united states of america,2046
"Darmstadt, Hessen, Deutschland",8.651193,49.87283,germany,2047
"Saint Joseph, Barbados",-59.5432,13.19389,barbados,2048
"Atlixtac, Guerrero, Mexico",-98.93436,17.56162,mexico,2049
"St. Tammany Parish, Louisiana, United States",-90.09751,30.38744,united states of america,2050
"Floyd County, Iowa, United States",-92.69787,43.07361,united states of america,2051
"powiat jarocinski, wojewodztwo wielkopolskie, Polska",17.64782,51.91912,poland,2052
"Saale-Holzland-Kreis, Thuringen, Deutschland",11.75731,50.94259,germany,2053
"Olomoucky kraj, Stredni Morava, Cesko",17.34933,50.25834,poland,2054
"Hopewell, Virginia United States",-77.276840000000007,37.31541,united states of america,2055
"D³D 3/4N€D 3/4D´NDºD 3/4D¹ D 3/4DºN€NfD³ D¢D²DµN€NOE, D¢D²DµN€NDºD°N D 3/4D+/-D>>D°NN,NOE, D¦DµD 1/2N,N€D°D>>NOED 1/2N<D¹ N,,DµD´DµN€D°D>>NOED 1/2N<D¹ D 3/4DºN€NfD³, D D 3/4NND¸N",35.9176,56.85872,russia,2056
"DYDµN,N€D 3/4D?D°D²D>>D 3/4D²NDºD¸D¹ N€D°D¹D 3/4D 1/2, D'D 3/4N€D 3/4D 1/2DµD¶NDºD°N D 3/4D+/-D>>D°NN,NOE, D¦DµD 1/2N,N€D°D>>NOED 1/2N<D¹ N,,DµD´DµN€D°D>>NOED 1/2N<D¹ D 3/4DºN€NfD³, D D 3/4NND¸N",40.83303,49.98665,russia,2057
"powiat klobucki, wojewodztwo slaskie, Polska",18.91292,50.97514,poland,2058
"Altindag, Ankara, Ic Anadolu Bolgesi, Turkiye",32.85974,39.93336,turkey,2059
"D'D>>D°D³D 3/4DµD²D³N€D°D´, D'NSD>>D³D°N€D¸N",23.48565,41.84042,bulgaria,2060
"Bytom, Gornoslasko-Zaglebiowska Metropolia, wojewodztwo slaskie, Polska",18.91572,50.34838,poland,2061
"powiat krapkowicki, wojewodztwo opolskie, Polska",18.08596,50.48989,poland,2062
"Medellin, Valle de Aburra, Antioquia, RAP del Agua y la Montana Colombia",-75.57425,6.248607,colombia,2063
"Potsdam-Mittelmark, Brandenburg, Deutschland",12.86552,52.0916,germany,2064
"Satakunta, Lounais-Suomen aluehallintovirasto, Manner-Suomi, Suomi / Finland",22.10641,60.96788,finland,2065
"Hochsauerlandkreis, Nordrhein-Westfalen, Deutschland",8.052771,51.40734,germany,2066
"Latimer County, Oklahoma, United States",-95.33153,34.91527,united states of america,2067
"Jackson County, Michigan, United States",-84.40135,42.24587,united states of america,2068
"City of Greater Bendigo, Victoria, Australia",144.2703,-36.76492,australia,2069
"Kaiserslautern, Rheinland-Pfalz, Deutschland",7.749127,49.44007,germany,2070
"Puerto Berrio, Magdalena Medio, Antioquia, RAP del Agua y la Montana Colombia",-74.4088,6.477755,colombia,2071
"Falkirk, Alba / Scotland, United Kingdom",-3.72277,56.00972,united kingdom,2072
"Delaware County, Indiana, United States",-85.4172,40.19465,united states of america,2073
"Williams County, North Dakota, United States",-103.6074,48.1499,united states of america,2074
"Huambo, Angola",15.74685,-12.77398,angola,2075
"Acoyapa (Municipio), Chontales Nicaragua",-85.1894,11.93947,nicaragua,2076
"Gloucestershire, England, United Kingdom",-2.078253,51.89939,united kingdom,2077
"Prairie County, Arkansas, United States",-91.58097,34.78093,united states of america,2078
"Grays Harbor County, Washington, United States",-123.8157,46.97537,united states of america,2079
"a¸-e¥?a€ Central and Western District, e¦™ae¸¯a³¶ Hong Kong Island, e¦™ae¸¯ Hong Kong, a¸-a> 1/2",114.154,22.28278,hong kong s.a.r.,2080
"Williamsburg, Virginia, United States",-76.70746,37.2707,united states of america,2081
"Benguet, Cordillera Administrative Region, Philippines",120.5504,16.41068,philippines,2082
"Baguio, Cordillera Administrative Region Philippines",120.596,16.40233,philippines,2083
"Wapello County, Iowa, United States",-92.41493,41.01867,united states of america,2084
"Wiesbaden, Hessen, Deutschland",8.239761,50.07822,germany,2085
"Ludwigslust-Parchim, Mecklenburg-Vorpommern, Deutschland",10.90103,53.44353,germany,2086
"Celaya, Guanajuato, Mexico",-100.8113,20.52796,mexico,2087
"Regiao Metropolitana do Recife, Regiao Geografica Intermediaria do Recife, Pernambuco, Regiao Nordeste, Brasil",-34.92861,-8.05224,brazil,2088
"Beja, Portugal",-7.660667,37.64151,portugal,2089
"Dyer County, West Tennessee, Tennessee, United States",-89.38628,36.03421,united states of america,2090
"Meagher County, Montana, United States",-110.711,46.7119,united states of america,2091
"Lynchburg, Virginia, United States",-79.14225,37.41375,united states of america,2092
"Delta County, Michigan, United States",-87.02181,45.85274,united states of america,2093
"Hill County, Montana, United States",-110.0104,48.31874,united states of america,2094
"Brown County, Wisconsin, United States",-87.97443,44.49888,united states of america,2095
"Saint Bernard Parish, Louisiana, United States",-89.96775,29.94423,united states of america,2096
"Lahn-Dill-Kreis, Hessen, Deutschland",8.533824,50.69806,germany,2097
"Dorchester County, South Carolina, United States",-80.54385,33.16804,united states of america,2098
"Kassel, Hessen, Deutschland",9.479746,51.31271,germany,2099
"Comarca de la Vega de Granada, Granada, Andalucia, Espana",-3.598557,37.17734,spain,2100
"Canton Remich, Letzebuerg",6.342147,49.52494,luxembourg,2101
"Offenbach am Main, Hessen, Deutschland",8.7760840000000009,50.09564,germany,2102
"Town of Westville, Pictou County, Nova Scotia, B0K 2A0, Canada",-62.71118,45.5606,canada,2103
"Shagamu, Ogun, Nigeria",3.557036,6.77743,nigeria,2104
"Hancock County, Illinois, United States",-91.13625,40.41643,united states of america,2105
"Darjeeling Pulbazar, Darjeeling District, West Bengal, India",88.27653,27.06155,india,2106
"Atebubu-Amantin Municipal District, Bono East Region, Ghana",-0.9844567,7.754121,ghana,2107
"Town of Gawler, South Australia, Australia",138.7449,-34.59735,australia,2108
"Renfrewshire, Alba / Scotland, United Kingdom",-4.440114,55.84726,united kingdom,2109
"Franklin County, Maine, United States",-70.2281,44.5927,united states of america,2110
"Kay County, Oklahoma, United States",-97.30482,36.81051,united states of america,2111
"Jimenez, Chihuahua Mexico",-104.9231,27.13014,mexico,2112
"Novara, Piemonte, Italia",8.381737,45.82731,italy,2113
"Sulcis Iglesiente, Sardigna/Sardegna, Italia",8.509598,39.30122,italy,2114
"Pedania Capital, Departamento Capital, Cordoba, X5000, Argentina",-64.18215,-31.45027,argentina,2115
"Santiago Ixcuintla, Nayarit, Mexico",-105.0645,21.83725,mexico,2116
"Canton Mersch, Letzebuerg",6.129583,49.81527,luxembourg,2117
"Surf Coast Shire, Victoria, Australia",143.9715,-38.53666,australia,2118
"Thabo Mofutsanyana District Municipality, Free State, South Africa",28.31113,-28.2423,south africa,2119
"Butler County, Missouri, United States",-90.40906,36.76041,united states of america,2120
"Torfaen, Cymru / Wales, United Kingdom",-3.088581,51.77723,united kingdom,2121
"Rosenheim, Bayern, Deutschland",12.1181,47.85713,germany,2122
"Landkreis Hersfeld-Rotenburg, Hessen, Deutschland",9.555516,50.83085,germany,2123
"Wasco County, Oregon, United States",-121.1787,45.59456,united states of america,2124
"Columbia County, Pennsylvania, United States",-76.23327,41.05453,united states of america,2125
"Perry County, Pennsylvania, United States",-77.02303,40.39814,united states of america,2126
"Landkreis Berchtesgadener Land, Bayern, Deutschland",13.00007,47.63018,germany,2127
"Boise County, Idaho, United States",-115.8346,43.8285,united states of america,2128
"Pickens County, South Carolina, United States",-82.83671,34.67341,united states of america,2129
"Banamichi, Sonora Mexico",-110.2134,30.00937,mexico,2130
"Aitkin County, Minnesota, United States",-93.23935,46.79894,united states of america,2131
"Roosevelt County, Montana, United States",-104.5172,48.14476,united states of america,2132
"Johnston County, Oklahoma, United States",-96.62106,34.28551,united states of america,2133
"O'Brien County, Iowa, United States",-95.84663,43.19916,united states of america,2134
"Trumbull County, Ohio, United States",-80.81842,41.23756,united states of america,2135
"Rhea County, East Tennessee, Tennessee, United States",-85.01245,35.49396,united states of america,2136
"Municipio de La Paz, Baja California Sur, Mexico",-110.3128,24.14264,mexico,2137
"Bezirk Gmund, Niederosterreich, Osterreich",15.04401,48.94417,austria,2138
"Linn County, Oregon, United States",-123.1059,44.63651,united states of america,2139
"Macon County, Missouri, United States",-92.47269,39.74226,united states of america,2140
"powiat olawski, wojewodztwo dolnoslaskie, Polska",17.2924,50.94593,poland,2141
"Etowah County, Alabama, United States",-86.01228,34.01379,united states of america,2142
"Beltrami County, Minnesota, United States",-94.73916,47.55962,united states of america,2143
"Crittenden County, Kentucky, United States",-88.08114,37.33283,united states of america,2144
"Imperial County, California, United States",-115.5631,32.792,united states of america,2145
"Provincia de Llanquihue, Region de Los Lagos, Chile",-72.94114,-41.46892,chile,2146
"e,¨e™eµ¬, i¸i²oe, eOE€i•oee¯ 1/4eµ-",126.7052,37.45626,south korea,2147
"City of Launceston, Tasmania, Australia",147.1441,-41.43322,australia,2148
"Millard County, Utah, United States",-112.5772,39.35218,united states of america,2149
"Dent County, Missouri, United States",-91.37764,37.77393,united states of america,2150
"Viseu, Portugal",-7.910427,40.6623,portugal,2151
"Columbia-Shuswap Regional District, British Columbia, Canada",-117.4777,50.67656,canada,2152
"DeSoto County, Mississippi, United States",-89.84897,34.95987,united states of america,2153
"Uintah County, Utah, United States",-109.1584,39.88191,united states of america,2154
"Bonneville County, Idaho, United States",-112.0216,43.4944,united states of america,2155
"Tarkwa-Nsuaem Municipal District, Western Region, Ghana",-1.993047,5.301832,ghana,2156
"Jerichower Land, Sachsen-Anhalt, Deutschland",11.82355,52.07488,germany,2157
"Aberdeen City, Alba / Scotland, United Kingdom",-2.105576,57.15368,united kingdom,2158
"Landkreis Sonneberg, Thuringen, Deutschland",11.17099,50.36018,germany,2159
"Washington County, Vermont, United States",-72.55969,44.25097,united states of america,2160
"Guadalupe y Calvo, Chihuahua, Mexico",-106.5204,26.0374,mexico,2161
"Kreis Soest, Nordrhein-Westfalen, Deutschland",8.340648,51.67123,germany,2162
"Gomez Palacio, Durango, Mexico",-103.4859,25.58915,mexico,2163
"Gliwice, Gornoslasko-Zaglebiowska Metropolia, wojewodztwo slaskie, Polska",18.67138,50.29449,poland,2164
"Auglaize County, Ohio, United States",-84.3811,40.43669,united states of america,2165
"Monroe County, Pennsylvania, United States",-75.12662,41.04243,united states of america,2166
"Landkreis Biberach, Baden-Wurttemberg, Deutschland",10.0831,48.04201,germany,2167
"Leverkusen, Nordrhein-Westfalen, Deutschland",7.050697,51.02844,germany,2168
"Landkreis Lorrach, Baden-Wurttemberg, Deutschland",7.662316,47.71477,germany,2169
"D³D 3/4N€D 3/4D´NDºD 3/4D¹ D 3/4DºN€NfD³ DD 3/4D²D 3/4N€D 3/4NND¸D¹NDº, DsN€D°ND 1/2D 3/4D´D°N€NDºD¸D¹ DºN€D°D¹, D(R)D¶D 1/2N<D¹ N,,DµD´DµN€D°D>>NOED 1/2N<D¹ D 3/4DºN€NfD³, D D 3/4NND¸N",37.76197,44.7154,russia,2170
"Kielce, wojewodztwo swietokrzyskie, Polska",20.62875,50.87077,poland,2171
"Landkreis Kronach, Bayern, Deutschland",11.33105,50.23599,germany,2172
"Shelby County, Illinois, United States",-89.01897,39.62476,united states of america,2173
"e² 1/2i£ 1/4i<oe, e² 1/2ife¶e,,, eOE€i•oee¯ 1/4eµ-",129.3321,35.7901,south korea,2174
"Plymouth, England, United Kingdom",-4.142657,50.37546,united kingdom,2175
"Island County, Washington, United States",-122.5268,48.00983,NA,2176
"Hot Springs County, Wyoming, United States",-108.212,43.64607,united states of america,2177
"Union County, Illinois, United States",-89.31759,37.57033,united states of america,2178
"Miami County, Ohio, United States",-84.24244,40.14477,united states of america,2179
"Polk County, Oregon, United States",-123.234,44.84845,united states of america,2180
"Cheyenne County, Nebraska, United States",-102.9768,41.13862,united states of america,2181
"Douglas County, Nevada, United States",-119.7496,38.9413,united states of america,2182
"a€™a€""a€¹a€a€oea€+/-a€¸a€a€-a€¯a€,,a€ºa€¸, a€™a€ 1/4a€""a€ºa€™a€¬",96.0891,21.95883,myanmar,2183
"County Tyrone, Northern Ireland / Tuaisceart Eireann, United Kingdom",-7.1645200000000004,54.4143,united kingdom,2184
"Goygol rayonu, GE™ncE™-DaskE™sE™n AzE™rbaycan",46.32714,40.58953,azerbaijan,2185
"Miami County, Indiana, United States",-86.06266,40.75622,united states of america,2186
"Provincia Cercado, Oruro, Bolivia",-67.09314,-17.97167,bolivia,2187
"Vorpommern-Rugen, Mecklenburg-Vorpommern, Deutschland",13.07703,54.30907,germany,2188
"powiat swidnicki, wojewodztwo dolnoslaskie, Polska",16.47568,50.84984,poland,2189
"Grand County, Utah, United States",-109.63,38.65978,united states of america,2190
"Vogelsbergkreis, Hessen, Deutschland",9.419849,50.72104,germany,2191
"Gelsenkirchen, Nordrhein-Westfalen, Deutschland",7.085717,51.51774,germany,2192
"Bergamo, Lombardia, Italia",9.67727,45.69826,italy,2193
"Municipio de San Felipe, Baja California, Mexico",-115.2838,30.84063,mexico,2194
"Bezirk Amstetten, Niederosterreich, Osterreich",14.81545,48.07697,austria,2195
"District de la Sarine, Fribourg/Freiburg, Schweiz/Suisse/Svizzera/Svizra",7.153246,46.79859,switzerland,2196
"Midlothian, Alba / Scotland, United Kingdom",-3.079616,55.88257,united kingdom,2197
"Landkreis Saarlouis, Saarland, Deutschland",6.791127,49.26789,germany,2198
"a-aeS•c¸£, e‡ºc£",121.0794,23.90369,taiwan,2199
"Clark County, South Dakota, United States",-97.73379,44.88142,united states of america,2200
"Keski-Suomi, Lansi- ja Sisa-Suomen aluehallintovirasto, Manner-Suomi, Suomi / Finland",25.74815,61.92411,finland,2201
"Landkreis Rostock, Mecklenburg-Vorpommern, Deutschland",11.9925,53.83418,germany,2202
"Provincia de Concepcion, Region del Biobio, Chile",-73.04611,-36.82622,chile,2203
"Scott County, Mississippi, United States",-89.39853,32.35467,united states of america,2204
"Municipio de Tijuana, Baja California, Mexico",-116.9017,32.49607,mexico,2205
"Cattaraugus County, New York, United States",-78.42993,42.08364,united states of america,2206
"Rioverde, San Luis Potosi, Mexico",-99.98563,21.92779,mexico,2207
"Rice County, Minnesota, United States",-93.26883,44.29496,united states of america,2208
"San Felipe, Guanajuato, Mexico",-101.2159,21.47888,mexico,2209
"Pasto, Centro, Narino, RAP Pacifico, Colombia",-77.28579,1.205884,colombia,2210
"Kaduna South, Kaduna, Nigeria",7.416505,10.51046,nigeria,2211
"a¹€a¸,a¸•a¸>a¸-a¸¸a¸!a¸§a¸+/-a¸™, a¸a¸£a¸¸a¸‡a¹€a¸-a¸za¸!a¸<<a¸²a¸™a¸,,a¸£ a¸>a¸£a¸°a¹€a¸-a¸¨a¹,,a¸-a¸¢",100.5327,13.74383,thailand,2212
"Sierra County, California, United States",-120.843,39.46923,united states of america,2213
"Boundary County, Idaho, United States",-116.498,48.99751,canada,2214
"Sequoyah County, Oklahoma, United States",-94.69469,35.38761,united states of america,2215
"Area Metropolitana de Murcia, Region de Murcia, Espana",-1.130654,37.99224,spain,2216
"Castanos, Coahuila, Mexico",-101.2567,26.5314,mexico,2217
"Wood County, West Virginia, United States",-81.56151,39.26674,united states of america,2218
"Shire Of East Pilbara, Western Australia, Australia",119.7368,-23.3571,australia,2219
"Murray River Council, New South Wales, Australia",143.5842,-35.29973,australia,2220
"Jefferson County, Mississippi United States",-91.05996,31.71183,united states of america,2221
"Cherokee County, Alabama, United States",-85.68458,34.16653,united states of america,2222
"Salinas Victoria, Nuevo Leon Mexico",-100.2905,25.86378,mexico,2223
"Washington County, Oregon, United States",-122.9392,45.51491,united states of america,2224
"Belleville, Central Ontario, Ontario, Canada",-77.38323,44.16276,canada,2225
"Craven County, North Carolina, United States",-77.0535,35.11034,united states of america,2226
"Paita, Piura, Peru",-81.06167,-5.011594,peru,2227
"Kaua'i County, Hawaii, United States",-159.5261,22.09644,united states of america,2228
"Logan County, West Virginia, United States",-81.99346,37.84871,united states of america,2229
"Sitka, Alaska United States",-135.8976,57.85568,united states of america,2230
"Guaymas, Sonora, Mexico",-110.9089,27.91787,mexico,2231
"Brown County, South Dakota, United States",-98.49895,45.46921,united states of america,2232
"powiat wejherowski, wojewodztwo pomorskie, Polska",17.89419,54.77229,poland,2233
"Lodz, wojewodztwo lodzkie, Polska",19.45598,51.75925,poland,2234
"D NfD´D 1/2ND 1/2NDºD¸D¹ N€D°D¹D 3/4D 1/2, D!D 1/4D 3/4D>>DµD 1/2NDºD°N D 3/4D+/-D>>D°NN,NOE, D¦DµD 1/2N,N€D°D>>NOED 1/2N<D¹ N,,DµD´DµN€D°D>>NOED 1/2N<D¹ D 3/4DºN€NfD³, D D 3/4NND¸N",31.05708,54.94886,russia,2235
"Chaves County, New Mexico, United States",-104.523,33.42643,united states of america,2236
"Menominee County, Michigan, United States",-87.6975,45.51778,united states of america,2237
"Austin County, Texas, United States",-96.06524,29.63135,united states of america,2238
"Bezirk Salzburg-Umgebung, Salzburg, Osterreich",13.17407,47.792,austria,2239
"U†O§O-USO(C) O§U,,O³O(R)U†O(C), U...U†O·U,O(C) OªO¯U...O+/-, U...O-O§UO¸O(C) O-U...Oµ, O³U^O+/-USO§",38.99681,34.80208,syria,2240
"a¸oeaYZaOEº, aOE-aº¬a¸, a¸-a> 1/2",116.4074,39.9042,china,2241
"Snowy Valleys Council, New South Wales, Australia",148.3879,-35.58574,australia,2242
"Halton, Liverpool City Region, England, United Kingdom",-2.756011,53.37202,united kingdom,2243
"Provincia de Limari, Region de Coquimbo, Chile",-71.21924,-30.44696,chile,2244
"U,O+/-O·O§O¬ O¨USO+/-OµO(C), U,O+/-O·O§O¬, U^U,,O§USO(C) OªU^U†O³ OªU^U†O³",10.32172,36.85292,tunisia,2245
"Penon Blanco, Durango, Mexico",-104.0334,24.79121,mexico,2246
"Landkreis Fulda, Hessen, Deutschland",9.680845,50.55581,germany,2247
"Rush County, Kansas, United States",-99.31927,38.65501,united states of america,2248
"Mehedinti, Romania",22.65973,44.63692,romania,2249
"Burgenlandkreis, Sachsen-Anhalt, Deutschland",12.14028,51.04433,germany,2250
"DYDµN€D 1/4NDºD¸D¹ D³D 3/4N€D 3/4D´NDºD 3/4D¹ D 3/4DºN€NfD³, DYDµN€D 1/4NDºD¸D¹ DºN€D°D¹, DYN€D¸D²D 3/4D>>D¶NDºD¸D¹ N,,DµD´DµN€D°D>>NOED 1/2N<D¹ D 3/4DºN€NfD³, D D 3/4NND¸N",56.26679,58.02968,russia,2251
"Hendricks County, Indiana, United States",-86.38798,39.73897,united states of america,2252
"Shelby County, Ohio, United States",-84.1555,40.28422,united states of america,2253
"Walker County, Alabama, United States",-87.52612,33.89177,united states of america,2254
"Leuven, Vlaams-Brabant, Vlaanderen, Belgie / Belgique / Belgien",4.706088,50.87686,belgium,2255
"O§U,,O·USO¨ U...U‡USO+/-US, U...O¹OªU...O¯USO(C) O-U,,U, O§U,,U^O§O¯US, U^U,,O§USO(C) OªU^U†O³ OªU^U†O³",10.27534,36.84451,NA,2256
"D•D>>D°D+/-NfD¶NDºD¸D¹ N€D°D¹D 3/4D 1/2, D¢D°N,D°N€NN,D°D 1/2, DYN€D¸D²D 3/4D>>D¶NDºD¸D¹ N,,DµD´DµN€D°D>>NOED 1/2N<D¹ D 3/4DºN€NfD³, D D 3/4NND¸N",52.02549,55.76317,russia,2257
"Giridih, Giridih District, Jharkhand, India",86.31434,24.18182,india,2258
"Benton County, Washington, United States",-119.1199,46.20867,united states of america,2259
"Altar, Sonora Mexico",-112.1447,31.23944,mexico,2260
"Valley County, Montana, United States",-107.1673,47.70001,united states of america,2261
"Coos County, New Hampshire, United States",-71.18508,44.46867,united states of america,2262
"Grant County, Oregon, United States",-118.4177,44.80931,united states of america,2263
"South Lanarkshire, Alba / Scotland, United Kingdom",-3.760046,55.41846,united kingdom,2264
"DeKalb County, Illinois, United States",-88.75036,41.92947,united states of america,2265
"Anhalt-Bitterfeld, Sachsen-Anhalt, Deutschland",12.26814,51.70943,germany,2266
"Appenzell Innerrhoden, Schweiz/Suisse/Svizzera/Svizra",9.428032,47.28473,switzerland,2267
"D'D°ND¸D>>N-D²NNOEDºD¸D¹ N€D°D¹D 3/4D 1/2, D-D°D?D 3/4N€N-D·NOEDºD° D 3/4D+/-D>>D°NN,NOE, D£DºN€D°N-D 1/2D°",35.32213,47.25889,ukraine,2268
"Cortland County, New York, United States",-76.15712,42.59447,united states of america,2269
"Landkreis Passau, Bayern, Deutschland",13.42046,48.46123,germany,2270
"Pinos, Zacatecas, Mexico",-101.57470000000001,22.29728,mexico,2271
"okres Kezmarok, Presovsky kraj, Vychodne Slovensko, Slovensko",20.4307,49.13327,slovakia,2272
"Madison County, Arkansas, United States",-93.93416,36.02901,united states of america,2273
"Henry County, Alabama, United States",-85.3127,31.37687,united states of america,2274
"Rock County, Minnesota, United States",-96.36448,43.61414,united states of america,2275
"Ferrol, A Coruna, Galicia, Espana",-8.219345,43.48965,NA,2276
"Segria, Catalunya, Espana",0.6316183,41.62523,spain,2277
"Carbon County, Wyoming, United States",-106.8001,41.20607,united states of america,2278
"Landkreis Amberg-Sulzbach, Bayern, Deutschland",11.94314,49.54556,germany,2279
"L'Assomption (MRC), Lanaudiere, Quebec, Canada",-73.42308,45.8277,canada,2280
"Rhein-Sieg-Kreis, Nordrhein-Westfalen, Deutschland",7.205981,50.68673,germany,2281
"Jena, Thuringen, Deutschland",11.58924,50.92705,germany,2282
"Plaza de la Revolucion, La Habana, Cuba",-82.38461,23.14337,cuba,2283
"Jackson County, Mississippi, United States",-88.57235,30.36262,NA,2284
"Horry County, South Carolina, United States",-78.64803,33.84287,united states of america,2285
"San Miguel de Allende, Guanajuato, Mexico",-100.7452,20.91445,mexico,2286
"San Jose, Occidental Mindoro, Mimaropa Philippines",121.0659,12.34743,philippines,2287
"Fulton County, New York, United States",-74.33695,43.05073,united states of america,2288
"Prowers County, Colorado, United States",-102.4352,38.11806,united states of america,2289
"Buzau, Romania",26.68333,45.28333,romania,2290
"Scottish Borders, Alba / Scotland, United Kingdom",-2.463809,55.70653,united kingdom,2291
"Schwarzwald-Baar-Kreis, Baden-Wurttemberg, Deutschland",8.533504,48.02214,germany,2292
"Gavleborgs lan, Sverige",16.77592,60.62161,sweden,2293
"Siedlce, wojewodztwo mazowieckie, Polska",22.29016,52.1676,poland,2294
"Bell County, Texas, United States",-97.30278,31.20684,united states of america,2295
"Okaloosa County, Florida, United States",-86.41861,30.47191,united states of america,2296
"Central Bedfordshire, England, United Kingdom",-0.6209209,51.9877,united kingdom,2297
"Bezirk Landeck, Tirol, Osterreich",10.56558,47.14057,austria,2298
"Landkreis Landshut, Bayern, Deutschland",12.07807,48.57367,germany,2299
"Outaouais, Quebec, Canada",-75.71874,45.42713,canada,2300
"Clackamas County, Oregon, United States",-122.5938,45.41635,united states of america,2301
"a°ae+/-YaOEº, c¦a·za¸,, c¦a>>ºcoe, a¸-a> 1/2",119.2965,26.07448,china,2302
"North East Lincolnshire, England, United Kingdom",-0.0771637,53.56235,united kingdom,2303
"e,""a·za¸,, a-e~³a¸,, ae²³a-coe, a¸-a> 1/2",112.0875,32.68773,china,2304
"Poznan, wojewodztwo wielkopolskie, Polska",16.92517,52.40637,poland,2305
"York County, South Carolina, United States",-81.07389,34.94795,united states of america,2306
"Montgomery County, Middle Tennessee, Tennessee, United States",-87.35945,36.52977,united states of america,2307
"powiat nowosolski, wojewodztwo lubuskie, Polska",15.73194,51.69048,poland,2308
"Innlandet, Norge",11.068,60.79453,norway,2309
"Putnam County, Ohio, United States",-84.04717,41.01922,united states of america,2310
"Flinders Shire, Queensland, Australia",144.7852,-20.77223,australia,2311
"San Juan, Puerto Rico, United States",-66.10574,18.46554,puerto rico,2312
"Canton Capellen, Letzebuerg",5.982709,49.5876,luxembourg,2313
"Kewaunee County, Wisconsin, United States",-87.43259,44.60889,united states of america,2314
"Weg naar Zee, Paramaribo, Suriname",-55.20383,5.852036,suriname,2315
"Quibdo, Atrato, Choco, RAP Pacifico, Colombia",-76.64981,5.695633,colombia,2316
"Sodermanlands lan, Sverige",16.49667,59.15043,sweden,2317
"Bezirk Baden, Niederosterreich, Osterreich",16.18926,47.93142,austria,2318
"Baldwin County, Alabama, United States",-87.90188,30.67147,united states of america,2319
"Macon County, Alabama, United States",-85.70773,32.43024,united states of america,2320
"DsNfN^D²D¸D 1/2NDºD¸D¹ D³D 3/4N€D 3/4D´NDºD 3/4D¹ D 3/4DºN€NfD³, D!D²DµN€D´D>>D 3/4D²NDºD°N D 3/4D+/-D>>D°NN,NOE, D£N€D°D>>NOENDºD¸D¹ N,,DµD´DµN€D°D>>NOED 1/2N<D¹ D 3/4DºN€NfD³, D D 3/4NND¸N",59.76884,58.28423,russia,2321
"D³D 3/4N€D 3/4D´NDºD 3/4D¹ D 3/4DºN€NfD³ D'D 3/4D>>D³D 3/4D³N€D°D´, D'D 3/4D>>D³D 3/4D³N€D°D´NDºD°N D 3/4D+/-D>>D°NN,NOE, D(R)D¶D 1/2N<D¹ N,,DµD´DµN€D°D>>NOED 1/2N<D¹ D 3/4DºN€NfD³, D D 3/4NND¸N",44.5133,48.70805,russia,2322
"DD 3/4D>>D¸D 1/2NDºD¸D¹ N€D°D¹D 3/4D 1/2, DsD¸N€D 3/4D²NDºD°N D 3/4D+/-D>>D°NN,NOE, DYN€D¸D²D 3/4D>>D¶NDºD¸D¹ N,,DµD´DµN€D°D>>NOED 1/2N<D¹ D 3/4DºN€NfD³, D D 3/4NND¸N",49.944,57.56221,russia,2323
"Surabaya, Jawa Timur, Jawa, Indonesia",112.7466,-7.272163,indonesia,2324
"Polk County, Georgia, United States",-85.25658,34.01127,united states of america,2325
"Shire Of Meekatharra, Western Australia Australia",118.2985,-25.09401,australia,2326
"Fayette County, Alabama, United States",-87.83085,33.68455,united states of america,2327
"Cabell County, West Virginia, United States",-82.25833,38.43919,united states of america,2328
"Cartagena de Indias, Dique, Bolivar, RAP Caribe, Colombia",-75.47792,10.37917,colombia,2329
"Panuco, Veracruz, Mexico",-98.18206,22.05356,mexico,2330
"Sabah, Malaysia",116.0815,5.995109,NA,2331
"Lincoln County, Oklahoma, United States",-96.88086,35.70173,united states of america,2332
"Trigg County, Kentucky, United States",-87.82516,36.86621,united states of america,2333
"Chalchihuites, Zacatecas, Mexico",-103.881,23.47583,mexico,2334
"City of Roseau, Saint George Parish, Dominica",-61.37936,15.30917,dominica,2335
"DD>>D 1/4D°N,N< D°NfD´D°D 1/2N<, DNN,D°D 1/2D° OsD°D·D°O>NN,D°D 1/2",71.47036,51.16052,kazakhstan,2336
"Greenwood County, South Carolina, United States",-82.16179,34.1954,united states of america,2337
"Landkreis Bad Tolz-Wolfratshausen, Bayern, Deutschland",11.56515,47.76147,germany,2338
"Titiribi, Suroeste, Antioquia, RAP del Agua y la Montana, Colombia",-75.79377,6.063324,colombia,2339
"Mananthavady, Wayanad District, Kerala, India",76.04358,11.69522,india,2340
"Vythiri, Wayanad District, Kerala, India",76.132,11.68536,india,2341
"Ilm-Kreis, Thuringen, Deutschland",11.08091,50.77531,germany,2342
"Monroe County, Arkansas, United States",-91.18001,34.88902,united states of america,2343
"Adair County, Kentucky, United States",-85.16924,37.07368,united states of america,2344
"Madison County, Alabama, United States",-86.67163,34.72224,united states of america,2345
"Pike County, Illinois, United States",-90.80625,39.60655,united states of america,2346
"Chinipas, Chihuahua, Mexico",-108.5359,27.39417,mexico,2347
"Grant County, Washington, United States",-119.0397,46.96764,united states of america,2348
"Municipio Heres, Bolivar, Venezuela",-63.55356,8.088279,venezuela,2349
"Liberecky kraj, Severovychod, Cesko",14.63292,50.77719,czech republic,2350
"Markischer Kreis, Nordrhein-Westfalen, Deutschland",7.7666,51.4374,germany,2351
"Guernsey County, Ohio, United States",-81.58846,40.03118,united states of america,2352
"Payette County, Idaho, United States",-116.9338,44.07822,united states of america,2353
"Kreis Viersen, Nordrhein-Westfalen, Deutschland",6.194424,51.31727,germany,2354
"Landkreis Main-Spessart, Bayern, Deutschland",9.625462,49.79332,germany,2355
"Landkreis Miesbach, Bayern, Deutschland",11.95311,47.71971,germany,2356
"Verwaltungskreis Frutigen-Niedersimmental, Verwaltungsregion Oberland, Bern/Berne, Schweiz/Suisse/Svizzera/Svizra",7.694053,46.62544,switzerland,2357
"Puno, Peru",-70.02188,-15.84022,peru,2358
"D'D 3/4N€NDºD¸ NfD?N€D°D²D 1/2D¸ D 3/4DºN€NfD³, D¦DµD 1/2N,N€D°D>>D 1/2D° D!N€D+/-D¸N~D°, D!N€D+/-D¸N~D°",21.94952,44.4192,republic of serbia,2359
"Municipio de Zaragoza, Coahuila, Mexico",-100.7967,28.53968,mexico,2360
"Anderson County, South Carolina, United States",-82.65397,34.51489,united states of america,2361
"Ortenaukreis, Baden-Wurttemberg, Deutschland",8.076782,48.53356,germany,2362
"Regiao Geografica Intermediaria de Ribeirao Preto, Sao Paulo, Regiao Sudeste, Brasil",-47.40134,-20.53933,brazil,2363
"Redcar and Cleveland, Tees Valley, England, United Kingdom",-1.049544,54.53624,united kingdom,2364
"Krakow, wojewodztwo malopolskie, Polska",20.01552,50.0365,poland,2365
"Kandiyohi County, Minnesota, United States",-94.94418,45.30108,united states of america,2366
"Namkhana, South 24 Parganas District, West Bengal India",88.21568,21.73849,india,2367
"Parnu maakond, Eesti",25.01361,58.59527,estonia,2368
"DN-DºD 3/4D?D 3/4D>>NOENNOEDºD¸D¹ N€D°D¹D 3/4D 1/2, D""D 1/2N-D?N€D 3/4D?DµN,N€D 3/4D²NNOEDºD° D 3/4D+/-D>>D°NN,NOE, D£DºN€D°N-D 1/2D°",34.39482,47.56746,ukraine,2369
"Landkreis Neunkirchen, Saarland, Deutschland",7.022961,49.39642,germany,2370
"Ventspils, Kurzeme, Latvija",21.56471,57.39372,latvia,2371
"Butler County, Iowa, United States",-92.58296,42.71024,united states of america,2372
"Marion County, West Virginia, United States",-80.14258,39.48508,united states of america,2373
"Person County, North Carolina, United States",-78.83084,36.44375,united states of america,2374
"Caledonia County, Vermont, United States",-72.01512,44.41926,united states of america,2375
"Oneida County, Idaho, United States",-112.2508,42.19159,united states of america,2376
"Rheinisch-Bergischer Kreis, Nordrhein-Westfalen, Deutschland",7.198073,50.91464,germany,2377
"Kempten (Allgau), Bayern, Deutschland",10.31578,47.72857,germany,2378
"Landkreis Wunsiedel im Fichtelgebirge, Bayern, Deutschland",12.00393,50.03991,germany,2379
"D>D 3/4D²DµN‡, D'NSD>>D³D°N€D¸N",24.58091,43.04138,bulgaria,2380
"Eceabat, Canakkale, Marmara Bolgesi, Turkiye",26.34856,40.22766,turkey,2381
"East Hants District Municipality, Hants County, Nova Scotia, Canada",-63.77891,45.09352,canada,2382
"Konak, Izmir, Ege Bolgesi, Turkiye",27.14283,38.42373,turkey,2383
"Fronteras, Sonora, Mexico",-109.586,30.72121,mexico,2384
"Ocampo, Guanajuato, Mexico",-101.4783,21.64815,mexico,2385
"Algoma District, Northeastern Ontario, Ontario, Canada",-84.33575,46.51365,united states of america,2386
"Clark County, Washington, United States",-122.505,45.63686,united states of america,2387
"Fulton County, Ohio, United States",-83.88885,41.5804,united states of america,2388
"D D 3/4D 1/4D 1/2DµD 1/2NDºD¸D¹ D 1/4NfD 1/2D¸N†D¸D?D°D>>NOED 1/2N<D¹ D 3/4DºN€NfD³, DD 1/4NfN€NDºD°N D 3/4D+/-D>>D°NN,NOE, D""D°D>>NOED 1/2DµD²D 3/4NN,D 3/4N‡D 1/2N<D¹ N,,DµD´DµN€D°D>>NOED 1/2N<D¹ D 3/4DºN€NfD³, D D 3/4NND¸N",129.2953,50.72585,russia,2389
"Macoupin County, Illinois, United States",-89.94783,39.03327,united states of america,2390
"D¥DµN€ND 3/4D 1/2NNOEDºD¸D¹ N€D°D¹D 3/4D 1/2, D¥DµN€ND 3/4D 1/2NNOEDºD° D 3/4D+/-D>>D°NN,NOE, D£DºN€D°N-D 1/2D°",32.61687,46.63542,NA,2391
"Division No. 16, Saskatchewan, Canada",-106.4509,52.93992,canada,2392
"Osterbotten, Lansi- ja Sisa-Suomen aluehallintovirasto, Manner-Suomi, Suomi / Finland",21.61646,63.09509,finland,2393
"Regiao Geografica Intermediaria de Campinas, Sao Paulo, Regiao Sudeste, Brasil",-46.89781,-23.18571,brazil,2394
"North Sydney Council, New South Wales, Australia",151.2061,-33.8313,australia,2395
"Josephine County, Oregon, United States",-123.4569,42.34476,united states of america,2396
"Canton San Jose, Costa Rica",-84.09073,9.928069,costa rica,2397
"Oberspreewald-Lausitz - Gorne Blota-Luzyca, Brandenburg, Deutschland",13.96331,51.74283,germany,2398
"Bezirk Leoben, Steiermark, Osterreich",15.09113,47.37639,austria,2399
"Morton County, North Dakota, United States",-100.8959,46.8273,united states of america,2400
"McPherson County, Kansas, United States",-97.83366,38.55556,united states of america,2401
"Manistee County, Michigan, United States",-86.31046,44.24177,united states of america,2402
"San Miguel County, New Mexico, United States",-105.2228,35.59421,united states of america,2403
"Iron County, Wisconsin, United States",-90.18656,46.44967,united states of america,2404
"North Ayrshire, Alba / Scotland, United Kingdom",-4.789025,55.63846,united kingdom,2405
"a€a€""a€,,a€ºa€¹a€za€¬a€>a€(R)a€a€-a€¯a€,,a€ºa€¸, a€™a€ 1/4a€""a€ºa€™a€¬",99.01151,12.08963,myanmar,2406
"Sainte Genevieve County, Missouri, United States",-90.04756,37.97866,united states of america,2407
"Falls Church, Virginia United States",-77.17109,38.88233,united states of america,2408
"Houston County, Georgia, United States",-83.59786,32.57262,united states of america,2409
"Ozaukee County, Wisconsin, United States",-87.87564,43.38722,united states of america,2410
"Jaltipan, Veracruz, Mexico",-94.71223,17.96139,mexico,2411
"Seine-et-Marne, Ile-de-France, France metropolitaine, France",2.692611,48.26704,france,2412
"Clinton County, Missouri, United States",-94.32995,39.54834,united states of america,2413
"Moore County, North Carolina, United States",-79.61949,35.46251,united states of america,2414
"Laval (region administrative), Quebec, Canada",-73.65154,45.62881,canada,2415
"Gove County, Kansas, United States",-100.2346,39.06947,united states of america,2416
"Halifax County, Virginia, United States",-78.78973,36.75736,united states of america,2417
"Bond County, Illinois, United States",-89.39969,38.887,united states of america,2418
"Departamento Cochinoca, Jujuy, Argentina",-65.69698,-22.72267,argentina,2419
"Huron County, Ohio, United States",-82.66712,40.99561,united states of america,2420
"City of Bathurst, Bathurst Parish, Gloucester County, New Brunswick / Nouveau-Brunswick, Canada",-65.65134,47.61835,canada,2421
"McHenry County, North Dakota, United States",-100.4054,48.34583,united states of america,2422
"Converse County, Wyoming, United States",-105.3628,42.74567,united states of america,2423
"Glenn County, California, United States",-122.194,39.74713,united states of america,2424
"Rohini Tehsil, North West Delhi District, Delhi, India",77.10249,28.70406,india,2425
"Luzern, Schweiz/Suisse/Svizzera/Svizra",8.21015,47.01001,switzerland,2426
"Landkreis Bad Kreuznach, Rheinland-Pfalz, Deutschland",7.873135,49.84402,germany,2427
"Howard County, Indiana, United States",-86.12311,40.446040000000004,united states of america,2428
"Marion County, South Carolina, United States",-79.31604,34.09863,united states of america,2429
"Fort Bend County, Texas, United States",-95.78938,29.76777,united states of america,2430
"e¹?a...a³¶coeOE, ae-¥aeoe¬",130.5571,31.59685,japan,2431
"Huron County, Michigan, United States",-82.92864,43.82037,united states of america,2432
"Yaguate, San Cristobal Republica Dominicana",-70.17981,18.33601,dominican republic,2433
"Brunswick County, North Carolina, United States",-78.0197,33.91715,united states of america,2434
"Warren County, Mississippi, United States",-90.87788,32.35265,united states of america,2435
"DYD 3/4D>>D°N†DºN- N€D°N'D 1/2, D'N-N†DµD+/-NDºD°N D²D 3/4D+/-D>>D°NN†NOE, D'DµD>>D°N€NfNNOE",28.77816,55.48458,belarus,2436
"Landkreis Tuttlingen, Baden-Wurttemberg, Deutschland",8.734758,48.07482,germany,2437
"Wright County, Minnesota, United States",-94.04887,45.41941,united states of america,2438
"Livorno, Toscana, Italia",10.31057,43.54847,italy,2439
"Landkreis Aichach-Friedberg, Bayern, Deutschland",11.01919,48.50715,germany,2440
"powiat pleszewski, wojewodztwo wielkopolskie, Polska",17.78705,51.89633,poland,2441
"Ipswich City, Queensland, Australia",152.76,-27.623,australia,2442
"cZ¯c? aOEº, a¨aeµ·a¸,, a+/-+/-a¸oecoe a¸-a> 1/2",122.1204,37.51307,china,2443
"Les Maskoutains, Monteregie, Quebec, Canada",-72.71688,45.56447,canada,2444
"Douglas County, Wisconsin, United States",-92.09315,46.73259,united states of america,2445
"Henry County, Illinois, United States",-89.95116,41.23303,united states of america,2446
"Perry County, Kentucky, United States",-83.22589,37.28176,united states of america,2447
"Chippewa County, Wisconsin, United States",-91.39856,44.94413,united states of america,2448
"Guadalupe, Zacatecas, Mexico",-102.5119,22.75658,mexico,2449
"Gray County, Kansas, United States",-100.4432,37.59586,united states of america,2450
"Hardin County, Kentucky, United States",-85.96527,37.88366,united states of america,2451
"Cameron County, Texas, United States",-97.49369,25.90103,united states of america,2452
"Landkreis Ostallgau, Bayern, Deutschland",10.72113,48.03611,germany,2453
"La Spezia, Liguria, Italia",9.9046,44.11336,italy,2454
"Wahlkreis St. Gallen, Sankt Gallen, Schweiz/Suisse/Svizzera/Svizra",9.250095,47.41119,switzerland,2455
"La Salle Parish, Louisiana, United States",-92.22367,31.70025,united states of america,2456
"Landkreis Mayen-Koblenz, Rheinland-Pfalz, Deutschland",7.227263,50.32797,germany,2457
"Shiawassee County, Michigan, United States",-84.17652,42.99787,united states of america,2458
"Angangueo, Michoacan, Mexico",-100.2835,19.61964,mexico,2459
"U,O¶O§O! O²O-U,,O(C), U...O-O§UO¸O(C) O§U,,O¨U,O§O¹, U,,O¨U†O§U†",35.86228,33.85472,lebanon,2460
"Bezirk Innsbruck-Land, Tirol, Osterreich",11.60149,47.25374,austria,2461
"Chesterfield County, Virginia, United States",-77.64286,37.49621,united states of america,2462
"Yakima County, Washington, United States",-120.0087,46.32374,united states of america,2463
"Geary County, Kansas, United States",-96.84856,39.02908,united states of america,2464
"D³D 3/4N€D 3/4D´NDºD 3/4D¹ D 3/4DºN€NfD³ DYDµD 1/2D·D°, DYDµD 1/2D·DµD 1/2NDºD°N D 3/4D+/-D>>D°NN,NOE, DYN€D¸D²D 3/4D>>D¶NDºD¸D¹ N,,DµD´DµN€D°D>>NOED 1/2N<D¹ D 3/4DºN€NfD³, D D 3/4NND¸N",45,53.227290000000004,russia,2465
"Munster, Nordrhein-Westfalen, Deutschland",7.626135,51.96066,germany,2466
"powiat glubczycki, wojewodztwo opolskie, Polska",17.93112,50.09088,poland,2467
"Verwaltungskreis Interlaken-Oberhasli, Verwaltungsregion Oberland, Bern/Berne, Schweiz/Suisse/Svizzera/Svizra",8.182821,46.71448,switzerland,2468
"powiat zgierski, wojewodztwo lodzkie, Polska",19.14514,51.91944,poland,2469
"Fremont County, Wyoming, United States",-108.7307,42.83301,united states of america,2470
"Meurthe-et-Moselle, Grand Est, France metropolitaine, France",6.208093,48.87442,france,2471
"Worms, Rheinland-Pfalz, Deutschland",8.350718,49.63414,germany,2472
"Richland County, Illinois, United States",-88.22365,38.69755,united states of america,2473
"Krefeld, Nordrhein-Westfalen, Deutschland",6.642895,51.35479,germany,2474
"Caswell County, North Carolina, United States",-79.29021,36.38602,united states of america,2475
"Mason County, Michigan, United States",-86.44818,43.95538,united states of america,2476
"Sevier County, Utah, United States",-112.0852,38.77683,united states of america,2477
"Ansbach, Bayern Deutschland",10.57194,49.30042,germany,2478
"Weimar, Thuringen, Deutschland",11.32354,50.97949,germany,2479
"powiat slubicki, wojewodztwo lubuskie, Polska",14.82169,52.22862,poland,2480
"Landkreis Alzey-Worms, Rheinland-Pfalz, Deutschland",8.375028,49.77972,germany,2481
"Khomas Region, Namibia",17.06575,-22.56088,namibia,2482
"Kreis Olpe, Nordrhein-Westfalen, Deutschland",7.850294,51.02821,germany,2483
"Canterbury-Bankstown Council, New South Wales, Australia",151.0769,-33.91776,australia,2484
"Division No. 2, Manitoba, Canada",-96.85973,49.40879,canada,2485
"a(R)‰a...<<ef!, a²e~oecoeOE, a¸-ef¨aoe°ae-¹, ae-¥aeoe¬",136.6654,35.33533,japan,2486
"Lafayette County, Missouri, United States",-93.74994,39.08334,united states of america,2487
"Reno County, Kansas, United States",-98.17867,37.89668,united states of america,2488
"Bezirk Murtal, Steiermark, Osterreich",14.46998,47.35934,austria,2489
"Blue Earth County, Minnesota, United States",-93.99695,44.14779,united states of america,2490
"e^¹e¥aOEº, a‰aez-a¸,, a‰aez-coe a¸-a> 1/2",126.5496,43.83788,china,2491
"Corozal District, Belize",-88.39675,18.40308,belize,2492
"Lahore Cantonment Tehsil, U,,O§UU^O+/- U^U^UOEU~U†, U 3/4U†O¬O§O¨, U 3/4O§U(C)O³OªO§U†",74.35875,31.52037,pakistan,2493
"Prignitz, Brandenburg, Deutschland",12.30989,52.9974,germany,2494
"Lyon County, Kentucky, United States",-88.09008,37.02473,united states of america,2495
"Stearns County, Minnesota, United States",-94.95252,45.73747,united states of america,2496
"U,O¶O§O! O§U,,U...U^OµU,,, U...O-O§UO¸O(C) U†UOEU†U^U‰, O§U,,O¹O+/-O§U,",43.15774,36.34893,iraq,2497
"a¹€a¸,a¸•a¸,,a¸¥a¸-a¸‡a¹€a¸•a¸¢, a¸a¸£a¸¸a¸‡a¹€a¸-a¸za¸!a¸<<a¸²a¸™a¸,,a¸£, a¸>a¸£a¸°a¹€a¸-a¸¨a¹,,a¸-a¸¢",100.5697,13.72669,thailand,2498
"Comanche County, Oklahoma, United States",-98.41842,34.59384,united states of america,2499
"c§<c""°coeOE, ae-¥aeoe¬",140.3343,40.13763,japan,2500
"Warwickshire, England, United Kingdom",-1.737347,52.51757,united kingdom,2501
"Hohenlohekreis, Baden-Wurttemberg, Deutschland",9.577052,49.26165,germany,2502
"Lafayette County, Wisconsin, United States",-90.38068,42.56972,united states of america,2503
"Kreis Bergstrasse, Hessen, Deutschland",8.453056,49.68825,germany,2504
"Kinney County, Texas United States",-100.4179,29.31051,united states of america,2505
"Grand County, Colorado, United States",-105.9395,40.0861,united states of america,2506
"Regional District of Kitimat-Stikine, British Columbia, Canada",-129.8296,55.41591,canada,2507
"Viljandi maakond, Eesti",25.58597,58.36348,estonia,2508
"Darlington, Tees Valley, England, United Kingdom",-1.559458,54.52361,united kingdom,2509
"D¯D 1/2N,D°N€D 1/2N<D¹ D³D 3/4N€D 3/4D´NDºD 3/4D¹ D 3/4DºN€NfD³, DsD°D>>D¸D 1/2D¸D 1/2D³N€D°D´NDºD°N D 3/4D+/-D>>D°NN,NOE, D!DµD²DµN€D 3/4-D-D°D?D°D´D 1/2N<D¹ N,,DµD´DµN€D°D>>NOED 1/2N<D¹ D 3/4DºN€NfD³ D D 3/4NND¸N",19.94263,54.87039,russia,2510
"Baranya varmegye, Del-Dunantul, Dunantul, Magyarorszag",18.23227,46.07273,hungary,2511
"Landkreis Mainz-Bingen, Rheinland-Pfalz, Deutschland",8.061902,49.96297,germany,2512
"Babtu seniunija, Kauno rajono savivaldybe, Kauno apskritis, Lietuva",23.88127,55.16944,lithuania,2513
"Kralovehradecky kraj, Severovychod, Cesko",15.60714,50.63639,czech republic,2514
"Belize District, Belize",-88.49765,17.18988,belize,2515
"powiat lubanski, wojewodztwo dolnoslaskie, Polska",15.3431,50.90872,poland,2516
"Opole, wojewodztwo opolskie, Polska",17.92307,50.66832,poland,2517
"Logan County, Oklahoma, United States",-97.24698,35.842,united states of america,2518
"Regional District of Okanagan-Similkameen, British Columbia, Canada",-120.0765,49.35718,canada,2519
"Monona County, Iowa, United States",-96.09724,42.02665,united states of america,2520
"Division No. 7, Manitoba, Canada",-99.95126,49.8394,canada,2521
"Kenora District, Northwestern Ontario, Ontario, Canada",-94.48939,49.76704,canada,2522
"Cali, Sur, Valle del Cauca, RAP Pacifico, Colombia",-76.53199,3.451647,colombia,2523
"Obion County, West Tennessee, Tennessee, United States",-89.05633,36.44678,united states of america,2524
"Ottawa County, Michigan, United States",-86.09127,42.7864,united states of america,2525
"Wheatland County, Montana, United States",-110.0734,46.42504,united states of america,2526
"Benito Juarez, Ciudad de Mexico, Mexico",-99.18307,19.36775,mexico,2527
"afe'‰coeOE, ae-¥aeoe¬",139.928,35.71357,japan,2528
"Tanah Bumbu, Kalimantan Selatan, Kalimantan Indonesia",115.5598,-3.700797,indonesia,2529
"Alamosa County, Colorado, United States",-105.8753,37.74278,united states of america,2530
"ae-¥e<<~ef!, a'OEae-OEa+/-+/-coeOE, ae-¥aeoe¬",135.3745,33.94809,japan,2531
"Bukama, Haut-Lomami, Republique democratique du Congo",26.41939,-8.885115,democratic republic of the congo,2532
"Kreis Minden-Lubbecke, Nordrhein-Westfalen, Deutschland",8.894921,52.29649,germany,2533
"Havelland, Brandenburg, Deutschland",12.56927,52.55469,germany,2534
"Gibson County, Indiana, United States",-87.35347,38.3335,united states of america,2535
"Brevard County, Florida, United States",-80.70335,28.38051,united states of america,2536
"ae<+/-a¢...aOEº, aeµ™ae+/-Ycoe, a¸-a> 1/2",120.1551,30.27408,china,2537
"e¶SaYZaOEº, c>>a...´a¸,, aeµ™ae+/-Ycoe a¸-a> 1/2",120.5861,29.99576,china,2538
"e‡'a¸oeaOEº, e‡'aZa¸,, aeµ™ae+/-Ycoe, a¸-a> 1/2",119.7889,29.14164,china,2539
"ae>>¨aeµ·ae-°aOEº, a¤(C)ae´¥a¸,, a¸-a> 1/2",117.8143,39.23938,china,2540
"Allen County, Ohio, United States",-84.10523,40.74255,united states of america,2541
"Regiao Metropolitana de Porto Alegre, Rio Grande do Sul, Regiao Sul, Brasil",-51.21766,-30.03465,brazil,2542
"Rhein-Kreis Neuss, Nordrhein-Westfalen, Deutschland",6.585863,51.09021,germany,2543
"Isanti County, Minnesota, United States",-93.21991,45.56765,united states of america,2544
"Mumbai City District, Maharashtra, India",72.83718,18.93365,NA,2545
"Hautes-Pyrenees, Occitanie, France metropolitaine, France",0.149499,43.01939,france,2546
"City of Hamilton, Bermuda",-64.78589,32.29458,bermuda,2547
"Rockhampton Regional, Queensland, Australia",150.3966,-23.64362,australia,2548
"Makassar, Sulawesi Selatan, Sulawesi, Indonesia",119.415,-5.154835,indonesia,2549
"Timur Laut, Pulau Pinang, Malaysia",100.3288,5.414131,malaysia,2550
"Memphremagog, Estrie, Quebec, Canada",-71.93619,45.29965,canada,2551
"Teziutlan, Puebla, Mexico",-97.39417,19.87917,mexico,2552
"Palermo, Sicilia, Italia",14.07696,37.75231,italy,2553
"Perth and Kinross, Alba / Scotland, United Kingdom",-3.425633,56.3952,united kingdom,2554
"Chapala, Jalisco, Mexico",-103.1846,20.30516,mexico,2555
"Iosco County, Michigan, United States",-83.33557,44.42142,united states of america,2556
"Acadia Parish, Louisiana, United States",-92.49819,30.12187,united states of america,2557
"East Ayrshire, Alba / Scotland, United Kingdom",-4.451739,55.59806,united kingdom,2558
"Bezirk Meilen, Zurich, Schweiz/Suisse/Svizzera/Svizra",8.735136,47.23923,switzerland,2559
"Ashley County, Arkansas, United States",-91.96124,33.12818,united states of america,2560
"Sevier County, East Tennessee, Tennessee, United States",-83.56913,35.85265,united states of america,2561
"Zlinsky kraj, Stredni Morava, Cesko",17.57833,49.33331,czech republic,2562
"Moctezuma, Sonora Mexico",-109.6791,29.8056,mexico,2563
"* *¤*ª *-*™*¤*"", *z*-*•*- *-*™*¤*"", *™*(C)*¨**oe",34.98957,32.79405,israel,2564
"Hickman County, Middle Tennessee, Tennessee, United States",-87.4604,35.80128,united states of america,2565
"Shella Bholaganj, East Khasi Hills District, Meghalaya, India",91.68345,25.29345,india,2566
"Taos County, New Mexico, United States",-105.5694,36.41202,united states of america,2567
"Indre, Centre-Val de Loire, France metropolitaine, France",1.297417,46.43481,france,2568
"Grand Forks County, North Dakota, United States",-97.10153,47.90536,united states of america,2569
"Breckinridge County, Kentucky, United States",-86.63276,37.83339,united states of america,2570
"ae,,>aª>coeOE, ae-¥aeoe¬",132.7039,33.75769,japan,2571
"ae faeoe¨coeOE, ae-¥aeoe¬",139.852,36.39522,japan,2572
"Adair County, Oklahoma, United States",-94.76036,35.68208,united states of america,2573
"Orange City Council, New South Wales, Australia",149.1673,-33.35482,australia,2574
"Saint Clair County, Michigan, United States",-82.42491,42.97086,united states of america,2575
"Tulcea, Romania",28.79144,45.17162,romania,2576
"Provincia de Choapa, Region de Coquimbo, Chile",-71.1653,-31.6308,chile,2577
"Provincia Nor Chichas, Potosi, Bolivia",-66.11253,-20.87449,bolivia,2578
"cY³a·coeOE, a¸-ef¨aoe°ae-¹, ae-¥aeoe¬",136.6482,36.57804,japan,2579
"Landkreis Esslingen, Baden-Wurttemberg, Deutschland",9.350134,48.6616,germany,2580
"Verwaltungskreis Seeland, Verwaltungsregion Seeland, Bern/Berne, Schweiz/Suisse/Svizzera/Svizra",7.425755,47.05529,switzerland,2581
"Landkreis Ansbach, Bayern, Deutschland",10.66145,49.2886,germany,2582
"Charcas, San Luis Potosi, Mexico",-101.1136,23.12789,mexico,2583
"Landkreis Ahrweiler, Rheinland-Pfalz, Deutschland",7.207434,50.61119,germany,2584
"Bezirk Spittal an der Drau, Karnten, Osterreich",13.64754,46.84494,austria,2585
"Becker County, Minnesota, United States",-95.60172,46.88744,united states of america,2586
"Klagenfurt am Worthersee, Karnten, Osterreich",14.31222,46.63646,austria,2587
"Bezirk Waldenburg, Basel-Landschaft, Schweiz/Suisse/Svizzera/Svizra",7.74694,47.38153,switzerland,2588
"DsD 3/4D 1/2D 3/4N,D 3/4D?NNOEDºD¸D¹ N€D°D¹D 3/4D 1/2, D!NfD 1/4NNOEDºD° D 3/4D+/-D>>D°NN,NOE, D£DºN€D°N-D 1/2D°",33.38605,51.54894,ukraine,2589
"Zadarska zupanija, Hrvatska",15.23136,44.11937,NA,2590
"DYDµN,N€D 3/4D²NDºD¸D¹ N€D°D¹D 3/4D 1/2, D!D°N€D°N,D 3/4D²NDºD°N D 3/4D+/-D>>D°NN,NOE, DYN€D¸D²D 3/4D>>D¶NDºD¸D¹ N,,DµD´DµN€D°D>>NOED 1/2N<D¹ D 3/4DºN€NfD³, D D 3/4NND¸N",45.38826,52.3144,russia,2591
"Lublin, wojewodztwo lubelskie, Polska",22.56845,51.24645,poland,2592
"Guadalupe, Nuevo Leon, Mexico",-100.2706,25.65624,mexico,2593
"Hauraki District, Waikato, New Zealand / Aotearoa",175.8406,-37.39126,new zealand,2594
"Wood County, Ohio, United States",-83.45993,41.61727,united states of america,2595
"Suwalki, wojewodztwo podlaskie, Polska",22.93079,54.11152,poland,2596
"Sherburne County, Minnesota, United States",-93.55474,45.30322,united states of america,2597
"Richland County, Montana, United States",-104.1563,47.71668,united states of america,2598
"Custer County, Montana, United States",-105.8406,46.40834,united states of america,2599
"Tampico, Tamaulipas, Mexico",-97.8611,22.2331,mexico,2600
"Jackson County, North Carolina, United States",-83.21931,35.34621,united states of america,2601
"Barton County, Kansas, United States",-98.73315,38.40377,united states of america,2602
"Windsor and Maidenhead, England, United Kingdom",-0.6113141,51.49093,united kingdom,2603
"Columbia County, Florida, United States",-82.63929,30.18968,united states of america,2604
"O?O¥O¶O?O€O¸O¶, OµO€O‡O!O¶, O€O!OµO!O 1/2O?O!O¶",44.51521,40.1872,armenia,2605
"Tepezala, Aguascalientes, Mexico",-102.1738,22.22414,mexico,2606
"c¦aº•coeOE, a¸-ef¨aoe°ae-¹, ae-¥aeoe¬",136.2196,36.06414,japan,2607
"Cornwall, Eastern Ontario, Ontario, Canada",-74.75141,45.02296,canada,2608
"Bauskas novads, Zemgale, Latvija",24.2,56.41029,latvia,2609
"Nkangala, Mpumalanga, South Africa",30.10774,-25.41791,south africa,2610
"San Juan County, New Mexico, United States",-108.1573,36.09168,united states of america,2611
"Sarasota County, Florida, United States",-82.5385,27.33044,united states of america,2612
"Monroe County, Michigan, United States",-83.39771,41.91643,united states of america,2613
"Ouachita Parish, Louisiana, United States",-92.12211,32.51532,united states of america,2614
"Walker County, Georgia, United States",-85.28215,34.68913,united states of america,2615
"Pike County, Alabama, United States",-85.97927,31.78791,united states of america,2616
"Fayette County, Indiana, United States",-85.14108,39.64116,united states of america,2617
"Washington County, Kentucky, United States",-85.22218,37.68534,united states of america,2618
"Municipio de Juarez, Chihuahua, Mexico",-106.2831,31.54556,mexico,2619
"Kota Medan, Sumatera Utara, Sumatera, Indonesia",98.69286,3.569115,indonesia,2620
"Laurens County, Georgia, United States",-82.93391,32.53389,united states of america,2621
"Gooding County, Idaho, United States",-114.7042,42.77574,united states of america,2622
"Henry County, Virginia, United States",-79.90763,36.70498,united states of america,2623
"Landkreis Freudenstadt, Baden-Wurttemberg, Deutschland",8.499112,48.47114,germany,2624
"Saint Mary's County, Maryland, United States",-76.5219,38.14013,united states of america,2625
"D'DµD>>D¸DºD 3/4 D¢NSN€D 1/2D 3/4D²D 3/4, D'NSD>>D³D°N€D¸N",25.87482,42.92922,bulgaria,2626
"Monroe County, Iowa, United States",-92.82131,41.15834,united states of america,2627
"Bangalore North, Bengaluru Urban District, Karnataka, India",77.57896,12.9842,india,2628
"DYD 3/4D 1/4D 3/4N€D°D²NDºD¸ NfD?N€D°D²D 1/2D¸ D 3/4DºN€NfD³, D¦DµD 1/2N,N€D°D>>D 1/2D° D!N€D+/-D¸N~D°, D!N€D+/-D¸N~D°",21.60842,43.98354,republic of serbia,2629
"Sandusky County, Ohio, United States",-83.3688,41.45838,united states of america,2630
"Canton San Mateo, Provincia Alajuela, Costa Rica",-84.47277,9.967646,costa rica,2631
"Anson County, North Carolina, United States",-79.9845,34.96765,united states of america,2632
"Canton Esch-sur-Alzette, Letzebuerg",6.085879,49.47846,luxembourg,2633
"Montgomery County, Iowa, United States",-95.22145,41.01709,united states of america,2634
"D³D 3/4N€D 3/4D´NDºD 3/4D¹ D 3/4DºN€NfD³ D!D 1/4D 3/4D>>DµD 1/2NDº, D!D 1/4D 3/4D>>DµD 1/2NDºD°N D 3/4D+/-D>>D°NN,NOE, D¦DµD 1/2N,N€D°D>>NOED 1/2N<D¹ N,,DµD´DµN€D°D>>NOED 1/2N<D¹ D 3/4DºN€NfD³, D D 3/4NND¸N",32.05037,54.79031,russia,2635
"a+/-+/-a£coeOE, ae-¥aeoe¬",131.1826,34.37086,japan,2636
"e•·a´ZcoeOE, ae-¥aeoe¬",129.8779,32.75033,japan,2637
"Mahaska County, Iowa, United States",-92.64936,41.29167,united states of america,2638
"D'N<NDµD>>DºD 3/4D²NDºD¸D¹ N€D°D¹D 3/4D 1/2, DsN€D°ND 1/2D 3/4D´D°N€NDºD¸D¹ DºN€D°D¹, D(R)D¶D 1/2N<D¹ N,,DµD´DµN€D°D>>NOED 1/2N<D¹ D 3/4DºN€NfD³, D D 3/4NND¸N",39.7056,45.64153,russia,2639
"powiat ostrowski, wojewodztwo wielkopolskie, Polska",17.89229,51.70442,poland,2640
"ae,,>cY¥coeOE, a¸-ef¨aoe°ae-¹, ae-¥aeoe¬",136.9066,35.18145,japan,2641
"a²!a+/-+/-coeOE, ae-¥aeoe¬",133.6375,34.89634,japan,2642
"Hof, Bayern, Deutschland",11.91278,50.31354,germany,2643
"Morgan County, East Tennessee, Tennessee, United States",-84.44192,36.09588,united states of america,2644
"ae-°ae 1/2YcoeOE, a¸-ef¨aoe°ae-¹, ae-¥aeoe¬",138.3681,38.0183,japan,2645
"af¥af£af-afaf~af!af~, af~af>af""af af""af-af~, af!afaf¥afaf af-af•af""afsaf",42.718,42.26624,georgia,2646
"Pasco, Peru",-76.26128,-10.67767,peru,2647
"Wahlkreis See-Gaster, Sankt Gallen, Schweiz/Suisse/Svizzera/Svizra",8.984142,47.22437,switzerland,2648
"Landkreis Holzminden, Niedersachsen, Deutschland",9.495552,51.8569,germany,2649
"Groningen, Nederland",6.566502,53.21938,netherlands,2650
"DYD>>D 3/4D²D´D¸D², D'NSD>>D³D°N€D¸N",24.74529,42.13541,bulgaria,2651
"D!N,D°N€D 3/4D´NfD+/-NDºD¸D¹ D 1/4NfD 1/2D¸N†D¸D?D°D>>NOED 1/2N<D¹ D 3/4DºN€NfD³, D'N€ND 1/2NDºD°N D 3/4D+/-D>>D°NN,NOE, D¦DµD 1/2N,N€D°D>>NOED 1/2N<D¹ N,,DµD´DµN€D°D>>NOED 1/2N<D¹ D 3/4DºN€NfD³, D D 3/4NND¸N",32.76167,52.59168,russia,2652
"af'af£af af¯afafafoeaf~af! af>af£afoeaf~afªaf~afzafafsaf~af¢af""af¢af~, af™afaf(R)af""af-af~, af!afaf¥afaf af-af•af""afsaf",45.78938,41.74388,georgia,2653
"Bayreuth, Bayern, Deutschland",11.57133,49.94564,germany,2654
"a(R)(R)a´ZcoeOE, ae-¥aeoe¬",131.6244,32.42259,japan,2655
"aeoe€a¸Sef!, a+/-+/-a 1/2¢coeOE, ae-¥aeoe¬",140.1435,38.53706,japan,2656
"I IµII¹I†IµIIµI¹I+/-IºI(R) I•I 1/2IOEI,,I·I,,I+/- I'IIºI+/-I´I¯I+/-I,, I IµII¹I†I-IIµI¹I+/- I IµI>>I?I€I?I 1/2I 1/2I(R)IfI?I..., I'I€I?IºIµI 1/2I,,II‰I 1/4I-I 1/2I· I""I¹I?I¯IºI·IfI· I IµI>>I?I€I?I 1/2I 1/2I(R)IfI?I..., I""I...I,,I¹IºI(R)I, I•I>>I>>I¬I´I+/-I, IºI+/-I¹ I™I?I 1/2I¯I?I..., I•I>>I>>I¬I,",22.03002,37.68186,greece,2657
"I IµII¹I†IµIIµI¹I+/-IºI(R) I•I 1/2IOEI,,I·I,,I+/- I•I...II...I,,I+/-I 1/2I¯I+/-I,, I IµII¹I†I-IIµI¹I+/- I£I,,IµIIµI¬I, I•I>>I>>I¬I´I+/-I,, I'I€I?IºIµI 1/2I,,II‰I 1/4I-I 1/2I· I""I¹I?I¯IºI·IfI· I~IµIfIfI+/-I>>I¯I+/-I, - I£I,,IµIIµI¬I, I•I>>I>>I¬I´I?I,, I•I>>I>>I¬I,",21.82431,39.07421,greece,2658
"Freiburg im Breisgau, Baden-Wurttemberg, Deutschland",7.842104,47.99901,germany,2659
"ae¶Yaeºa¸,, a¨,,aº•a¸,, ae¹-a-coe, a¸-a> 1/2",111.8569,27.6253,china,2660
"powiat krotoszynski, wojewodztwo wielkopolskie, Polska",17.43436,51.69991,poland,2661
"Waratah-Wynyard, Tasmania, Australia",145.5308,-41.44548,australia,2662
"Shire Of Ravensthorpe, Western Australia, Australia",120.047,-33.58176,australia,2663
"Huancabamba, Piura, Peru",-79.29142,-4.932508,ecuador,2664
"Clallam County, Washington, United States",-123.4307,48.11815,united states of america,2665
"Boyeros, La Habana, Cuba",-82.38456,23.00303,cuba,2666
"Carter County, Kentucky, United States",-82.9485,38.33258,united states of america,2667
"Ville de Lubumbashi, Haut-Katanga, Republique democratique du Congo",27.50262,-11.6876,democratic republic of the congo,2668
"Dawson County, Nebraska, United States",-100.1607,40.92766,united states of america,2669
"Santa Rosa de Copan, Copan Honduras",-88.77825,14.78389,honduras,2670
"Chippewa County, Minnesota, United States",-95.51239,44.81045,united states of america,2671
"Mangaung Metropolitan Municipality, Free State, South Africa",26.15958,-29.08521,south africa,2672
"City of Brimbank, Victoria, Australia",144.7741,-37.70731,australia,2673
"Cowlitz County, Washington, United States",-122.9229,46.14504,united states of america,2674
"Mascota, Jalisco, Mexico",-104.7892,20.526,mexico,2675
"Canakkale, Marmara Bolgesi, Turkiye",26.30133,40.04816,NA,2676
"Limburg, Nederland",5.690972,50.85137,netherlands,2677
"Landkreis Garmisch-Partenkirchen, Bayern, Deutschland",11.20414,47.67751,germany,2678
"Huntington County, Indiana, United States",-85.49748,40.8831,united states of america,2679
"Petra Sub-District, U,,U^O§O! O§U,,O¨OªO+/-O§O!, U...O¹O§U†, O§U,,O£O+/-O¯U†",35.40667,30.31667,jordan,2680
"Sierra Mojada, Coahuila, Mexico",-103.7014,27.2907,mexico,2681
"Tillamook County, Oregon, United States",-123.962,45.44997,united states of america,2682
"Neustadt an der Weinstrasse, Rheinland-Pfalz, Deutschland",8.144377,49.3701,germany,2683
"Tumaco, Pacifico Sur, Narino, RAP Pacifico, Colombia",-78.79126,1.787434,colombia,2684
"powiat tarnogorski, Gornoslasko-Zaglebiowska Metropolia, wojewodztwo slaskie, Polska",18.84602,50.43595,poland,2685
"Nampally mandal, Hyderabad District, Telangana, India",78.47765,17.38901,india,2686
Salzburg Osterreich,13.05501,47.80949,austria,2687
"Regiao Metropolitana de Salvador, Regiao Geografica Intermediaria de Salvador, Bahia, Regiao Nordeste, Brasil",-38.45655,-13.00113,NA,2688
"Landkreis Dillingen an der Donau, Bayern, Deutschland",10.49402,48.57909,germany,2689
"Claiborne County, East Tennessee, Tennessee, United States",-83.66853,36.59953,united states of america,2690
"Shenandoah County, Virginia, United States",-78.56609,38.84138,united states of america,2691
"Copan Ruinas, Copan, Honduras",-89.14678,14.84972,honduras,2692
"Seminole County, Florida, United States",-81.32995,28.69764,united states of america,2693
"Vernon County, Missouri, United States",-94.36049,37.83026,united states of america,2694
"Wayne County, North Carolina, United States",-77.99798,35.38458,united states of america,2695
"Hughes County, South Dakota, United States",-100.3538,44.36679,united states of america,2696
"Glenfaba, Isle of Man",-4.638484,54.16926,isle of man,2697
"D³D 3/4N€D 3/4D´NDºD 3/4D¹ D 3/4DºN€NfD³ D•DºD°N,DµN€D¸D 1/2D+/-NfN€D³, D!D²DµN€D´D>>D 3/4D²NDºD°N D 3/4D+/-D>>D°NN,NOE, D£N€D°D>>NOENDºD¸D¹ N,,DµD´DµN€D°D>>NOED 1/2N<D¹ D 3/4DºN€NfD³, D D 3/4NND¸N",60.6057,56.83893,russia,2698
"Landkreis Verden, Niedersachsen, Deutschland",8.97724,53.04007,germany,2699
"D³D 3/4N€D 3/4D´NDºD 3/4D¹ D 3/4DºN€NfD³ D!D°N€D°N,D 3/4D², D!D°N€D°N,D 3/4D²NDºD°N D 3/4D+/-D>>D°NN,NOE, DYN€D¸D²D 3/4D>>D¶NDºD¸D¹ N,,DµD´DµN€D°D>>NOED 1/2N<D¹ D 3/4DºN€NfD³ D D 3/4NND¸N",45.9608,51.59237,russia,2700
"Hunedoara, Romania",23.20193,45.84512,romania,2701
"Herzogtum Lauenburg, Schleswig-Holstein, Deutschland",10.68913,53.62009,germany,2702
"D•D¹NDºD¸D¹ N€D°D¹D 3/4D 1/2, DsN€D°ND 1/2D 3/4D´D°N€NDºD¸D¹ DºN€D°D¹, D(R)D¶D 1/2N<D¹ N,,DµD´DµN€D°D>>NOED 1/2N<D¹ D 3/4DºN€NfD³, D D 3/4NND¸N",38.27029,46.68258,russia,2703
"Kootenai County, Idaho, United States",-116.7721,47.6736,united states of america,2704
"powiat inowroclawski, wojewodztwo kujawsko-pomorskie, Polska",18.08517,52.80141,poland,2705
"Randolph County, Illinois, United States",-89.61871,38.01644,united states of america,2706
"Elbe-Elster, Brandenburg, Deutschland",13.43132,51.59603,germany,2707
"Culpeper County, Virginia, United States",-77.72888,38.40013,united states of america,2708
"Nelson Mandela Bay Metropolitan Municipality, Eastern Cape, South Africa",25.60224,-33.96084,south africa,2709
"Haywood County, North Carolina, United States",-83.09098,35.46794,united states of america,2710
"Haines, Alaska United States",-135.445,59.23583,united states of america,2711
"e™iz'eµ¬, i,,oeis¸, eOE€i•oee¯ 1/4eµ-",126.9571,37.50509,south korea,2712
"County Fermanagh, Northern Ireland / Tuaisceart Eireann, United Kingdom",-7.57145,54.19624,united kingdom,2713
"Box Butte County, Nebraska, United States",-102.8726,42.09783,united states of america,2714
"Overijssel, Nederland",6.083022,52.51677,netherlands,2715
"Kreis Gross-Gerau, Hessen, Deutschland",8.356219,49.98709,germany,2716
"Landkreis Starnberg, Bayern, Deutschland",11.27727,47.91251,germany,2717
"Monmouthshire, Cymru / Wales, United Kingdom",-2.716342,51.81161,united kingdom,2718
"Wright County, Iowa, United States",-93.79447,42.841,united states of america,2719
"Morrison County, Minnesota, United States",-94.36944,45.98056,united states of america,2720
"e¹?e§'ef!, c§<c""°coeOE, 018-5200, ae-¥aeoe¬",140.7361,40.33309,japan,2721
"Werra-Meissner-Kreis, Hessen, Deutschland",9.939043,51.2097,germany,2722
"Mecklenburgische Seenplatte, Mecklenburg-Vorpommern, Deutschland",12.85596,53.90119,germany,2723
"Landkreis Tubingen, Baden-Wurttemberg, Deutschland",9.057645,48.52164,germany,2724
"El Oro, Durango, Mexico",-105.3647,25.95353,mexico,2725
"powiat wschowski, wojewodztwo lubuskie, Polska",16.31648,51.80711,poland,2726
"D³D 3/4N€D 3/4D´NDºD 3/4D¹ D 3/4DºN€NfD³ D D 3/4NN,D 3/4D²-D 1/2D°-D""D 3/4D 1/2Nf, D D 3/4NN,D 3/4D²NDºD°N D 3/4D+/-D>>D°NN,NOE, D(R)D¶D 1/2N<D¹ N,,DµD´DµN€D°D>>NOED 1/2N<D¹ D 3/4DºN€NfD³, D D 3/4NND¸N",39.7015,47.23571,russia,2727
"Bradley County, East Tennessee, Tennessee, United States",-84.87895,35.18927,united states of america,2728
"D'DµN€D´ND 1/2NNOEDºD¸D¹ N€D°D¹D 3/4D 1/2, D-D°D?D 3/4N€N-D·NOEDºD° D 3/4D+/-D>>D°NN,NOE, D£DºN€D°N-D 1/2D°",36.80348,46.77377,ukraine,2729
"Cedar County, Missouri, United States",-93.80236,37.68083,united states of america,2730
"D§D°D?D>>N<D³D¸D 1/2NDºD¸D¹ N€D°D¹D 3/4D 1/2, D>D¸D?DµN†DºD°N D 3/4D+/-D>>D°NN,NOE, D¦DµD 1/2N,N€D°D>>NOED 1/2N<D¹ N,,DµD´DµN€D°D>>NOED 1/2N<D¹ D 3/4DºN€NfD³, D D 3/4NND¸N",39.97674,53.24581,russia,2731
"DsNfD 1/2D³NfN€NDºD¸D¹ D 1/4NfD 1/2D¸N†D¸D?D°D>>NOED 1/2N<D¹ D 3/4DºN€NfD³, DYDµN€D 1/4NDºD¸D¹ DºN€D°D¹, DYN€D¸D²D 3/4D>>D¶NDºD¸D¹ N,,DµD´DµN€D°D>>NOED 1/2N<D¹ D 3/4DºN€NfD³, D D 3/4NND¸N",56.93971,57.43164,russia,2732
"Kronobergs lan, Sverige",13.67376,56.83732,sweden,2733
"Kalisz, wojewodztwo wielkopolskie, 62-800, Polska",18.08535,51.76728,poland,2734
"a²³eº""aOEº, e•?ae²™a¸,, ae¹-a-coe, a¸-a> 1/2",112.9388,28.22821,china,2735
"Herne, Nordrhein-Westfalen, Deutschland",7.198084,51.54509,germany,2736
"D""D 3/4D 1/4DµD>>NOE, D""D 3/4D 1/4DµD>>NOENDºD°N D²D 3/4D+/-D>>D°NN†NOE, D'DµD>>D°N€NfNNOE",30.99367,52.43134,belarus,2737
"Navarro County, Texas, United States",-96.47374,32.09314,united states of america,2738
"Glynn County, Georgia, United States",-81.48449,31.17542,united states of america,2739
"Nordwestmecklenburg, Mecklenburg-Vorpommern, Deutschland",11.17443,53.65283,germany,2740
"Koblenz, Rheinland-Pfalz, Deutschland",7.588996,50.35694,germany,2741
"Rhein-Neckar-Kreis, Baden-Wurttemberg, Deutschland",8.66027,49.54496,germany,2742
"Landkreis Bad Durkheim, Rheinland-Pfalz, Deutschland",8.062541,49.5206,germany,2743
"More og Romsdal, Norge",6.149482,62.47223,NA,2744
"D¢D+/-D¸D>>D¸NNDºD¸D¹ N€D°D¹D 3/4D 1/2, DsN€D°ND 1/2D 3/4D´D°N€NDºD¸D¹ DºN€D°D¹, D(R)D¶D 1/2N<D¹ N,,DµD´DµN€D°D>>NOED 1/2N<D¹ D 3/4DºN€NfD³, D D 3/4NND¸N",40.18544,45.36241,russia,2745
"Schwalm-Eder-Kreis, Hessen, Deutschland",9.274264,51.13308,germany,2746
"Norrbottens lan, Sverige",22.1567,65.58482,NA,2747
"Landkreis Giessen, Hessen, Deutschland",8.958272,50.59267,germany,2748
"powiat slupecki, wojewodztwo wielkopolskie, Polska",17.88739,52.42914,poland,2749
"powiat grodziski, wojewodztwo wielkopolskie, Polska",16.35149,52.11556,poland,2750
"powiat gryfinski, wojewodztwo zachodniopomorskie, Polska",14.33114,52.98027,poland,2751
"Swietochlowice, Gornoslasko-Zaglebiowska Metropolia, wojewodztwo slaskie, Polska",18.91713,50.29643,poland,2752
"Damascus, U...O-O§UO¸O(C) O¯U...O´U,, O³U^O+/-USO§",36.27653,33.51381,syria,2753
"D!N""D²N""N€D 3/4D´D 3/4D 1/2DµN†NOEDºD¸D¹ N€D°D¹D 3/4D 1/2, D>NfD³D°D 1/2NNOEDºD° D 3/4D+/-D>>D°NN,NOE, D£DºN€D°N-D 1/2D°",38.44336,48.90661,ukraine,2754
"Guadalupe County, Texas, United States",-97.96508,29.57591,united states of america,2755
"Jefferson County, Wisconsin, United States",-88.69499,43.19662,united states of america,2756
"Box Elder County, Utah, United States",-112.016,41.49049,united states of america,2757
"Jelenia Gora, wojewodztwo dolnoslaskie, Polska",15.71936,50.90442,poland,2758
"Hall County, Nebraska, United States",-98.36951,40.77196,united states of america,2759
"a...µaº<<coeOE, ae-¥aeoe¬",135.1027,34.66831,japan,2760
"Solingen, Nordrhein-Westfalen, Deutschland",7.025186,51.15295,germany,2761
"Landkreis Schmalkalden-Meiningen, Thuringen, Deutschland",10.15871,50.62805,germany,2762
"D-D²DµD 1/2D¸D³D 3/4N€D 3/4D´NNOEDºD¸D¹ N€D°D¹D 3/4D 1/2, D§DµN€DºD°NNOEDºD° D 3/4D+/-D>>D°NN,NOE, D£DºN€D°N-D 1/2D°",30.96999,49.07621,ukraine,2763
"D³D 3/4N€D 3/4D´NDºD 3/4D¹ D 3/4DºN€NfD³ DD¸D¶D 1/2D¸D¹ DD 3/4D²D³D 3/4N€D 3/4D´, DD¸D¶DµD³D 3/4N€D 3/4D´NDºD°N D 3/4D+/-D>>D°NN,NOE, DYN€D¸D²D 3/4D>>D¶NDºD¸D¹ N,,DµD´DµN€D°D>>NOED 1/2N<D¹ D 3/4DºN€NfD³, D D 3/4NND¸N",43.93606,56.2965,russia,2764
"ae!¥a¸oeaOEº, a 1/4 a(R)¶a£a¸,, ae²³aOE-coe a¸-a> 1/2",114.8863,40.76754,china,2765
"Bezirk Lienz, Tirol, Osterreich",12.45802,47.0034,austria,2766
"Mechelen, Antwerpen, Vlaanderen, Belgie / Belgique / Belgien",4.62867,51.05476,belgium,2767
"District de Lausanne, Vaud, Schweiz/Suisse/Svizzera/Svizra",6.632273,46.51965,switzerland,2768
"Val-de-Marne, Ile-de-France, France metropolitaine, France",2.498372,48.78338,france,2769
"Provincia de Chanaral, Region de Atacama, Chile",-69.4833,-26.4333,chile,2770
"Page County, Virginia, United States",-78.52065,38.63013,united states of america,2771
"Val Verde County, Texas, United States",-100.8959,29.37089,united states of america,2772
"c£a>>""a€ Wan Chai District, e¦™ae¸¯a³¶ Hong Kong Island, e¦™ae¸¯ Hong Kong, a¸-a> 1/2",114.1705,22.27666,hong kong s.a.r.,2773
"powiat zgorzelecki, wojewodztwo dolnoslaskie, Polska",15.07042,51.1327,poland,2774
"Yuma County, Arizona, United States",-113.6466,32.88199,united states of america,2775
"Cotes-d'Armor, Bretagne, France metropolitaine, France",-2.967909,48.54359,france,2776
"DD¸DºD 3/4D>>D°DµD²NDºD¸D¹ N€D°D¹D 3/4D 1/2, D¥D°D+/-D°N€D 3/4D²NDºD¸D¹ DºN€D°D¹, D""D°D>>NOED 1/2DµD²D 3/4NN,D 3/4N‡D 1/2N<D¹ N,,DµD´DµN€D°D>>NOED 1/2N<D¹ D 3/4DºN€NfD³, D D 3/4NND¸N",140.7315,53.14239,russia,2777
"Elkhart County, Indiana, United States",-85.96562,41.68121,united states of america,2778
"Richmond County, Georgia, United States",-82.01051,33.4735,united states of america,2779
"powiat zarski, wojewodztwo lubuskie, Polska",15.137,51.64201,poland,2780
"Lincoln County, Oregon, United States",-124.0087,44.60206,NA,2781
"Nash County, North Carolina, United States",-77.83782,35.95786,united states of america,2782
"Mannheim, Baden-Wurttemberg, Deutschland",8.46604,49.48746,germany,2783
"cZ,,ae-¦aOEº, a-aº¬a¸,, ae+/-Ye<coe, a¸-a> 1/2",118.7969,32.06025,china,2784
"Sevier County, Arkansas, United States",-94.31632,34.16928,united states of america,2785
"powiat czluchowski, wojewodztwo pomorskie, Polska",17.35901,53.66718,poland,2786
"Nueva Vizcaya, Cagayan Valley, Philippines",121.3341,16.68929,philippines,2787
"Spree-Neisse - Sprjewja-Nysa, Brandenburg, Deutschland",14.64749,51.74415,poland,2788
"Bates County, Missouri, United States",-94.07967,38.07142,united states of america,2789
"Warren County, Iowa, United States",-93.45771,41.28398,united states of america,2790
"Daniel Alcides Carrion, Pasco, Peru",-76.40907,-10.47363,peru,2791
"Bocoyna, Chihuahua Mexico",-107.7561,27.52806,mexico,2792
"Gwanda, Matabeleland South, Zimbabwe",29.04599,-21.05234,zimbabwe,2793
"Tlalpan, Ciudad de Mexico, Mexico",-99.17591,19.25025,mexico,2794
"Pettis County, Missouri, United States",-93.22826,38.70446,united states of america,2795
"York, England, United Kingdom",-1.082318,53.95871,united kingdom,2796
"Elbert County, Colorado, United States",-104.5789,39.36234,united states of america,2797
"D³D 3/4N€D 3/4D´NDºD 3/4D¹ D 3/4DºN€NfD³ D£N€NZD?D¸D 1/2NDº, D'D 3/4D>>D³D 3/4D³N€D°D´NDºD°N D 3/4D+/-D>>D°NN,NOE, D(R)D¶D 1/2N<D¹ N,,DµD´DµN€D°D>>NOED 1/2N<D¹ D 3/4DºN€NfD³, D D 3/4NND¸N",42.0056,50.79742,russia,2798
"Municipality of the County of Annapolis, Annapolis County, Nova Scotia, Canada",-64.96667,44.93333,canada,2799
"Ferry County, Washington, United States",-118.7378,48.64822,united states of america,2800
"Oktibbeha County, Mississippi, United States",-88.82075,33.47638,united states of america,2801
"Jakarta Pusat, Daerah Khusus Ibukota Jakarta, Jawa, Indonesia",106.8341,-6.167181,indonesia,2802
Guernsey,-2.58949,49.4482,guernsey,2803
"a 3/4ae+/-‡aOEº, a¸Saeµ·a¸,, a¸-a> 1/2",121.4224,31.16254,china,2804
"Bilwi, Costa Caribe Norte Nicaragua",-83.39496,14.03912,nicaragua,2805
"Hinsdale County, Colorado United States",-107.3153,38.03,united states of america,2806
"Oberhavel, Brandenburg, Deutschland",13.18892,52.63911,germany,2807
"Landkreis Weissenburg-Gunzenhausen, Bayern, Deutschland",10.97102,49.02721,germany,2808
"Scotts Bluff County, Nebraska, United States",-103.6578,41.82636,united states of america,2809
"Santiago Papasquiaro, Durango, Mexico",-105.4244,25.04262,mexico,2810
"Boone County, Iowa, United States",-93.88023,42.0597,united states of america,2811
"Tuscola County, Michigan, United States",-83.40703,43.48185,united states of america,2812
"Morelos, Chihuahua, Mexico",-107.677,26.67147,mexico,2813
"Coos County, Oregon, United States",-124.2243,43.4065,united states of america,2814
"Bezirk Hartberg-Furstenfeld, Steiermark, Osterreich",16.08013,47.04795,austria,2815
"Carroll County, Arkansas, United States",-93.50035,36.29875,united states of america,2816
"Baix Llobregat, Barcelona, Catalunya, Espana",1.923321,41.48506,spain,2817
"Torino, Piemonte, Italia",7.686864,45.07034,italy,2818
"Raionul Edinet, Moldova",27.29361,48.1679,moldova,2819
"eS+/-cZ<a ,a€ Santo Antonio, ae 3/4³e-€ Macau, a¸-a> 1/2",113.5439,22.19874,macau s.a.r,2820
"Putnam County, Florida, United States",-81.63758,29.64858,united states of america,2821
"Leon County, Florida, United States",-84.28363,30.43902,united states of america,2822
"Mason County, West Virginia, United States",-82.19876,38.77064,united states of america,2823
"Greene County, Georgia, United States",-83.18238,33.57568,united states of america,2824
"ae²¹a°-ae-ºa€ Yau Tsim Mong District, a¹e 3/4 Kowloon, e¦™ae¸¯ Hong Kong, a¸-a> 1/2",114.1711,22.29642,hong kong s.a.r.,2825
"Scott County, Arkansas, United States",-94.07715,34.73482,united states of america,2826
"Lamar County, Mississippi, United States",-89.36981,31.32134,united states of america,2827
"Nicollet County, Minnesota, United States",-94.01192,44.16928,united states of america,2828
"Heilbronn, Baden-Wurttemberg, Deutschland",9.210879,49.14269,germany,2829
"D""N€D 3/4D³D 3/4D+/-D¸N†NOEDºD¸D¹ N€D°D¹D 3/4D 1/2, D>NOED²N-D²NNOEDºD° D 3/4D+/-D>>D°NN,NOE, D£DºN€D°N-D 1/2D°",23.51232,49.35801,ukraine,2830
"D""D 3/4N€D 3/4D´D¸N‰DµD 1/2NDºD¸D¹ N€D°D¹D 3/4D 1/2, D'D 3/4D>>D³D 3/4D³N€D°D´NDºD°N D 3/4D+/-D>>D°NN,NOE, D(R)D¶D 1/2N<D¹ N,,DµD´DµN€D°D>>NOED 1/2N<D¹ D 3/4DºN€NfD³, D D 3/4NND¸N",44.47392,48.8012,russia,2831
"Daira Sidi M'Hamed, Alger, Algerie aµaµ£aµ£a´°aµ¢a´>>aµ"" O§U,,O¬O²O§O¦O+/-",3.058756,36.75377,algeria,2832
"* *¤*ª *™*¨*•*(C)*oe*™*, *z*-*•*- *™*¨*•*(C)*oe*™*, *™*(C)*¨**oe",35.24146,31.78671,west bank,2833
"Bydgoszcz, wojewodztwo kujawsko-pomorskie, Polska",18.00844,53.12348,poland,2834
"Perkins County, South Dakota, United States",-102.1593,45.94083,united states of america,2835
"Tuquerres, La Sabana, Narino, RAP Pacifico, Colombia",-77.61864,1.085739,colombia,2836
"Le Haut-Richelieu, Monteregie, Quebec, Canada",-73.28018,45.33222,canada,2837
"Yercaud, Salem District, Tamil Nadu, India",78.20971,11.77479,india,2838
"Shurugwi, Midlands, Zimbabwe",29.97694,-19.67711,zimbabwe,2839
"Madison County, Florida, United States",-83.37374,30.56702,united states of america,2840
"I IµII¹I†IµIIµI¹I+/-IºI(R) I•I 1/2IOEI,,I·I,,I+/- IoeIµIfIfI·I 1/2I¯I+/-I,, I IµII¹I†I-IIµI¹I+/- I IµI>>I?I€I?I 1/2I 1/2I(R)IfI?I..., I'I€I?IºIµI 1/2I,,II‰I 1/4I-I 1/2I· I""I¹I?I¯IºI·IfI· I IµI>>I?I€I?I 1/2I 1/2I(R)IfI?I..., I""I...I,,I¹IºI(R)I, I•I>>I>>I¬I´I+/-I, IºI+/-I¹ I™I?I 1/2I¯I?I..., I•I>>I>>I¬I,",22.11437,37.03664,greece,2841
"Comuna 2, Ciudad Autonoma de Buenos Aires, Argentina",-58.39678,-34.58982,argentina,2842
"Henrico County, Virginia, United States",-77.6192,37.63179,united states of america,2843
"Sheridan County, Nebraska, United States",-102.5871,42.06878,united states of america,2844
"Altmarkkreis Salzwedel, Sachsen-Anhalt, Deutschland",11.08926,52.70287,germany,2845
"Cass County, Indiana, United States",-86.35667,40.75448,united states of america,2846
"Kosciusko County, Indiana, United States",-85.70554,41.20032,united states of america,2847
"Potter County, Pennsylvania, United States",-77.95,41.55895,united states of america,2848
"City of Milton Keynes, England, United Kingdom",-0.816221,52.06246,united kingdom,2849
"Christian County, Illinois, United States",-89.29453,39.54894,united states of america,2850
"Otter Tail County, Minnesota, United States",-95.57692,46.60044,united states of america,2851
"Provincia de Huasco, Region de Atacama, Chile",-71.2192,-28.4664,chile,2852
"DsD°D 1/4DµD 1/2NDºD¸D¹ N€D°D¹D 3/4D 1/2, DYDµD 1/2D·DµD 1/2NDºD°N D 3/4D+/-D>>D°NN,NOE, DYN€D¸D²D 3/4D>>D¶NDºD¸D¹ N,,DµD´DµN€D°D>>NOED 1/2N<D¹ D 3/4DºN€NfD³, D D 3/4NND¸N",44.01231,53.18626,russia,2853
"Rieti, Lazio, Italia",12.85673,42.40451,italy,2854
"Vaudreuil-Soulanges, Monteregie, Quebec, Canada",-74.05,45.31667,NA,2855
"Searcy County, Arkansas, United States",-92.87599,36.01081,united states of america,2856
"Gregg County, Texas, United States",-94.72961,32.49929,united states of america,2857
"DsD°N€ND>>N-N†DºN- N€D°N'D 1/2, D""N€D 3/4D´D·DµD 1/2NDºD°N D²D 3/4D+/-D>>D°NN†NOE, D'DµD>>D°N€NfNNOE",26.03856,53.60828,belarus,2858
"Basel-Stadt, Schweiz/Suisse/Svizzera/Svizra",7.588576,47.5596,switzerland,2859
"Garvin County, Oklahoma, United States",-97.16813,34.63488,united states of america,2860
"Washington County, Idaho, United States",-116.9693,44.251,united states of america,2861
"County Limerick, Munster, Eire / Ireland",-8.628856,52.6618,ireland,2862
"D!N,N€D¸D¹NNOEDºD¸D¹ N€D°D¹D 3/4D 1/2, D>NOED²N-D²NNOEDºD° D 3/4D+/-D>>D°NN,NOE, D£DºN€D°N-D 1/2D°",23.34954,48.81301,ukraine,2863
"Huichapan, Hidalgo, Mexico",-99.65084,20.37867,mexico,2864
"Pablo Sexto, Morona Santiago, Ecuador",-78.18341,-1.831239,ecuador,2865
"Calvados, Normandie, France metropolitaine, France",-0.4330578,49.12133,france,2866
"Salamanca, Castilla y Leon, Espana",-5.66354,40.9701,spain,2867
"Jessamine County, Kentucky, United States",-84.573,37.88063,united states of america,2868
"Charles County, Maryland, United States",-76.96907,38.51978,united states of america,2869
"Bezirk Dielsdorf, Zurich, Schweiz/Suisse/Svizzera/Svizra",8.519478,47.47666,switzerland,2870
"Argyll and Bute, Alba / Scotland, United Kingdom",-5.664662,55.64005,united kingdom,2871
"BabE™k rayonu, Naxcivan Muxtar Respublikasi, AzE™rbaycan",45.49126,39.32568,azerbaijan,2872
"af'afaf-af£af>af~, afaf-afaf af~af! afaf•af¢afafoeafaf>af~af£af af~ af af""af!afzaf£af'afsaf~af™af, af!afaf¥afaf af-af•af""afsaf",41.63675,41.61675,georgia,2873
"Lee County, Illinois, United States",-89.29583,41.84466,united states of america,2874
"City of Saint John, Saint John County, New Brunswick / Nouveau-Brunswick, Canada",-66.06331,45.27332,NA,2875
"Kota Bharu, Kelantan, Malaysia",102.2381,6.125397,malaysia,2876
"Acton, Monteregie, Quebec, Canada",-72.56506,45.64705,canada,2877
"Capital, San Juan, Argentina",-68.53859,-31.53511,argentina,2878
"Santa Cruz de Tenerife, Canarias, Espana",-16.42145,28.33859,spain,2879
"The Council of the Municipality of Hunters Hill, New South Wales, Australia",151.1697,-33.8417,australia,2880
"powiat koscianski, wojewodztwo wielkopolskie, Polska",16.85381,52.00185,poland,2881
"Pike County, Pennsylvania, United States",-75.02053,41.11873,united states of america,2882
"Azcapotzalco, Ciudad de Mexico, Mexico",-99.15415,19.47316,mexico,2883
"I IµII¹I†IµIIµI¹I+/-IºI(R) I•I 1/2IOEI,,I·I,,I+/- I~IµIfIfI+/-I>>I?I 1/2I¯IºI·I,, I IµII¹I†I-IIµI¹I+/- IsIµI 1/2I,,II¹IºI(R)I, IoeI+/-IºIµI´I?I 1/2I¯I+/-I,, I'I€I?IºIµI 1/2I,,II‰I 1/4I-I 1/2I· I""I¹I?I¯IºI·IfI· IoeI+/-IºIµI´I?I 1/2I¯I+/-I, - I~II¬IºI·I,, I•I>>I>>I¬I,",22.94442,40.64006,greece,2884
"Speyer, Rheinland-Pfalz Deutschland",8.441217,49.31728,germany,2885
"Town of Stellarton, Pictou County, Nova Scotia, Canada",-62.66039,45.55678,canada,2886
"Cerralvo, Nuevo Leon Mexico",-99.60253,26.07978,mexico,2887
"O¶U,,O¹ O+/-O§U^U,,U 3/4U†U^UOE, O+/-O§U^U,,U 3/4U†U^UOE U^U^UOEU~U†, U 3/4U†O¬O§O¨, U 3/4O§U(C)O³OªO§U†",73.05926,33.61827,pakistan,2888
"Gent, Oost-Vlaanderen, Vlaanderen, Belgie / Belgique / Belgien",3.724859,51.04613,belgium,2889
"Ostholstein, Schleswig-Holstein, Deutschland",11.03633,54.23072,germany,2890
"Canton Montes de Oro, Provincia Puntarenas, Costa Rica",-84.72933,10.0833,costa rica,2891
"Cootamundra-Gundagai Regional Council, New South Wales, Australia",148.1021,-35.05665,australia,2892
"i¸i oeeµ°, e°•i>iS¹e³,,izi¹~e,,, eOE€i•oee¯ 1/4eµ-",128.2184,37.818,south korea,2893
"DYD¸N€D 3/4N,NDºD¸ NfD?N€D°D²D 1/2D¸ D 3/4DºN€NfD³, D¦DµD 1/2N,N€D°D>>D 1/2D° D!N€D+/-D¸N~D°, D!N€D+/-D¸N~D°",22.58568,43.1557,republic of serbia,2894
"a¸-a¸³a¹€a¸ a¸-a¸,,a¸¥a¸-a¸‡a¸<<a¸¥a¸§a¸‡, a¸^a¸+/-a¸‡a¸<<a¸§a¸+/-a¸""a¸>a¸-a¸¸a¸!a¸~a¸²a¸™a¸µ, a¸>a¸£a¸°a¹€a¸-a¸¨a¹,,a¸-a¸¢",100.617,14.00967,thailand,2895
"Raionul Cantemir, Moldova",28.40162,46.33104,moldova,2896
"powiat wroclawski, wojewodztwo dolnoslaskie, Polska",17.14009,51.21056,poland,2897
"D'N€D°N†D°, D'NSD>>D³D°N€D¸N",23.96073,43.73224,bulgaria,2898
"Lawrence County, Missouri, United States",-93.63742,37.00311,united states of america,2899
"Sussex Parish, Kings County, New Brunswick / Nouveau-Brunswick, Canada",-65.45135,45.61098,canada,2900
"D¢DµD 1/4N€NZDºNDºD¸D¹ N€D°D¹D 3/4D 1/2, DsN€D°ND 1/2D 3/4D´D°N€NDºD¸D¹ DºN€D°D¹, D(R)D¶D 1/2N<D¹ N,,DµD´DµN€D°D>>NOED 1/2N<D¹ D 3/4DºN€NfD³, D D 3/4NND¸N",37.3823,45.271,russia,2901
"Washburn County, Wisconsin, United States",-91.60183,45.64773,united states of america,2902
"Shire Of Murchison, Western Australia, Australia",117.146,-26.37765,australia,2903
"Whitehorse, Yukon, Canada",-135.0568,60.72119,canada,2904
"Canton Alajuela, Provincia Alajuela, Costa Rica",-84.21417,10.01594,costa rica,2905
"Barranquilla, Atlantico, RAP Caribe, Colombia",-74.80698,11.00411,colombia,2906
"Pope County, Minnesota, United States",-95.38811,45.65046,united states of america,2907
"James City County, Virginia, United States",-76.74713,37.27702,united states of america,2908
"Partido de Veinticinco de Mayo, Buenos Aires, Argentina",-60.30373,-35.5124,argentina,2909
"I IµII¹I†IµIIµI¹I+/-IºI(R) I•I 1/2IOEI,,I·I,,I+/- IsI-IIºI...II+/-I,, I IµII¹I†I-IIµI¹I+/- I™I?I 1/2I¯I‰I 1/2 II(R)IfI‰I 1/2, I'I€I?IºIµI 1/2I,,II‰I 1/4I-I 1/2I· I""I¹I?I¯IºI·IfI· I IµI>>I?I€I?I 1/2I 1/2I(R)IfI?I..., I""I...I,,I¹IºI(R)I, I•I>>I>>I¬I´I+/-I, IºI+/-I¹ I™I?I 1/2I¯I?I..., I•I>>I>>I¬I,",19.92168,39.62426,greece,2910
"Tegucigalpa, Distrito Central, Francisco Morazan, Honduras",-87.1715,14.06505,honduras,2911
"Lane County, Kansas United States",-100.4664,38.48236,united states of america,2912
"Dithmarschen, Schleswig-Holstein, Deutschland",9.101902,54.19518,germany,2913
"Constanza, La Vega, Republica Dominicana",-70.73766,18.91148,dominican republic,2914
"Lincoln County, Colorado, United States",-103.4699,39.1361,united states of america,2915
"Sabanagrande, Francisco Morazan, Honduras",-87.25935,13.80932,honduras,2916
"Bluefields, Region Autonoma de la Costa Caribe Sur Nicaragua",-83.77037,12.01114,nicaragua,2917
"Prinzapolka, Costa Caribe Norte Nicaragua",-83.56431,13.40827,nicaragua,2918
"a-e-sae² 1/4ef!, ae-°ae 1/2YcoeOE, a¸-ef¨aoe°ae-¹, ae-¥aeoe¬",138.8096,36.93598,japan,2919
"D³D 3/4N€D 3/4D´NDºD 3/4D¹ D 3/4DºN€NfD³ D'D 3/4N€D 3/4D 1/2DµD¶, D'D 3/4N€D 3/4D 1/2DµD¶NDºD°N D 3/4D+/-D>>D°NN,NOE, D¦DµD 1/2N,N€D°D>>NOED 1/2N<D¹ N,,DµD´DµN€D°D>>NOED 1/2N<D¹ D 3/4DºN€NfD³, D D 3/4NND¸N",39.20888,51.6755,russia,2920
"Rockcastle County, Kentucky, United States",-84.20652,37.36646,united states of america,2921
"Highland, Alba / Scotland, United Kingdom",-4.476027,57.47517,united kingdom,2922
"Etheridge Shire, Queensland, Australia",143.4813,-18.28673,australia,2923
"Cape May County, New Jersey, United States",-74.8163,39.08558,united states of america,2924
"Wagoner County, Oklahoma, United States",-95.74205,36.06673,united states of america,2925
"Bossier Parish, Louisiana, United States",-93.6424,32.43932,united states of america,2926
"Edgar County, Illinois, United States",-87.6991,39.6033,united states of america,2927
"Dallas County, Iowa, United States",-93.81461,41.55554,united states of america,2928
"Livingston Parish, Louisiana, United States",-90.95621,30.48686,united states of america,2929
"Hardin County, Iowa, United States",-93.10576,42.36804,united states of america,2930
"Canik, Samsun, Karadeniz Bolgesi Turkiye",36.30291,41.18291,turkey,2931
"Cadereyta de Montes, Queretaro, Mexico",-99.82086,20.6904,mexico,2932
"Alamance County, North Carolina, United States",-79.29971,36.0634,united states of america,2933
"Hutchinson County, Texas, United States",-101.3974,35.66782,united states of america,2934
"Faulkner County, Arkansas, United States",-92.44172,35.11218,united states of america,2935
"Guysborough District Municipality, Guysborough County, Nova Scotia, Canada",-61.80046,45.24867,canada,2936
"Dare County, North Carolina, United States",-75.66154,35.88974,united states of america,2937
"Pitt County, North Carolina, United States",-77.42141,35.61233,united states of america,2938
"Coweta County, Georgia, United States",-84.67109,33.49933,united states of america,2939
"Eddy County, New Mexico, United States",-104.2288,32.42067,united states of america,2940
"Carroll County, Virginia, United States",-80.72144,36.67787,united states of america,2941
"Robeson County, North Carolina, United States",-79.29143,34.53655,united states of america,2942
"Town of Antigonish, Antigonish County, Nova Scotia, Canada",-61.9928,45.62266,canada,2943
"Stillwater County, Montana, United States",-109.8855,45.35355,united states of america,2944
"Poweshiek County, Iowa, United States",-92.73431,41.74271,united states of america,2945
"Shire of Hepburn, Victoria, Australia",144.15,-37.35,australia,2946
"Barry County, Michigan, United States",-85.29175,42.64985,united states of america,2947
"Montgomery County, Indiana, United States",-86.87445,40.04115,united states of america,2948
"Moncton Parish, Westmorland County, New Brunswick / Nouveau-Brunswick, Canada",-64.78588,46.09449,canada,2949
"Vallecillo, Nuevo Leon, Mexico",-99.98729,26.65959,mexico,2950
"Frontenac County, Eastern Ontario, Ontario, Canada",-76.60056,44.40734,canada,2951
"Martin County, Kentucky, United States",-82.50166,37.91451,united states of america,2952
"Wayne County, New York, United States",-77.2322,43.06346,united states of america,2953
"powiat boleslawiecki, wojewodztwo dolnoslaskie, Polska",15.56574,51.265860000000004,poland,2954
"powiat wielicki, wojewodztwo malopolskie, Polska",20.0648,49.98706,poland,2955
"Surat District, Gujarat, India",72.83069,21.1929,india,2956
"ae-¦efoeaZ?, a¹?a(R)‰a¸,, a>>a·coe, a¸-a> 1/2",106.2903,30.33667,china,2957
"powiat kedzierzynsko-kozielski, wojewodztwo opolskie, Polska",18.32113,50.37186,poland,2958
"Aschaffenburg, Bayern, Deutschland",9.135555,49.98066,germany,2959
"Grudziadz, wojewodztwo kujawsko-pomorskie, Polska",18.75356,53.48375,poland,2960
"Savona, Liguria, Italia",8.464533,44.29839,NA,2961
"Queen Anne's County, Maryland, United States",-76.07205,39.04183,united states of america,2962
"Grand Traverse County, Michigan, United States",-85.59944,44.75884,united states of america,2963
"Landkreis Limburg-Weilburg, Hessen, Deutschland",8.079578,50.3986,germany,2964
"Kalyani, Nadia District, West Bengal, India",88.46953,22.95877,india,2965
"Hinterland, Appenzell Ausserrhoden, Schweiz/Suisse/Svizzera/Svizra",9.279847,47.3857,switzerland,2966
"Saline County, Missouri, United States",-93.18779,39.10904,united states of america,2967
"Landkreis Hassberge, Bayern, Deutschland",10.56645,50.08087,germany,2968
"Otsego County, Michigan, United States",-84.5664,45.14323,united states of america,2969
"powiat gnieznienski, wojewodztwo wielkopolskie, Polska",17.51714,52.48015,poland,2970
"D³D 3/4N€D 3/4D´NDºD 3/4D¹ D 3/4DºN€NfD³ D¢NfD>>D°, D¢NfD>>NOENDºD°N D 3/4D+/-D>>D°NN,NOE, D¦DµD 1/2N,N€D°D>>NOED 1/2N<D¹ N,,DµD´DµN€D°D>>NOED 1/2N<D¹ D 3/4DºN€NfD³, D D 3/4NND¸N",37.61849,54.20484,russia,2971
"Garden Route District Municipality, Western Cape, South Africa",23.3214,-34.08511,south africa,2972
"DsN€D°ND 1/2D 3/4D·D 1/2D°D 1/4DµD 1/2NDºD¸D¹ D 1/4NfD 1/2D¸N†D¸D?D°D>>NOED 1/2N<D¹ D 3/4DºN€NfD³, DsD°D>>D¸D 1/2D¸D 1/2D³N€D°D´NDºD°N D 3/4D+/-D>>D°NN,NOE, D!DµD²DµN€D 3/4-D-D°D?D°D´D 1/2N<D¹ N,,DµD´DµN€D°D>>NOED 1/2N<D¹ D 3/4DºN€NfD³, D D 3/4NND¸N",22.50083,54.77123,russia,2973
"Alb-Donau-Kreis, Baden-Wurttemberg, Deutschland",9.783545,48.4073,germany,2974
"Landkreis Trier-Saarburg, Rheinland-Pfalz, Deutschland",6.510777,49.72896,germany,2975
"Kreis Kleve, Nordrhein-Westfalen, Deutschland",6.402804,51.76558,germany,2976
Slovenija,14.50597,46.05143,slovenia,2977
"Palenque, Chiapas Mexico",-92.04589,17.48477,mexico,2978
"D³D 3/4N€D 3/4D´NDºD 3/4D¹ D 3/4DºN€NfD³ D¢D 3/4D 1/4NDº, D¢D 3/4D 1/4NDºD°N D 3/4D+/-D>>D°NN,NOE, D!D¸D+/-D¸N€NDºD¸D¹ N,,DµD´DµN€D°D>>NOED 1/2N<D¹ D 3/4DºN€NfD³, D D 3/4NND¸N",84.99245,56.50104,russia,2979
"Colbert County, Alabama, United States",-87.69864,34.76509,united states of america,2980
"Twin Falls County, Idaho, United States",-114.3849,42.54796,united states of america,2981
"San Miguel Totolapan, Guerrero, Mexico",-100.2456,17.90861,mexico,2982
"D³D 3/4N€D 3/4D´NDºD 3/4D¹ D 3/4DºN€NfD³ DzD 1/4NDº, DzD 1/4NDºD°N D 3/4D+/-D>>D°NN,NOE, D!D¸D+/-D¸N€NDºD¸D¹ N,,DµD´DµN€D°D>>NOED 1/2N<D¹ D 3/4DºN€NfD³, D D 3/4NND¸N",73.32424,54.98848,russia,2983
"Jihovychod, Cesko",16.33653,49.12335,czech republic,2984
"Landkreis Sigmaringen, Baden-Wurttemberg, Deutschland",9.5002,48.01472,germany,2985
"Landkreis Boblingen, Baden-Wurttemberg, Deutschland",8.913093,48.83556,germany,2986
"Jefferson County, Oregon, United States",-121.1226,44.63719,united states of america,2987
"Jacala de Ledezma, Hidalgo, Mexico",-99.19267,21.00861,mexico,2988
"Rio Arriba County, New Mexico, United States",-106.0645,35.9853,united states of america,2989
"DNfN€D¸D 1/4D°D 1/2D 3/4D²NDºD¸D¹ N€D°D¹D 3/4D 1/2, D'D°N^DºD 3/4N€N,D 3/4NN,D°D 1/2, DYN€D¸D²D 3/4D>>D¶NDºD¸D¹ N,,DµD´DµN€D°D>>NOED 1/2N<D¹ D 3/4DºN€NfD³, D D 3/4NND¸N",56.56096,55.42155,russia,2990
"Pallars Sobira, Lleida, Catalunya, Espana",1.00119,42.66818,spain,2991
"Karra, Khunti District, Jharkhand India",85,23,india,2992
"Blaenau Gwent, Cymru / Wales, United Kingdom",-3.159627,51.76682,united kingdom,2993
"Yvelines, Ile-de-France, France metropolitaine, France",2.130122,48.80141,france,2994
"Transylvania County, North Carolina, United States",-82.73442,35.23333,united states of america,2995
"Puerto Barrios, Izabal, Guatemala",-88.58551,15.697,guatemala,2996
"Livingston, Izabal, Guatemala",-88.94139,15.59181,guatemala,2997
"I IµII¹I†IµIIµI¹I+/-IºI(R) I•I 1/2IOEI,,I·I,,I+/- I'I‡I+/-II+/-I,, I IµII¹I†I-IIµI¹I+/- I""I...I,,I¹IºI(R)I, I•I>>I>>I¬I´I+/-I,, I'I€I?IºIµI 1/2I,,II‰I 1/4I-I 1/2I· I""I¹I?I¯IºI·IfI· I IµI>>I?I€I?I 1/2I 1/2I(R)IfI?I..., I""I...I,,I¹IºI(R)I, I•I>>I>>I¬I´I+/-I, IºI+/-I¹ I™I?I 1/2I¯I?I..., I•I>>I>>I¬I,",21.73457,38.24664,greece,2998
"D³D 3/4N€D 3/4D´NDºD 3/4D¹ D 3/4DºN€NfD³ DsD°D 1/4DµD 1/2NDº-D¨D°N...N,D¸D 1/2NDºD¸D¹, D D 3/4NN,D 3/4D²NDºD°N D 3/4D+/-D>>D°NN,NOE, D(R)D¶D 1/2N<D¹ N,,DµD´DµN€D°D>>NOED 1/2N<D¹ D 3/4DºN€NfD³, D D 3/4NND¸N",40.26895,48.31412,russia,2999
"Nagpur Urban Taluka, Nagpur District, Maharashtra, India",79.06477,21.0891,india,3000
"powiat goleniowski, wojewodztwo zachodniopomorskie, Polska",14.828430000000001,53.56382,poland,3001
"DoeD°D³N-D>>N'Nz, DoeD°D³N-D>>N'NzNDºD°N D²D 3/4D+/-D>>D°NN†NOE, D'DµD>>D°N€NfNNOE",30.33253,53.89807,belarus,3002
"Crowley County, Colorado, United States",-103.663,38.23195,united states of america,3003
"Merida, Yucatan, Mexico",-89.61843,20.98284,mexico,3004
"Pistoia, Toscana, Italia",10.77553,43.88085,italy,3005
"DsNN...N,D¸D 1/2NDºD¸D¹ N€D°D¹D 3/4D 1/2, D DµND?NfD+/-D>>D¸DºD° D'NfN€NN,D¸N, D""D°D>>NOED 1/2DµD²D 3/4NN,D 3/4N‡D 1/2N<D¹ N,,DµD´DµN€D°D>>NOED 1/2N<D¹ D 3/4DºN€NfD³, D D 3/4NND¸N",106.482,50.34929,russia,3006
"Cienfuegos, Cuba",-80.44378,22.15998,cuba,3007
"Telford and Wrekin, England, United Kingdom",-2.397612,52.73625,united kingdom,3008
"Ibarra, Imbabura, Ecuador",-78.13236,0.3471469,ecuador,3009
"powiat malborski, wojewodztwo pomorskie, Polska",19.20118,54.05425,poland,3010
"Fannin County, Texas, United States",-96.23143,33.59043,united states of america,3011
"Amalfi, Nordeste, Antioquia, RAP del Agua y la Montana Colombia",-75.01438,6.895627,colombia,3012
"Madison County, North Carolina, United States",-82.76986,35.88149,united states of america,3013
"Bath County, Kentucky, United States",-83.69575,38.09814,united states of america,3014
"Snowy Monaro Regional Council, New South Wales, Australia",148.4893,-35.87266,australia,3015
"Division No. 8, Alberta, Canada",-113.8116,52.26897,canada,3016
"Fall River County, South Dakota, United States",-103.8255,43.30108,united states of america,3017
"D>NfD³D°D 1/2NNOEDºD° D 3/4D+/-D>>D°NN,NOE, D£DºN€D°N-D 1/2D°",39.30781,48.57404,ukraine,3018
"Quito, Pichincha, Ecuador",-78.48953,-0.1520988,ecuador,3019
"Montgomery County, North Carolina, United States",-79.74532,35.29514,united states of america,3020
"Salem, Virginia United States",-80.05043,37.28868,united states of america,3021
"Municipality of Jasper, Division No. 15, Alberta, T0E 1E0, Canada",-118.0814,52.87368,canada,3022
"Houston County, Alabama, United States",-85.45641,31.23786,united states of america,3023
"Dorset, England, United Kingdom",-2.441181,50.71116,united kingdom,3024
"D³D 3/4N€D 3/4D´NDºD 3/4D¹ D 3/4DºN€NfD³ DsD 3/4N,DµD>>NOED 1/2D¸DºD¸, DoeD 3/4NDºD 3/4D²NDºD°N D 3/4D+/-D>>D°NN,NOE, D¦DµD 1/2N,N€D°D>>NOED 1/2N<D¹ N,,DµD´DµN€D°D>>NOED 1/2N<D¹ D 3/4DºN€NfD³, D D 3/4NND¸N",37.86132,55.6532,russia,3025
"O£O³U^O§U†, U...OµO+/-",32.87492,23.97276,egypt,3026
"D³D 3/4N€D 3/4D´NDºD 3/4D¹ D 3/4DºN€NfD³ D'D 3/4D>>D 3/4D³D´D°, D'D 3/4D>>D 3/4D³D 3/4D´NDºD°N D 3/4D+/-D>>D°NN,NOE, D!DµD²DµN€D 3/4-D-D°D?D°D´D 1/2N<D¹ N,,DµD´DµN€D°D>>NOED 1/2N<D¹ D 3/4DºN€NfD³, D D 3/4NND¸N",39.89781,59.21807,russia,3027
"Matobo, Matabeleland South, Zimbabwe",28.45282,-21.05983,zimbabwe,3028
"Talbot County, Georgia, United States",-84.50523,32.64273,united states of america,3029
"Blackpool, England, United Kingdom",-3.03877,53.80297,united kingdom,3030
"Wells County, Indiana, United States",-85.17164,40.73866,united states of america,3031
"Grad Gradiska, D DµD?NfD+/-D>>D¸DºD° D!N€D?NDºD° / Republika Srpska, Bosna i Hercegovina / D'D 3/4ND 1/2D° D¸ D¥DµN€N†DµD³D 3/4D²D¸D 1/2D°",17.03368,45.1977,bosnia and herzegovina,3032
"Otero County, New Mexico, United States",-105.9906,33.00304,united states of america,3033
"Prince Edward County, Central Ontario, Ontario, Canada",-76.97239,44.01492,canada,3034
"Branch County, Michigan, United States",-85.052,41.93703,united states of america,3035
"okres Spisska Nova Ves, Kosicky kraj, Vychodne Slovensko, Slovensko",20.56365,48.94528,slovakia,3036
"Tequila, Region Valles, Jalisco, Mexico",-103.85,21.21667,mexico,3037
"Buena Vista, Virginia United States",-79.35392,37.7343,united states of america,3038
"County Westmeath, Leinster, Eire / Ireland",-7.338138,53.52593,ireland,3039
"Anderson County, Texas, United States",-95.63007,31.76802,united states of america,3040
"powiat mysliborski, wojewodztwo zachodniopomorskie, Polska",14.86785,52.92372,poland,3041
"Dallas County, Missouri, United States",-93.0921,37.54969,united states of america,3042
"Drummond, Centre-du-Quebec, Quebec, Canada",-72.48963,45.88584,canada,3043
"Twic East, Jonglei, South Sudan",31.30698,6.876992,south sudan,3044
"D³D 3/4N€D 3/4D´NDºD 3/4D¹ D 3/4DºN€NfD³ D!D°N€D°D?NfD>>, D£D´D 1/4NfN€N,D¸N, DYN€D¸D²D 3/4D>>D¶NDºD¸D¹ N,,DµD´DµN€D°D>>NOED 1/2N<D¹ D 3/4DºN€NfD³, D D 3/4NND¸N",53.78336,56.45215,russia,3045
"Regiao Geografica Intermediaria de Feira de Santana, Bahia, Regiao Nordeste, Brasil",-41.70073,-12.57974,brazil,3046
"Iberville Parish, Louisiana, United States",-91.23427,30.28908,united states of america,3047
"Moore County, Texas, United States",-101.9593,35.85401,united states of america,3048
"Henry County, Ohio, United States",-84.09771,41.37258,united states of america,3049
"a²e~oecoeOE, a¸-ef¨aoe°ae-¹, ae-¥aeoe¬",137.1862,36.23815,japan,3050
"Hancock County, Kentucky, United States",-86.75213,37.90297,united states of america,3051
"Perry County, Missouri, United States",-89.88733,37.61755,united states of america,3052
"Willoughby City Council, New South Wales, Australia",151.1949,-33.79232,australia,3053
"City of Greater Shepparton, Victoria, Australia",145.7104,-36.31175,australia,3054
"Wetteraukreis, Hessen, Deutschland",8.769499,50.22523,germany,3055
"Radom, wojewodztwo mazowieckie, Polska",21.14713,51.40272,poland,3056
"Polk County, Wisconsin, United States",-92.36214,45.30691,united states of america,3057
"Washington County, Colorado, United States",-103.6117,39.74001,united states of america,3058
"D³D 3/4N€D 3/4D´NDºD 3/4D¹ D 3/4DºN€NfD³ D~N€DºNfN,NDº, D~N€DºNfN,NDºD°N D 3/4D+/-D>>D°NN,NOE, D!D¸D+/-D¸N€NDºD¸D¹ N,,DµD´DµN€D°D>>NOED 1/2N<D¹ D 3/4DºN€NfD³, D D 3/4NND¸N",104.305,52.28697,russia,3059
"Phillips County, Arkansas, United States",-90.59003,34.52913,united states of america,3060
"Urique, Chihuahua, Mexico",-107.914,27.21207,mexico,3061
"D^NfD¶D 1/2D 3/4D+/-D°N‡DºD¸ NfD?N€D°D²D 1/2D¸ D 3/4DºN€NfD³, D'D 3/4N~D²D 3/4D´D¸D 1/2D°, D!N€D+/-D¸N~D°",20.03197,45.22352,republic of serbia,3062
"Pirmasens, Rheinland-Pfalz, Deutschland",7.600216,49.20155,germany,3063
"Landkreis Vulkaneifel, Rheinland-Pfalz, Deutschland",6.671831,50.29163,germany,3064
"Landkreis Regensburg, Bayern, Deutschland",11.89894,49.09573,germany,3065
"Valod Taluka, Tapi District, Gujarat, India",73.3296,21.04887,india,3066
"Municipio de Queretaro, Queretaro, Mexico",-100.3899,20.58879,mexico,3067
"Malheur County, Oregon, United States",-116.9629,44.02655,united states of america,3068
"Wahkiakum County, Washington, United States",-123.4946,46.32595,united states of america,3069
"ae+/-a€ Eastern District, e¦™ae¸¯a³¶ Hong Kong Island, e¦™ae¸¯ Hong Kong, a¸-a> 1/2",114.203,22.29148,NA,3070
"City of Stonnington, Victoria, Australia",145.0114,-37.83854,australia,3071
"Mezquital del Oro, Zacatecas, Mexico",-103.3631,21.21512,mexico,3072
"Goochland County, Virginia, United States",-77.66654,37.69745,united states of america,3073
"Caribou County, Idaho, United States",-111.5324,42.72825,united states of america,3074
"Carver County, Minnesota, United States",-93.92163,44.77357,united states of america,3075
"Bezirk Jennersdorf, Burgenland, Osterreich",16.12228,47.05289,austria,3076
"Saint Thomas - Saint John District, United States Virgin Islands, United States",-64.89409,18.3381,united states virgin islands,3077
"Columbia County, Oregon, United States",-122.8773,45.76385,united states of america,3078
"e™a²!coeOE, a¸-ef¨aoe°ae-¹, ae-¥aeoe¬",138.3888,34.94871,japan,3079
"Clay County, Indiana, United States",-87.12502,39.52365,united states of america,3080
"Landkreis Tirschenreuth, Bayern, Deutschland",12.11516,49.84947,germany,3081
"Genaro Codina, Zacatecas, Mexico",-102.4189,22.57278,mexico,3082
"Ludwigshafen am Rhein, Rheinland-Pfalz, Deutschland",8.44518,49.47741,germany,3083
"Coffey County, Kansas, United States",-95.85733,38.41586,united states of america,3084
"DeKalb County, Alabama, United States",-85.71969,34.44425,united states of america,3085
"Municipality of Crowsnest Pass, Alberta, Canada",-114.5008,49.63623,canada,3086
"Charente, Nouvelle-Aquitaine, France metropolitaine, France",0.1534761,45.752,france,3087
"Walsh County, North Dakota, United States",-97.86204,48.49666,united states of america,3088
"Logan County, Kentucky, United States",-86.88722,36.84532,united states of america,3089
"Presidio County, Texas, United States",-104.1001,29.94807,united states of america,3090
"Santiago, A Coruna, Galicia, Espana",-8.544844,42.87821,spain,3091
"Machala, El Oro, Ecuador",-79.95835,-3.259241,ecuador,3092
"Colonial Heights, Virginia, United States",-77.39498,37.25088,united states of america,3093
"Varmlands lan, Sverige",14.16985,59.714,sweden,3094
"Trier, Rheinland-Pfalz, Deutschland",6.637143,49.74999,germany,3095
"Landkreis Dingolfing-Landau, Bayern, Deutschland",12.69569,48.61034,germany,3096
"Landkreis Rotenburg (Wumme), Niedersachsen, Deutschland",9.311033,53.06045,germany,3097
"Provincia de Iquique, Region de Tarapaca, Chile",-70.13567,-20.2307,chile,3098
"Regiao Geografica Intermediaria de Pouso Alegre, Minas Gerais, Regiao Sudeste, Brasil",-46.55479,-21.76956,brazil,3099
"Jayuya, Puerto Rico, United States",-66.59156,18.21857,puerto rico,3100
"Monroe County, Ohio, United States",-81.11476,39.76416,united states of america,3101
"Jefferson County, Washington, United States",-122.7604,48.11704,united states of america,3102
"Dade County, Georgia, United States",-85.51235,34.87293,united states of america,3103
"Bledsoe County, East Tennessee, Tennessee, United States",-85.23084,35.60289,united states of america,3104
"D³D 3/4N€D 3/4D´NDºD 3/4D¹ D 3/4DºN€NfD³ D!N,DµN€D>>D¸N,D°D 1/4D°Dº, D'D°N^DºD 3/4N€N,D 3/4NN,D°D 1/2, DYN€D¸D²D 3/4D>>D¶NDºD¸D¹ N,,DµD´DµN€D°D>>NOED 1/2N<D¹ D 3/4DºN€NfD³, D D 3/4NND¸N",55.94389,53.65544,russia,3105
"Churchill County, Nevada, United States",-118.777,39.47487,united states of america,3106
"c´<<ae³¢ef!, a²(C)ae‰<coeOE, ae-¥aeoe¬",141.2535,39.5833,japan,3107
"cY³c<(C)aeOE¯e^^a+/-€, aOE-aeµ·e"", ae-¥aeoe¬",141.3545,43.06177,japan,3108
"Siguldas novads, Vidzeme, Latvija",24.85718,57.14377,latvia,3109
"Comuna 9, Ciudad Autonoma de Buenos Aires, Argentina",-58.50644,-34.63612,argentina,3110
"St. Mary Parish, Louisiana, United States",-91.85317,29.73621,united states of america,3111
"Walbrzych, wojewodztwo dolnoslaskie, Polska",16.28211,50.78848,poland,3112
"Konin, wojewodztwo wielkopolskie, Polska",18.25107,52.22303,poland,3113
"Schleswig-Flensburg, Schleswig-Holstein, Deutschland",9.670317,54.81638,germany,3114
"Olt, Romania",24.51509,44.17359,romania,3115
"Domjur, Howrah District, West Bengal, India",88.26364,22.59577,india,3116
"D'NfN€D³D°N, D'NSD>>D³D°N€D¸N",27.94071,42.09939,bulgaria,3117
"I IµII¹I†IµIIµI¹I+/-IºI(R) I•I 1/2IOEI,,I·I,,I+/- IoeI+/-I³I 1/2I·IfI¯I+/-I,, I IµII¹I†I-IIµI¹I+/- I~IµIfIfI+/-I>>I¯I+/-I,, I'I€I?IºIµI 1/2I,,II‰I 1/4I-I 1/2I· I""I¹I?I¯IºI·IfI· I~IµIfIfI+/-I>>I¯I+/-I, - I£I,,IµIIµI¬I, I•I>>I>>I¬I´I?I,, I•I>>I>>I¬I,",22.95068,39.36658,greece,3118
"Sermersooq, Kalaallit Nunaat",-51.73266,64.19828,greenland,3119
"Pescara, Abruzzo, Italia",13.9086,42.19425,italy,3120
"Clackmannanshire, Alba / Scotland, United Kingdom",-3.807202,56.11595,united kingdom,3121
"Pas-de-Calais, Hauts-de-France, France metropolitaine, France",2.810418,50.37395,france,3122
"Lincoln County, New Mexico, United States",-105.7364,33.74757,united states of america,3123
"Benton County, Oregon, United States",-123.262,44.56457,united states of america,3124
"Harrison County, Iowa, United States",-95.88778,41.55637,united states of america,3125
"Puerto Colombia, Atlantico, RAP Caribe, Colombia",-74.84257,11.01886,colombia,3126
"Washington County, Missouri, United States",-90.68631,37.9843,united states of america,3127
"Zvimba, Mashonaland West, Zimbabwe",30.39543,-17.37934,zimbabwe,3128
"Aiken County, South Carolina, United States",-81.69054,33.53565,united states of america,3129
"Wilhelmshaven, Niedersachsen, Deutschland",8.106872,53.53234,germany,3130
"DsN€N<D 1/4NDºD¸D¹ N€D°D¹D 3/4D 1/2, DsN€D°ND 1/2D 3/4D´D°N€NDºD¸D¹ DºN€D°D¹, D(R)D¶D 1/2N<D¹ N,,DµD´DµN€D°D>>NOED 1/2N<D¹ D 3/4DºN€NfD³, D D 3/4NND¸N",37.64829,45.11586,russia,3131
"Ayotlan, Jalisco, Mexico",-102.3901,20.44158,mexico,3132
"Mayari, Holguin Cuba",-75.59898,20.73274,NA,3133
"Bau, Bahagian Kuching, Sarawak Malaysia",110.1546,1.417224,malaysia,3134
"Asturias / Asturies, Espana",-5.977542,43.57414,spain,3135
"Distretto di Locarno, Ticino, Schweiz/Suisse/Svizzera/Svizra",8.794264,46.167,switzerland,3136
"Powell County, Montana, United States",-112.7384,46.39909,united states of america,3137
"Municipio de Puebla, Puebla, Mexico",-98.20627,19.04144,mexico,3138
"Johnson County, Texas, United States",-97.38668,32.34764,united states of america,3139
"powiat mikolowski, Gornoslasko-Zaglebiowska Metropolia, wojewodztwo slaskie, Polska",18.9038,50.17902,poland,3140
"Les Appalaches, Chaudiere-Appalaches, Quebec, Canada",-71.3685,46.04863,canada,3141
"Amacueca, Jalisco, Mexico",-103.6406,19.99059,mexico,3142
"Bezirk Bremgarten, Aargau, Schweiz/Suisse/Svizzera/Svizra",8.276876,47.34937,switzerland,3143
"Valle d'Aosta / Vallee d'Aoste, Italia",7.313076,45.73496,italy,3144
"Grey County, Ontario, Canada",-80.93946,44.56757,canada,3145
"Weiden in der Oberpfalz, Bayern Deutschland",12.14893,49.67436,germany,3146
"Kreis Paderborn, Nordrhein-Westfalen, Deutschland",8.757509,51.71892,germany,3147
"Landkreis Wesermarsch, Niedersachsen, Deutschland",8.268663,53.56878,germany,3148
"Baden-Wurttemberg, Deutschland",9.389245,47.63634,germany,3149
"Park County, Wyoming, United States",-108.8715,44.15718,united states of america,3150
"Vilas County, Wisconsin, United States",-89.08763,46.0644,united states of america,3151
"Madera, Chihuahua, Mexico",-108.1447,29.1933,mexico,3152
"Lincoln County, Montana, United States",-115.556,48.38829,united states of america,3153
"Biella, Piemonte, Italia",8.080895,45.56761,italy,3154
"Manchester, Middlesex County, Jamaica",-77.50461,18.03129,jamaica,3155
"Nassau County, Florida, United States",-81.82244,30.59273,united states of america,3156
"Aristanis/Oristano, Sardigna/Sardegna, Italia",9.012893,40.12088,italy,3157
"Ortahisar, Trabzon, Karadeniz Bolgesi, Turkiye",39.71676,41.0027,turkey,3158
"Roscommon County, Michigan, United States",-84.41033,44.36364,united states of america,3159
"Lawrence County, Illinois, United States",-87.68169,38.72921,united states of america,3160
"Washington County, Iowa, United States",-91.69164,41.30141,united states of america,3161
"Maitland City Council, New South Wales, Australia",151.5518,-32.72764,australia,3162
"Cherokee County, South Carolina, United States",-81.66211,35.08017,united states of america,3163
"D³D 3/4N€D 3/4D´NDºD 3/4D¹ D 3/4DºN€NfD³ D!D°D 1/4D°N€D°, D!D°D 1/4D°N€NDºD°N D 3/4D+/-D>>D°NN,NOE, DYN€D¸D²D 3/4D>>D¶NDºD¸D¹ N,,DµD´DµN€D°D>>NOED 1/2N<D¹ D 3/4DºN€NfD³, D D 3/4NND¸N",50.22125,53.2415,russia,3164
"Bournemouth, Christchurch and Poole, England, United Kingdom",-1.89031,50.71891,united kingdom,3165
"Beaverhead County, Montana, United States",-112.6389,45.21663,united states of america,3166
"Butler County, Nebraska, United States",-96.94725,41.36529,united states of america,3167
"Iberia Parish, Louisiana, United States",-91.81873,30.00354,united states of america,3168
"Landkreis Landsberg am Lech, Bayern, Deutschland",10.87035,48.05078,germany,3169
"Kapit, Bahagian Kapit, Sarawak Malaysia",112.9408,2.015601,malaysia,3170
"Clinton County, Michigan, United States",-84.7986,42.92948,united states of america,3171
"D³D 3/4N€D 3/4D´NDºD 3/4D¹ D 3/4DºN€NfD³ DD 1/2D°D?D°, DsN€D°ND 1/2D 3/4D´D°N€NDºD¸D¹ DºN€D°D¹, D(R)D¶D 1/2N<D¹ N,,DµD´DµN€D°D>>NOED 1/2N<D¹ D 3/4DºN€NfD³, D D 3/4NND¸N",37.342529999999996,45.13293,russia,3172
"Hardin County, Texas, United States",-94.18663,30.33452,united states of america,3173
"Region Nordjylland, Danmark",10.99254,57.27663,denmark,3174
"Demerara-Mahaica Region, Demerara-Mahaica, Guyana",-58.15513,6.801279,guyana,3175
"Thames-Coromandel District, Waikato, New Zealand / Aotearoa",175.5413,-37.13844,NA,3176
"Marshall County, Kansas, United States",-96.74973,39.69287,united states of america,3177
"Dorchester County, Maryland, United States",-76.07883,38.56317,united states of america,3178
"Markisch-Oderland, Brandenburg, Deutschland",13.8374,52.48159,germany,3179
"DoeD°N€D¸D¸D 1/2NDºD¸D¹ D 1/4NfD 1/2D¸N†D¸D?D°D>>NOED 1/2N<D¹ D 3/4DºN€NfD³, DsDµD 1/4DµN€D 3/4D²NDºD°N D 3/4D+/-D>>D°NN,NOE, D!D¸D+/-D¸N€NDºD¸D¹ N,,DµD´DµN€D°D>>NOED 1/2N<D¹ D 3/4DºN€NfD³, D D 3/4NND¸N",87.7131,56.19361,russia,3180
"Tukuma novads, Kurzeme, Latvija",23.14624,56.77394,latvia,3181
"Christchurch City, Canterbury, New Zealand / Aotearoa",172.717,-43.60275,new zealand,3182
"Greater Monrovia, Montserrado County Liberia",-10.80737,6.315607,NA,3183
"Malanje, Angola",17.87389,-11.20269,angola,3184
"Guerrero, Chihuahua, Mexico",-107.4385,28.58208,mexico,3185
"Kadoma, Mashonaland West, Zimbabwe",29.91623,-18.32694,zimbabwe,3186
"powiat brzeski, wojewodztwo opolskie, Polska",17.38516,50.69625,poland,3187
"powiat zawiercianski, wojewodztwo slaskie, Polska",19.55909,50.61025,poland,3188
"DsN€NfN,D¸D 1/2NDºD¸D¹ N€D°D¹D 3/4D 1/2, DzD 1/4NDºD°N D 3/4D+/-D>>D°NN,NOE, D!D¸D+/-D¸N€NDºD¸D¹ N,,DµD´DµN€D°D>>NOED 1/2N<D¹ D 3/4DºN€NfD³ D D 3/4NND¸N",71.54256,56.16838,russia,3189
"powiat lidzbarski, wojewodztwo warminsko-mazurskie, Polska",20.58595,54.12491,poland,3190
"Fife, Alba / Scotland, United Kingdom",-2.794221,56.34169,united kingdom,3191
"Municipio de La Union, Departamento de La Union, El Salvador",-87.85006,13.33235,el salvador,3192
"Franklin County, Illinois, United States",-89.05202,37.8995,united states of america,3193
"Ciudad de Guatemala, Departamento de Guatemala, Guatemala",-90.51319,14.62,guatemala,3194
"Franklin County, Middle Tennessee, Tennessee, United States",-85.92109,35.20314,united states of america,3195
"Washington County, Illinois, United States",-89.65315,38.38449,united states of america,3196
"U...U†O·U,O(C) O£, *""*'*""*"" *""*z*¢*¨*'*™*ª, Palestinian Territory",35.20244,31.70538,west bank,3197
"Schwyz, Schweiz/Suisse/Svizzera/Svizra",8.652988,47.02071,switzerland,3198
"City of Unley, South Australia, Australia",138.6219,-34.96239,australia,3199
"Piute County, Utah, United States",-112.3908,38.49025,united states of america,3200
"powiat bierunsko-ledzinski, Gornoslasko-Zaglebiowska Metropolia, wojewodztwo slaskie, Polska",19.19514,50.10721,poland,3201
"Parry Sound District, Central Ontario, Ontario, Canada",-80.36031,45.42737,canada,3202
"Westerwaldkreis, Rheinland-Pfalz, Deutschland",7.920797,50.52421,germany,3203
"Summers County, West Virginia, United States",-80.92315,37.81012,united states of america,3204
"D!NfD 1/4NNOEDºD¸D¹ N€D°D¹D 3/4D 1/2, D!NfD 1/4NNOEDºD° D 3/4D+/-D>>D°NN,NOE, D£DºN€D°N-D 1/2D°",34.31752,51.1494,ukraine,3205
"Cleveland County, North Carolina, United States",-81.53767,35.29106,united states of america,3206
"Harrison County, Missouri, United States",-93.77523,40.43751,united states of america,3207
"Tucker County, West Virginia, United States",-79.65021,39.10838,united states of america,3208
"Fountain County, Indiana, United States",-87.38057,40.03643,united states of america,3209
"Laurens County, South Carolina, United States",-81.88983,34.35235,united states of america,3210
"Allegan County, Michigan, United States",-85.722,42.73231,united states of america,3211
"Landkreis Emsland, Niedersachsen, Deutschland",7.299562,52.69488,germany,3212
"Anderson County, East Tennessee, Tennessee, United States",-84.21026,36.0437,united states of america,3213
"Marg'ilon shahri, Farg'ona Viloyati, O'zbekiston",71.72666,40.48013,uzbekistan,3214
"Elk County, Pennsylvania, United States",-78.72864,41.42034,united states of america,3215
"Regiao Metropolitana de Belo Horizonte, Regiao Geografica Intermediaria de Belo Horizonte, Minas Gerais, Regiao Sudeste, Brasil",-43.66442,-19.88528,brazil,3216
"Rock County, Wisconsin, United States",-89.05738,42.52484,united states of america,3217
"Eaton County, Michigan, United States",-84.66203,42.72658,united states of america,3218
"Lancaster County, South Carolina, United States",-80.52208,34.58014,united states of america,3219
"powiat sieradzki, wojewodztwo lodzkie, Polska",18.7303,51.5956,poland,3220
"Newfoundland, Newfoundland and Labrador, Canada",-55.08466,49.12646,canada,3221
"Baran Tehsil, Baran District, Rajasthan, India",76.45631,25.03764,india,3222
"Hidalgo, Nuevo Leon Mexico",-100.4565,25.97473,mexico,3223
"Marion County, Arkansas, United States",-92.68489,36.22618,united states of america,3224
"Hughes County, Oklahoma, United States",-96.39865,35.08317,united states of america,3225
"Calgary, Alberta, Canada",-114.0678,51.05307,canada,3226
"Preston County, West Virginia, United States",-79.85978,39.32341,united states of america,3227
"Zory, wojewodztwo slaskie, Polska",18.70064,50.04472,poland,3228
"Sumter County, South Carolina, United States",-80.53342,34.09571,united states of america,3229
"Kreis Hoxter, Nordrhein-Westfalen, Deutschland",9.14519,51.48991,germany,3230
"Alexander County, Illinois, United States",-89.16131,36.99877,united states of america,3231
"Regiao Geografica Intermediaria de Campina Grande, Paraiba, Regiao Nordeste, Brasil",-36.78195,-7.239961,brazil,3232
"Peterborough, Central Ontario, Ontario, Canada",-78.31975,44.30906,canada,3233
"Trempealeau County, Wisconsin, United States",-91.34904,44.08163,united states of america,3234
"Hertford County, North Carolina, United States",-76.99444,36.28506,united states of america,3235
"Polk County, North Carolina, United States",-82.19706,35.25317,united states of america,3236
"Sevilla, Andalucia, Espana",-5.561728,37.33768,spain,3237
"Starke County, Indiana, United States",-86.77027,41.22167,united states of america,3238
"a‡†ae  1/4a°""ae--, e,,,a°""a¤sae-¯a¸,, a†...e'™a¤e‡ªae²>>aOEº a ¦a ªa ¦a · a (R)a £a (C)a -a ¤a ¯ a ¤a ¨ a ¥a ªa !a ·a ²a !a -a !a ¨ a µa  a °a  a ¬a £ a £a ·a £a ¨, a¸-a> 1/2",111.2353,39.57032,china,3239
"Essonne, Ile-de-France, France metropolitaine, France",2.164006,48.70876,france,3240
"Stratford District, Manawatu-Whanganui, New Zealand / Aotearoa",174.4383,-39.35381,new zealand,3241
"McMinn County, East Tennessee, Tennessee, United States",-84.53178,35.52872,united states of america,3242
"Delaware County, Ohio, United States",-83.05339,40.30292,united states of america,3243
"Splitsko-dalmatinska zupanija, Hrvatska",16.44334,43.17005,NA,3244
"Kerr County, Texas, United States",-99.0792,29.95847,united states of america,3245
"Pardubicky kraj, Severovychod, Cesko",16.6125,49.91204,czech republic,3246
"Rhein-Erft-Kreis, Nordrhein-Westfalen, Deutschland",6.815996,50.91225,germany,3247
"Gorontalo, Sulawesi, Indonesia",123.0568,0.5435442,indonesia,3248
"Zumpango, Estado de Mexico, Mexico",-99.09305,19.80393,mexico,3249
"Caras-Severin, Romania",21.85113,45.08788,romania,3250
"Columbus County, North Carolina, United States",-78.21278,34.35368,united states of america,3251
"Chattooga County, Georgia, United States",-85.30527,34.55155,united states of america,3252
"powiat raciborski, wojewodztwo slaskie, Polska",18.21992,50.09152,poland,3253
"Bistrita-Nasaud, Romania",24.5032,46.91145,romania,3254
"Varazdinska zupanija, Hrvatska",16.12468,46.22284,croatia,3255
"Conejos County, Colorado, United States",-106.0197,37.08834,united states of america,3256
"Sullivan County, Indiana, United States",-87.30168,39.18643,united states of america,3257
"Apache County, Arizona, United States",-109.0765,35.74446,united states of america,3258
"Brown County, Ohio, United States",-83.84748,38.74894,united states of america,3259
"Beauharnois-Salaberry, Monteregie, Quebec, Canada",-74.09733,45.23013,canada,3260
"Teleorman, Romania",25.32826,43.97506,romania,3261
"Ixtlan de Juarez, Oaxaca, Mexico",-96.48736,17.33218,mexico,3262
"Essex County, Ontario, Canada",-83.1087,42.10138,canada,3263
"Franklin County, Kentucky, United States",-84.87512,38.18663,united states of america,3264
"Maloja, Graubunden/Grischun/Grigioni, Schweiz/Suisse/Svizzera/Svizra",9.858952,46.51233,switzerland,3265
"Manitowoc County, Wisconsin, United States",-87.6934,44.16848,united states of america,3266
"Cumberland County, East Tennessee, Tennessee, United States",-84.79837,35.9134,united states of america,3267
"Ashtabula County, Ohio, United States",-80.78485,41.86356,united states of america,3268
"D³D 3/4N€D 3/4D´NDºD 3/4D¹ D 3/4DºN€NfD³ D¤DµD 3/4D´D 3/4ND¸N, DD²N,D 3/4D 1/2D 3/4D 1/4D 1/2D° D DµND?NfD+/-D>>N-DºD° DsN€D¸D 1/4, D£DºN€D°N-D 1/2D°",35.38243,45.03193,ukraine,3269
"Pastoral Unincorporated Area, South Australia, Australia",136.2092,-30.00023,australia,3270
"Logan County, Colorado, United States",-102.9896,40.70562,united states of america,3271
"Leicestershire, England, United Kingdom",-1.202107,52.58465,united kingdom,3272
"Bezirk Wasseramt, Amtei Bucheggberg-Wasseramt, Solothurn, Schweiz/Suisse/Svizzera/Svizra",7.573142,47.17073,switzerland,3273
"Tuban, Jawa Timur, Jawa, Indonesia",112.0417,-6.89491,indonesia,3274
"D³D 3/4N€D 3/4D´NDºD 3/4D¹ D 3/4DºN€NfD³ DsDµN€N‡NOE, D(R)D¶D 1/2N<D¹ N,,DµD´DµN€D°D>>NOED 1/2N<D¹ D 3/4DºN€NfD³, D D 3/4NND¸N",36.46829,45.35731,ukraine,3275
"Jos North, Plateau, Nigeria",8.858331,9.896527,nigeria,3276
"Municipio de Mulege, Baja California Sur, Mexico",-112.2701,27.33619,NA,3277
"DsD°D 1/4'ND 1/2DµN†NOE-DYD 3/4D´N-D>>NOENNOEDºD¸D¹ N€D°D¹D 3/4D 1/2, D¥D 1/4DµD>>NOED 1/2D¸N†NOEDºD° D 3/4D+/-D>>D°NN,NOE, D£DºN€D°N-D 1/2D°",26.58254,48.69672,ukraine,3278
"Erlangen, Bayern, Deutschland",11.01196,49.58967,germany,3279
"East Dunbartonshire, Alba / Scotland, United Kingdom",-4.155641,55.92358,united kingdom,3280
"Lake of the Woods County, Minnesota, United States",-94.84754,49.061,united states of america,3281
"Tippah County, Mississippi, United States",-89.02481,34.6478,united states of america,3282
"Topia, Durango, Mexico",-106.5691,25.21189,mexico,3283
"D!DµD 1/4N'D 1/2D 3/4D²NDºD¸D¹ D³D 3/4N€D 3/4D´NDºD 3/4D¹ D 3/4DºN€NfD³, DD¸D¶DµD³D 3/4N€D 3/4D´NDºD°N D 3/4D+/-D>>D°NN,NOE, DYN€D¸D²D 3/4D>>D¶NDºD¸D¹ N,,DµD´DµN€D°D>>NOED 1/2N<D¹ D 3/4DºN€NfD³, D D 3/4NND¸N",44.50183,56.78895,russia,3284
"Wallowa County, Oregon, United States",-117.2746,45.41956,united states of america,3285
"Gyor-Moson-Sopron varmegye, Nyugat-Dunantul, Dunantul, Magyarorszag",16.5413,47.67801,hungary,3286
"powiat ciechanowski, wojewodztwo mazowieckie, Polska",20.46155,52.8246,poland,3287
"Mulheim an der Ruhr, Nordrhein-Westfalen, Deutschland",6.884523,51.41857,germany,3288
"South Ayrshire, Alba / Scotland, United Kingdom",-4.629179,55.45856,united kingdom,3289
"Bubi, Matabeleland North, Zimbabwe",28.86551,-19.66332,zimbabwe,3290
"D§DµN€D 1/2N-D³N-D²NNOEDºD¸D¹ N€D°D¹D 3/4D 1/2, D§DµN€D 1/2N-D³N-D²NNOEDºD° D 3/4D+/-D>>D°NN,NOE, D£DºN€D°N-D 1/2D°",31.28935,51.4982,ukraine,3291
"Szczecin, wojewodztwo zachodniopomorskie, Polska",14.55281,53.42854,poland,3292
"Marguerite-D'Youville, Monteregie, Quebec, Canada",-73.389,45.63064,canada,3293
"Edirne Merkez, Edirne, Marmara Bolgesi, Turkiye",26.55571,41.67713,turkey,3294
"powiat sandomierski, wojewodztwo swietokrzyskie, Polska",21.75018,50.68224,poland,3295
"Bracknell Forest, England, United Kingdom",-0.804268,51.34624,united kingdom,3296
"Bezirk Graz-Umgebung, Steiermark, Osterreich",15.33126,47.11119,austria,3297
"D³D 3/4N€D 3/4D´NDºD 3/4D¹ D 3/4DºN€NfD³ DsD 3/4N,DµD>>NOED 1/2D¸N‡, DsD¸N€D 3/4D²NDºD°N D 3/4D+/-D>>D°NN,NOE, DYN€D¸D²D 3/4D>>D¶NDºD¸D¹ N,,DµD´DµN€D°D>>NOED 1/2N<D¹ D 3/4DºN€NfD³, D D 3/4NND¸N",48.30938,58.28995,russia,3298
"D³D 3/4N€D 3/4D´NDºD 3/4D¹ D 3/4DºN€NfD³ DD·D 3/4D², D D 3/4NN,D 3/4D²NDºD°N D 3/4D+/-D>>D°NN,NOE, D(R)D¶D 1/2N<D¹ N,,DµD´DµN€D°D>>NOED 1/2N<D¹ D 3/4DºN€NfD³, D D 3/4NND¸N",39.41366,47.09474,russia,3299
"Greene County, Ohio, United States",-84.09971,39.57778,united states of america,3300
"Huarochiri, Lima Peru",-76.23777,-11.65299,peru,3301
"Tarma, Junin Peru",-75.68895,-11.41933,peru,3302
"San Fernando, Tamaulipas, Mexico",-98.15024,24.841919999999998,mexico,3303
"Silao de la Victoria, Guanajuato, Mexico",-101.4282,20.95214,mexico,3304
"Mitchell County, Texas, United States",-100.8757,32.40659,united states of america,3305
"Culberson County, Texas, United States",-104.8645,31.9231,united states of america,3306
"Prince William Parish, York County / Comte d'York, New Brunswick / Nouveau-Brunswick, E6K 3P9, Canada",-67.04973,45.81866,canada,3307
"Jones County, Georgia, United States",-83.48879,32.87069,united states of america,3308
"Burke County, North Carolina, United States",-81.68482,35.74541,united states of america,3309
"powiat gryficki, wojewodztwo zachodniopomorskie, Polska",15.19989,53.91666,poland,3310
"Lacin Rayonu, SE™rqi ZE™ngE™zur, AzE™rbaycan",46.25448,39.71283,azerbaijan,3311
"Landkreis Donau-Ries, Bayern, Deutschland",10.92089,48.69015,germany,3312
"Landkreis Coburg, Bayern, Deutschland",10.85726,50.3713,germany,3313
"Matamoros, Coahuila, Mexico",-103.2395,25.46666,mexico,3314
"D D 3/4D´D 1/2D¸DºD 3/4D²NDºD¸D¹ N€D°D¹D 3/4D 1/2, D~D²D°D 1/2D 3/4D²NDºD°N D 3/4D+/-D>>D°NN,NOE, D¦DµD 1/2N,N€D°D>>NOED 1/2N<D¹ N,,DµD´DµN€D°D>>NOED 1/2N<D¹ D 3/4DºN€NfD³, D D 3/4NND¸N",41.48301,57.10569,russia,3315
"Rendsburg-Eckernforde, Schleswig-Holstein, Deutschland",9.675537,54.30488,germany,3316
"Landkreis Kelheim, Bayern, Deutschland",11.88656,48.91841,germany,3317
"D³D 3/4N€D 3/4D´NDºD 3/4D¹ D 3/4DºN€NfD³ D ND·D°D 1/2NOE, D ND·D°D 1/2NDºD°N D 3/4D+/-D>>D°NN,NOE, D¦DµD 1/2N,N€D°D>>NOED 1/2N<D¹ N,,DµD´DµN€D°D>>NOED 1/2N<D¹ D 3/4DºN€NfD³, D D 3/4NND¸N",39.71259,54.60954,russia,3318
"D'N-D 1/2D 1/2D¸N†NOEDºD¸D¹ N€D°D¹D 3/4D 1/2, D'N-D 1/2D 1/2D¸N†NOEDºD° D 3/4D+/-D>>D°NN,NOE, D£DºN€D°N-D 1/2D°",28.46822,49.23308,ukraine,3319
"Santa Cruz, Sonora, Mexico",-110.4432,31.10707,mexico,3320
"Landkreis Nurnberger Land, Bayern, Deutschland",11.2796,49.3538,germany,3321
"Przemysl, wojewodztwo podkarpackie, Polska",22.76779,49.78386,poland,3322
"Bielefeld, Nordrhein-Westfalen, Deutschland",8.597404,51.92914,germany,3323
"Karlsruhe, Baden-Wurttemberg, Deutschland",8.403653,49.00689,germany,3324
"powiat torunski, wojewodztwo kujawsko-pomorskie, Polska",18.75839,53.04236,poland,3325
"Grad Livno, Hercegbosanska zupanija, Federacija Bosne i Hercegovine, Bosna i Hercegovina / D'D 3/4ND 1/2D° D¸ D¥DµN€N†DµD³D 3/4D²D¸D 1/2D°",17.00769,43.82499,bosnia and herzegovina,3326
"Cluj, Romania",23.62364,46.77121,romania,3327
"O¨O(R)O´ U...O+/-U(C)O²UOE O´U‡O+/-O³OªO§U† OªU‡O+/-O§U†, O´U‡O+/-O³OªO§U† OªU‡O+/-O§U†, O§O³OªO§U† OªU‡O+/-O§U†, O§UOEO+/-O§U†",51.38897,35.6892,iran,3328
"okres Bratislava II, Bratislava, Bratislavsky kraj, Slovensko",17.16687,48.15616,slovakia,3329
"Provincia Larecaja, La Paz, Bolivia",-68.64694,-15.76962,bolivia,3330
"Landkreis Eichsfeld, Thuringen, Deutschland",10.40929,51.312,germany,3331
"DzDºNfD>>D 3/4D²NDºD¸D¹ N€D°D¹D 3/4D 1/2, DD 3/4D²D³D 3/4N€D 3/4D´NDºD°N D 3/4D+/-D>>D°NN,NOE, D!DµD²DµN€D 3/4-D-D°D?D°D´D 1/2N<D¹ N,,DµD´DµN€D°D>>NOED 1/2N<D¹ D 3/4DºN€NfD³, D D 3/4NND¸N",33.291,58.39954,russia,3332
"Isere, Auvergne-Rhone-Alpes, France metropolitaine, France",5.724524,45.18853,france,3333
"powiat lubinski, wojewodztwo dolnoslaskie, Polska",16.20958,51.39772,poland,3334
"Bezirk Zell am See, Salzburg, Osterreich",12.82892,47.48355,austria,3335
"Chilonzor Tumani, Toshkent O'zbekiston",69.24007,41.2995,uzbekistan,3336
"Coburg, Bayern Deutschland",10.9627,50.26121,germany,3337
"Newry, Mourne and Down District Council, Northern Ireland / Tuaisceart Eireann, United Kingdom",-6.000602,54.13592,united kingdom,3338
"powiat swiebodzinski, wojewodztwo lubuskie, Polska",15.25591,52.22746,poland,3339
"D£D 1/4D°D 1/2NNOEDºD¸D¹ N€D°D¹D 3/4D 1/2, D§DµN€DºD°NNOEDºD° D 3/4D+/-D>>D°NN,NOE, D£DºN€D°N-D 1/2D°",30.21544,48.76993,ukraine,3340
"powiat nyski, wojewodztwo opolskie, Polska",17.32959,50.48229,poland,3341
"City of Boroondara, Victoria, Australia",145.0561,-37.84475,australia,3342
"Danville, Virginia, United States",-79.37155,36.60283,united states of america,3343
"Warren County, Ohio, United States",-84.27994,39.30645,united states of america,3344
"Harris County, Georgia, United States",-84.80132,32.63153,united states of america,3345
"Landkreis Offenbach, Hessen, Deutschland",8.744677,49.9812,germany,3346
"Livingston County, Kentucky, United States",-88.23448,37.00311,united states of america,3347
"Wabasha County, Minnesota, United States",-92.02361,44.37545,united states of america,3348
"Lincoln County, Nebraska, United States",-100.7329,41.10982,united states of america,3349
"D³D 3/4N€D 3/4D´NDºD 3/4D¹ D 3/4DºN€NfD³ DNN,N€D°N...D°D 1/2NOE, DNN,N€D°N...D°D 1/2NDºD°N D 3/4D+/-D>>D°NN,NOE, D(R)D¶D 1/2N<D¹ N,,DµD´DµN€D°D>>NOED 1/2N<D¹ D 3/4DºN€NfD³, D D 3/4NND¸N",48.05993,46.3588,russia,3350
"Landkreis Neustadt an der Waldnaab, Bayern, Deutschland",11.85,49.82861,germany,3351
"Pedro Domingo Murillo, La Paz, Bolivia",-68.11929,-16.48969,bolivia,3352
"D'N-D>>DµD¹NDºN- N€D°N'D 1/2, DoeN-D 1/2NDºD°N D²D 3/4D+/-D>>D°NN†NOE, D'DµD>>D°N€NfNNOE",27.29378,54.41514,belarus,3353
"Sonarpur, South 24 Parganas District, West Bengal, India",88.41174,22.50223,india,3354
"e§£ae"" 3/4aOEº, c,,¦a 1/2oea¸,, ae²³a-coe a¸-a> 1/2",113.2418,35.21589,china,3355
"Rouville, Monteregie, Quebec, Canada",-73.24599,45.44042,canada,3356
"Pyrenees-Orientales, Occitanie, France metropolitaine, France",3.036565,42.78773,france,3357
"Matagalpa (Municipio), Matagalpa Nicaragua",-85.91512,12.92901,nicaragua,3358
"Melchor Ocampo, Zacatecas, Mexico",-101.6417,24.83085,mexico,3359
"Pike County, Mississippi, United States",-90.45464,31.23919,united states of america,3360
"Miller County, Georgia, United States",-84.73444,31.16978,united states of america,3361
"Girard, Trumbull County, Ohio United States",-80.70147,41.15395,united states of america,3362
"Boulia Shire, Queensland Australia",139.732,-22.2954,australia,3363
"Franklin County, New York, United States",-74.13127,44.3295,united states of america,3364
"Collier County, Florida, United States",-81.79481,26.14204,united states of america,3365
"Colima, Mexico",-103.7056,19.23335,mexico,3366
"Ibague, Centro, Tolima, RAP Eje Cafetero, Colombia",-75.24244,4.444676,colombia,3367
"Ratnapura District, Sabaragamuwa Province, a·a·Sa€a¶>>a·"" a¶ 1/2a¶,a¶sa·a·€ a(R)‡a(R)²a(R)™a¯a(R)•a¯^",80.38473,6.705574,sri lanka,3368
"Landkreis Germersheim, Rheinland-Pfalz, Deutschland",8.366815,49.21402,germany,3369
"D¢NZDºD°D>>D¸D 1/2NDºD¸D¹ N€D°D¹D 3/4D 1/2, DzD 1/4NDºD°N D 3/4D+/-D>>D°NN,NOE, D!D¸D+/-D¸N€NDºD¸D¹ N,,DµD´DµN€D°D>>NOED 1/2N<D¹ D 3/4DºN€NfD³, D D 3/4NND¸N",72.20743,55.87133,russia,3370
"Ashland County, Ohio, United States",-82.32164,40.85905,united states of america,3371
"Sintang, Kalimantan Barat, Kalimantan, Indonesia",111.4753,-0.278781,indonesia,3372
"Landkreis Kaiserslautern, Rheinland-Pfalz, Deutschland",7.860948,49.48221,germany,3373
"Campbell County, Wyoming, United States",-105.515,44.38778,united states of america,3374
"Orizaba, Veracruz, Mexico",-97.10364,18.85047,mexico,3375
"powiat klodzki, wojewodztwo dolnoslaskie, Polska",16.50371,50.57971,poland,3376
"Bezirk Scharding, Osterreich",13.61766,48.49972,austria,3377
"Verwaltungskreis Biel/Bienne, Verwaltungsregion Seeland, Bern/Berne, Schweiz/Suisse/Svizzera/Svizra",7.246791,47.13678,switzerland,3378
"Municipality of Pictou County, Pictou County, Nova Scotia, Canada",-62.60812,45.43024,canada,3379
"D'D°NzDºD°D²N<NDºN- N€D°N'D 1/2, D""N€D 3/4D´D·DµD 1/2NDºD°N D²D 3/4D+/-D>>D°NN†NOE, D'DµD>>D°N€NfNNOE",24.46667,53.16333,belarus,3380
"Duchesne County, Utah, United States",-110.0445,40.27399,united states of america,3381
"D³D 3/4N€D 3/4D´NDºD 3/4D¹ D 3/4DºN€NfD³ D'D>>D°D´D¸DºD°D²DºD°D·, D!DµD²DµN€D 1/2D°N DzNDµN,D¸N - DD>>D°D 1/2D¸N, D!DµD²DµN€D 3/4-DsD°D²DºD°D·NDºD¸D¹ N,,DµD´DµN€D°D>>NOED 1/2N<D¹ D 3/4DºN€NfD³, D D 3/4NND¸N",44.66598,43.02523,russia,3382
"powiat bedzinski, Gornoslasko-Zaglebiowska Metropolia, wojewodztwo slaskie, Polska",19.07044,50.31727,poland,3383
"Washington County, Ohio, United States",-81.45484,39.41535,united states of america,3384
"Henry County, Georgia, United States",-84.23685,33.54622,united states of america,3385
"D³D 3/4N€D 3/4D´NDºD 3/4D¹ D 3/4DºN€NfD³ D'N€ND 1/2NDº, D'N€ND 1/2NDºD°N D 3/4D+/-D>>D°NN,NOE, D¦DµD 1/2N,N€D°D>>NOED 1/2N<D¹ N,,DµD´DµN€D°D>>NOED 1/2N<D¹ D 3/4DºN€NfD³, D D 3/4NND¸N",34.41611,53.26353,russia,3386
"DzD 1/2D³NfD´D°D¹NDºD¸D¹ N€D°D¹D 3/4D 1/2, D DµND?NfD+/-D>>D¸DºD° DD>>N,D°D¹, D!D¸D+/-D¸N€NDºD¸D¹ N,,DµD´DµN€D°D>>NOED 1/2N<D¹ D 3/4DºN€NfD³, D D 3/4NND¸N",86.21993,50.61819,russia,3387
"Umguza, Matabeleland North, Zimbabwe",28.29943,-19.79921,zimbabwe,3388
"Richland County, Wisconsin, United States",-90.38679,43.3347,united states of america,3389
"City of Devonport, Tasmania Australia",146.3587,-41.17744,australia,3390
"Monthey, Valais/Wallis, Schweiz/Suisse/Svizzera/Svizra",6.874759,46.18165,switzerland,3391
"Beaufort County, North Carolina, United States",-76.87522,35.32433,united states of america,3392
"Viana do Castelo, Portugal",-8.512453,42.07279,portugal,3393
"Graham County, Arizona, United States",-109.7592,32.84923,united states of america,3394
"Greene County, North Carolina, United States",-77.6841,35.45445,united states of america,3395
"Edgecombe County, North Carolina, United States",-77.79472,35.94205,united states of america,3396
"I IµII¹I†IµIIµI¹I+/-IºI(R) I•I 1/2IOEI,,I·I,,I+/- I£III?I..., I IµII¹I†I-IIµI¹I+/- II?I,,I¯I?I... I'I¹I³I+/-I¯I?I..., I'I€I?IºIµI 1/2I,,II‰I 1/4I-I 1/2I· I""I¹I?I¯IºI·IfI· I'I¹I³I+/-I¯I?I..., 841 00, I•I>>I>>I¬I,",24.91393,37.4385,greece,3397
"Coimbra, Portugal",-8.410257,40.20331,portugal,3398
"Washington County, Utah, United States",-113.5684,37.09653,united states of america,3399
"Herkimer County, New York, United States",-75.07044,43.03896,united states of america,3400
"Regiao Geografica Intermediaria de Serra Talhada, Pernambuco, Regiao Nordeste, Brasil",-38.10414,-7.835781,brazil,3401
"Talbot County, Maryland, United States",-76.058,38.65845,united states of america,3402
"Southern Downs Regional, Queensland, Australia",151.6781,-28.8607,australia,3403
"Saint John, Antigua, Antigua and Barbuda",-61.81752,17.07466,antigua and barbuda,3404
"Landkreis Northeim, Niedersachsen, Deutschland",9.638453,51.65968,germany,3405
"Regional District of Central Okanagan, British Columbia, Canada",-119.496,49.88795,canada,3406
"City of Moreton Bay, Queensland, Australia",153.0796,-27.06221,australia,3407
"Wahlkreis Toggenburg, Sankt Gallen, Schweiz/Suisse/Svizzera/Svizra",9.088064,47.30313,switzerland,3408
"Tripp County, South Dakota, United States",-100.0821,43.43988,united states of america,3409
"Heves varmegye, Eszak-Magyarorszag, Alfold es Eszak, Magyarorszag",20.37723,47.90253,hungary,3410
"Provincia de Magallanes, Region de Magallanes y de la Antartica Chilena, Chile",-70.91707,-53.16383,NA,3411
"Stade, Niedersachsen, Deutschland",9.25838,53.62918,germany,3412
"Division No. 11, Saskatchewan, Canada",-106.2706,51.50061,canada,3413
"Manche, Normandie, France metropolitaine, France",-1.311595,49.11471,france,3414
"Saucillo, Chihuahua Mexico",-105.4932,27.85592,mexico,3415
"Schaffhausen, Schweiz/Suisse/Svizzera/Svizra",8.61261,47.68374,switzerland,3416
"Susquehanna County, Pennsylvania, United States",-75.59918,41.94361,united states of america,3417
"Mountrail County, North Dakota, United States",-102.3923,48.30973,united states of america,3418
"Knox County, Ohio, United States",-82.48572,40.3934,united states of america,3419
"Landkreis Heidenheim, Baden-Wurttemberg, Deutschland",10.1516,48.67982,germany,3420
"Grant County, Kentucky, United States",-84.5605,38.63812,united states of america,3421
"Stewart County, Middle Tennessee, Tennessee, United States",-87.8401,36.48811,united states of america,3422
"Bangad, Masbate, Bicol Region, Philippines",123.3885,12.43439,philippines,3423
"Putnam County, Middle Tennessee, Tennessee, United States",-85.50864,36.17576,united states of america,3424
"Tecalitlan, Jalisco, Mexico",-103.3071,19.47152,mexico,3425
"Tepehuanes, Durango, Mexico",-106.1078,25.44767,mexico,3426
"Neumunster, Schleswig-Holstein, Deutschland",9.984016,54.07294,germany,3427
"Coyuca de Catalan, Guerrero, Mexico",-100.7013,18.33019,mexico,3428
"Division No. 5, Alberta, Canada",-113.3985,51.04145,canada,3429
"Pike County, Missouri, United States",-91.05272,39.44711,united states of america,3430
"Ilfov, Romania",26.30317,44.73855,romania,3431
"l'Alacanti, Alacant / Alicante, Comunitat Valenciana, Espana",-0.397816,38.42898,spain,3432
"Callaway County, Missouri, United States",-92.02023,38.95153,united states of america,3433
"Waverley Council, New South Wales, Australia",151.2538,-33.8977,australia,3434
"Patrick County, Virginia, United States",-80.55306,36.56167,united states of america,3435
"Flagler County, Florida, United States",-81.22355,29.47445,united states of america,3436
"Brewster County, Texas, United States",-103.2425,29.12749,united states of america,3437
"Bejucal, Mayabeque Cuba",-82.39129,22.92903,cuba,3438
"DsD°N...D 3/4D²NNOEDºD¸D¹ N€D°D¹D 3/4D 1/2, D¥DµN€ND 3/4D 1/2NNOEDºD° D 3/4D+/-D>>D°NN,NOE, D£DºN€D°N-D 1/2D°",33.4902,46.81172,ukraine,3439
"Valga maakond, Eesti",26.19923,58.01795,estonia,3440
"Primorsko-goranska zupanija, Hrvatska",14.44218,45.32706,croatia,3441
"Bezirk Winterthur, Zurich, Schweiz/Suisse/Svizzera/Svizra",8.723689,47.49882,switzerland,3442
"Pohjois-Pohjanmaa, Pohjois-Suomen aluehallintovirasto, Manner-Suomi, Suomi / Finland",25.46508,65.01209,finland,3443
"D§DµN€D 1/2N-D²DµN†NOEDºD¸D¹ N€D°D¹D 3/4D 1/2, D§DµN€D 1/2N-D²DµN†NOEDºD° D 3/4D+/-D>>D°NN,NOE, D£DºN€D°N-D 1/2D°",25.93584,48.29208,ukraine,3444
"Daviess County, Kentucky, United States",-87.07089,37.78676,united states of america,3445
"D³D 3/4N€D 3/4D´NDºD 3/4D¹ D 3/4DºN€NfD³ DN€N...D°D 1/2D³DµD>>NOENDº, DN€N...D°D 1/2D³DµD>>NOENDºD°N D 3/4D+/-D>>D°NN,NOE, D!DµD²DµN€D 3/4-D-D°D?D°D´D 1/2N<D¹ N,,DµD´DµN€D°D>>NOED 1/2N<D¹ D 3/4DºN€NfD³, D D 3/4NND¸N",40.56016,64.54725,russia,3446
"Clay County, Nebraska, United States",-97.85969,40.60639,united states of america,3447
"Shoalhaven City Council, New South Wales, Australia",150.5161,-35.27211,australia,3448
"aºfa³¶coeOE, ae-¥aeoe¬",132.46190000000001,34.39143,japan,3449
"Town of Port Hawkesbury, Inverness County, Nova Scotia, Canada",-61.35855,45.62765,canada,3450
"Sackville Parish, Westmorland County, New Brunswick / Nouveau-Brunswick, Canada",-64.36828,45.8979,canada,3451
"DYD 3/4N^DµN...D 3/4D 1/2NDºD¸D¹ N€D°D¹D 3/4D 1/2, D¯N€D 3/4ND>>D°D²NDºD°N D 3/4D+/-D>>D°NN,NOE, D¦DµD 1/2N,N€D°D>>NOED 1/2N<D¹ N,,DµD´DµN€D°D>>NOED 1/2N<D¹ D 3/4DºN€NfD³, D D 3/4NND¸N",39.14223,58.50071,russia,3452
"D£NN,NOE-D£D´D¸D 1/2NDºD¸D¹ N€D°D¹D 3/4D 1/2, D~N€DºNfN,NDºD°N D 3/4D+/-D>>D°NN,NOE, D!D¸D+/-D¸N€NDºD¸D¹ N,,DµD´DµN€D°D>>NOED 1/2N<D¹ D 3/4DºN€NfD³, D D 3/4NND¸N",103.755,55.2483,russia,3453
"Diamantina Shire, Queensland, Australia",139.6911,-24.84262,australia,3454
"I IµII¹I†IµIIµI¹I+/-IºI(R) I•I 1/2IOEI,,I·I,,I+/- IoeI(R)I>>I?I..., I IµII¹I†I-IIµI¹I+/- II?I,,I¯I?I... I'I¹I³I+/-I¯I?I..., I'I€I?IºIµI 1/2I,,II‰I 1/4I-I 1/2I· I""I¹I?I¯IºI·IfI· I'I¹I³I+/-I¯I?I..., I•I>>I>>I¬I,",24.48862,37.15628,greece,3455
"Hamm, Nordrhein-Westfalen, Deutschland",7.754771,51.63998,germany,3456
"Distrito Sauce, Departamento Parana, Entre Rios, Argentina",-60.51155,-31.74132,argentina,3457
"Cloud County, Kansas, United States",-97.84115,39.35667,united states of america,3458
"Larut, Matang dan Selama, Perak, Malaysia",100.7416,4.851932,malaysia,3459
"Musselshell County, Montana, United States",-108.5418,46.44524,united states of america,3460
"eOE¨aYZcoeOE, ae-¥aeoe¬",140.6555,36.5993,japan,3461
"Kankakee County, Illinois, United States",-88.17935,41.18196,united states of america,3462
"Manatee County, Florida, United States",-82.63204,27.51226,NA,3463
"O¶U,,O¹ U¯U^O¬O+/-O§U†U^O§U,,U, U¯U^O¬O+/-O§U†U^O§U,,U U^U^UOEU~U†, U 3/4U†O¬O§O¨, U 3/4O§U(C)O³OªO§U†",74.19445,32.18769,pakistan,3464
"Laane maakond, Eesti",23.54121,58.93932,estonia,3465
"Hastings District, Hawke's Bay, New Zealand / Aotearoa",176.8392,-39.63958,new zealand,3466
"D""DµD 3/4N€D³D¸DµD²NDºD¸D¹ D³D 3/4N€D 3/4D´NDºD 3/4D¹ D 3/4DºN€NfD³, D!N,D°D²N€D 3/4D?D 3/4D>>NOENDºD¸D¹ DºN€D°D¹, D!DµD²DµN€D 3/4-DsD°D²DºD°D·NDºD¸D¹ N,,DµD´DµN€D°D>>NOED 1/2N<D¹ D 3/4DºN€NfD³, D D 3/4NND¸N",43.45777,44.14977,russia,3467
"Cercado, Cochabamba, Bolivia",-66.16532,-17.41398,bolivia,3468
"uMgungundlovu District Municipality, KwaZulu-Natal, South Africa",30.37941,-29.60061,south africa,3469
"Bezirk Hermagor, Karnten, Osterreich",13.07905,46.66154,austria,3470
"Berrien County, Michigan, United States",-86.43273,42.12583,united states of america,3471
"Jackson County, Indiana, United States",-85.92909,38.93932,united states of america,3472
"North-East District, Botswana",27.51436,-21.1661,botswana,3473
"Canton Wiltz, Letzebuerg",5.932431,49.96622,luxembourg,3474
"powiat olkuski, wojewodztwo malopolskie, Polska",19.5873,50.31088,poland,3475
"Buena Vista County, Iowa, United States",-95.20194,42.64304,united states of america,3476
"D³D 3/4N€D 3/4D´NDºD 3/4D¹ D 3/4DºN€NfD³ DYD 3/4D´D 3/4D>>NOENDº, DoeD 3/4NDºD 3/4D²NDºD°N D 3/4D+/-D>>D°NN,NOE, D¦DµD 1/2N,N€D°D>>NOED 1/2N<D¹ N,,DµD´DµN€D°D>>NOED 1/2N<D¹ D 3/4DºN€NfD³, D D 3/4NND¸N",37.54576,55.43125,russia,3477
"Jos South, Plateau, Nigeria",8.881082,9.798524,nigeria,3478
"Calhoun County, Illinois, United States",-90.58873,38.94949,united states of america,3479
"Crook County, Oregon, United States",-120.0964,44.09781,united states of america,3480
"Hartlepool, Tees Valley, England, United Kingdom",-1.212926,54.69174,united kingdom,3481
"Jaipur Tehsil, Jaipur District, Rajasthan, India",75.81567,26.8865,india,3482
"DeKalb County, Indiana, United States",-85.02272,41.43214,united states of america,3483
"Agder, Norge",8.018206,58.159910000000004,norway,3484
"powiat bartoszycki, wojewodztwo warminsko-mazurskie, Polska",20.80806,54.2533,poland,3485
"Oberbergischer Kreis, Nordrhein-Westfalen, Deutschland",7.64856,51.02048,germany,3486
"Gorj, Romania",23.26894,45.03143,romania,3487
"Aramberri, Nuevo Leon, Mexico",-99.695,24.24194,mexico,3488
"O¨O(R)O´ U...O+/-U(C)O²UOE O´U‡O+/-O³OªO§U† O+/-O´Oª, O´U‡O+/-O³OªO§U† O+/-O´Oª, O§O³OªO§U† U¯UOEU,,O§U†, O§UOEO+/-O§U†",49.58912,37.26822,iran,3489
"Regiao Geografica Intermediaria de Goiania, Goias, Regiao Centro-Oeste, Brasil",-50.21414,-16.12527,brazil,3490
"Puente Nacional, Veracruz, Mexico",-96.57834,19.26016,mexico,3491
"Buffalo City Metropolitan Municipality, Eastern Cape, South Africa",27.4204,-32.89381,south africa,3492
"Makoni, Manicaland, Zimbabwe",32.1746,-18.92164,zimbabwe,3493
"powiat namyslowski, wojewodztwo opolskie, Polska",17.72244,51.07588,poland,3494
"Merrick County, Nebraska, United States",-97.9944,41.11583,united states of america,3495
"powiat pulawski, wojewodztwo lubelskie, Polska",21.96931,51.41644,poland,3496
"Cape Coast Metropolitan District, Central Region, CC-008-3586, Ghana",-1.241914,5.103801,ghana,3497
"Golden Valley County, Montana, United States",-108.9888,46.23135,united states of america,3498
"powiat zabkowicki, wojewodztwo dolnoslaskie, Polska",16.65279,50.62473,poland,3499
"Gwydir Shire Council, New South Wales, Australia",150.7334,-30.13282,australia,3500
"Wahlkreis Sarganserland, Sankt Gallen, Schweiz/Suisse/Svizzera/Svizra",9.202197,47.1233,switzerland,3501
"Tlacolula de Matamoros, Oaxaca, Mexico",-96.47432,16.95437,mexico,3502
"Scott County, Minnesota, United States",-93.50317,44.78178,united states of america,3503
"aeµ·ae·€aOEº, aOE-aº¬a¸,, a¸-a> 1/2",116.3059,39.98691,china,3504
"a³¶ae ¹coeOE, ae-¥aeoe¬",132.6293,35.12441,japan,3505
"Quan Le Chan, Thanh pho Hai Phong Viet Nam",106.6881,20.84491,vietnam,3506
"powiat kwidzynski, wojewodztwo pomorskie, Polska",18.9323,53.72635,poland,3507
"O§U,,O¥O³UfU†O¯O+/-USO(C), U...OµO+/-",29.91874,31.20009,egypt,3508
"DD>>DµDºND°D 1/2D´N€D 3/4D²NDºD¸D¹ D 1/4NfD 1/2D¸N†D¸D?D°D>>NOED 1/2N<D¹ D 3/4DºN€NfD³, DYDµN€D 1/4NDºD¸D¹ DºN€D°D¹, DYN€D¸D²D 3/4D>>D¶NDºD¸D¹ N,,DµD´DµN€D°D>>NOED 1/2N<D¹ D 3/4DºN€NfD³, D D 3/4NND¸N",57.56719,59.16061,russia,3509
"General Heliodoro Castillo, Guerrero, Mexico",-100.0833,17.58333,mexico,3510
"Charles City County, Virginia, United States",-77.14852,37.40182,united states of america,3511
"Landkreis Bayreuth, Bayern, Deutschland",11.68578,50.00973,germany,3512
"Saint-Martin (France), France",-63.05008,18.07083,saint martin,3513
"Graz, Steiermark, Osterreich",15.4395,47.07071,austria,3514
"Comuna 12, Ciudad Autonoma de Buenos Aires, Argentina",-58.47527,-34.56464,argentina,3515
"Knox County, Kentucky, United States",-84.04743,36.89037,united states of america,3516
"Landkreis Weilheim-Schongau, Bayern, Deutschland",10.96442,47.73249,germany,3517
"powiat nowotarski, wojewodztwo malopolskie, Polska",20.02642,49.42686,poland,3518
"DzD·N'N€NDºD¸D¹ D 1/4NfD 1/2D¸N†D¸D?D°D>>NOED 1/2N<D¹ D 3/4DºN€NfD³, DsD°D>>D¸D 1/2D¸D 1/2D³N€D°D´NDºD°N D 3/4D+/-D>>D°NN,NOE, D!DµD²DµN€D 3/4-D-D°D?D°D´D 1/2N<D¹ N,,DµD´DµN€D°D>>NOED 1/2N<D¹ D 3/4DºN€NfD³, D D 3/4NND¸N",21.69539,54.3582,poland,3519
"Siauliu miesto savivaldybe, Siauliu apskritis, Lietuva",23.31368,55.93491,lithuania,3520
"Halle-Vilvoorde, Vlaams-Brabant, Vlaanderen, Belgie / Belgique / Belgien",4.466311,50.76787,belgium,3521
"D³D 3/4N€D 3/4D´NDºD 3/4D¹ D 3/4DºN€NfD³ D'D°N€D 1/2D°NfD>>, DD>>N,D°D¹NDºD¸D¹ DºN€D°D¹, D!D¸D+/-D¸N€NDºD¸D¹ N,,DµD´DµN€D°D>>NOED 1/2N<D¹ D 3/4DºN€NfD³, D D 3/4NND¸N",83.76978,53.35478,russia,3522
"powiat przasnyski, wojewodztwo mazowieckie, Polska",20.88036,53.01898,poland,3523
"Xhariep District Municipality, Free State, South Africa",26.66713,-29.59177,south africa,3524
"D³D 3/4N€D 3/4D´NDºD 3/4D¹ D 3/4DºN€NfD³ DzN€N'D>>, DzN€D>>D 3/4D²NDºD°N D 3/4D+/-D>>D°NN,NOE, D¦DµD 1/2N,N€D°D>>NOED 1/2N<D¹ N,,DµD´DµN€D°D>>NOED 1/2N<D¹ D 3/4DºN€NfD³, D D 3/4NND¸N",36.06249,52.96685,russia,3525
"Landkreis Neustadt an der Aisch-Bad Windsheim, Bayern, Deutschland",10.71835,49.67201,germany,3526
"District d'Aigle, Vaud, Schweiz/Suisse/Svizzera/Svizra",6.928768,46.39661,switzerland,3527
"Landkreis Altotting, Bayern, Deutschland",12.67678,48.22464,germany,3528
"powiat kartuski, wojewodztwo pomorskie, Polska",18.15312,54.29443,poland,3529
"Verwaltungskreis Bern-Mittelland, Verwaltungsregion Bern-Mittelland, Bern/Berne, Schweiz/Suisse/Svizzera/Svizra",7.447447,46.94797,switzerland,3530
"powiat wielunski, wojewodztwo lodzkie, Polska",18.62011,51.20254,poland,3531
"powiat krakowski, wojewodztwo malopolskie, Polska",20.10984,50.18034,poland,3532
"Bezirk Gmunden, Osterreich",13.77904,47.80714,austria,3533
"Saare maakond, Eesti",22.4919,58.25495,estonia,3534
"Salzgitter, Niedersachsen, Deutschland",10.47013,52.19343,germany,3535
"Bremerhaven, Bremen, Deutschland",8.580943,53.53958,germany,3536
"Augsdaugavas novads, Latgale, Latvija",26.30552,55.97631,latvia,3537
"powiat wegorzewski, wojewodztwo warminsko-mazurskie, Polska",21.5992,54.19677,poland,3538
"Laane-Viru maakond, Eesti",26.3593,59.34708,estonia,3539
"af'afaf af""afaf'afoeaf~af! af>af£afoeaf~afªaf~afzafafsaf~af¢af""af¢af~, af¥af•af""af>af af¥afaf af-afsaf~, af!afaf¥afaf af-af•af""afsaf",44.90302,41.58933,georgia,3540
"Bezirk Tulln, Niederosterreich, Osterreich",16.32377,48.30987,austria,3541
"I IµII¹I†IµIIµI¹I+/-IºI(R) I•I 1/2IOEI,,I·I,,I+/- IsI-I+/-I, - IsII¸I 1/2I?I..., I IµII¹I†I-IIµI¹I+/- II?I,,I¯I?I... I'I¹I³I+/-I¯I?I..., I'I€I?IºIµI 1/2I,,II‰I 1/4I-I 1/2I· I""I¹I?I¯IºI·IfI· I'I¹I³I+/-I¯I?I..., I•I>>I>>I¬I,",24.41733,37.3934,greece,3542
"okres Bratislava I, Bratislava, Bratislavsky kraj, Slovensko",17.10775,48.1486,slovakia,3543
"powiat opoczynski, wojewodztwo lodzkie, Polska",20.47715,51.45063,poland,3544
"Bangka Barat, Kepulauan Bangka Belitung, Sumatera, Indonesia",105.1643,-2.065165,indonesia,3545
"Semarang, Jawa Tengah, Jawa, Indonesia",110.431,-7.14852,indonesia,3546
"Gulbenes novads, Vidzeme, Latvija",26.22066,57.19007,latvia,3547
"powiat belchatowski, wojewodztwo lodzkie, Polska",18.98522,51.3244,poland,3548
"Rezeknes novads, Latgale, Latvija",26.92297,56.5501,latvia,3549
"Banjar, Kalimantan Selatan, Kalimantan, Indonesia",115.1652,-3.297167,indonesia,3550
"Constanta, Romania",28.04926,44.33754,romania,3551
"Dublin 9, Leinster, Eire / Ireland",-6.230431,53.36952,ireland,3552
"Palangos miesto savivaldybe, Klaipedos apskritis, Lietuva",21.06776,55.9202,lithuania,3553
"powiat garwolinski, wojewodztwo mazowieckie, Polska",21.89725,51.81054,poland,3554
"powiat bielski, wojewodztwo podlaskie, Polska",23.10728,52.90092,poland,3555
"powiat lowicki, wojewodztwo lodzkie, Polska",19.94537,52.10679,poland,3556
"powiat plocki, wojewodztwo mazowieckie, Polska",20.22271,52.42163,poland,3557
"powiat siemiatycki, wojewodztwo podlaskie, Polska",23.20801,52.49039,poland,3558
"DNfND·D 3/4D²NDºD¸D¹ N€D°D¹D 3/4D 1/2, DD>>D 1/4D°N,N<, OsD°D·D°O>NN,D°D 1/2",76.85125,43.22201,kazakhstan,3559
"Landkreis Kitzingen, Bayern, Deutschland",10.14738,49.73408,germany,3560
"D³D 3/4N€D 3/4D´NDºD 3/4D¹ D 3/4DºN€NfD³ DsD°D·D°D 1/2NOE, D¢D°N,D°N€NN,D°D 1/2, DYN€D¸D²D 3/4D>>D¶NDºD¸D¹ N,,DµD´DµN€D°D>>NOED 1/2N<D¹ D 3/4DºN€NfD³, D D 3/4NND¸N",49.06608,55.83043,russia,3561
"D""N€D°D´ D!DºD 3/4D?N~Dµ, D!DºD 3/4D?NDºD¸ D!D , D!DµD²DµN€D 1/2D° DoeD°DºDµD´D 3/4D 1/2D¸N~D°",21.42281,41.98243,macedonia,3562
"powiat lubelski, wojewodztwo lubelskie, Polska",22.79677,51.04753,poland,3563
"I IµII¹I†IµIIµI¹I+/-IºI(R) I•I 1/2IOEI,,I·I,,I+/- I†I 1/2I´II?I..., I IµII¹I†I-IIµI¹I+/- II?I,,I¯I?I... I'I¹I³I+/-I¯I?I..., I'I€I?IºIµI 1/2I,,II‰I 1/4I-I 1/2I· I""I¹I?I¯IºI·IfI· I'I¹I³I+/-I¯I?I..., I•I>>I>>I¬I,",24.93859,37.83815,greece,3564
"Bezirk Murau, Steiermark, Osterreich",13.99556,47.18812,austria,3565
"okres Levoca, Presovsky kraj, Vychodne Slovensko, Slovensko",20.58431,49.02021,slovakia,3566
"Hot Spring County, Arkansas, United States",-92.81381,34.36437,united states of america,3567
"Costilla County, Colorado, United States",-105.5005,37.20496,united states of america,3568
"Caucasia, Bajo Cauca, Antioquia, RAP del Agua y la Montana Colombia",-75.19856,7.979698,colombia,3569
"Moncton, Westmorland County, New Brunswick / Nouveau-Brunswick, Canada",-64.80634,46.07945,canada,3570
"Rosebud County, Montana, United States",-107.0023,46.39193,united states of america,3571
"Minas, Camaguey Cuba",-77.47307,21.54512,cuba,3572
"Rockingham County, North Carolina, United States",-79.76077,36.49831,united states of america,3573
"Maunabo, Puerto Rico United States",-65.89933,18.00719,puerto rico,3574
"County Sligo, Connacht, Eire / Ireland",-8.509037,54.21212,ireland,3575
"Johnson County, Kentucky, United States",-82.75794,37.77121,united states of america,3576
"Odenwaldkreis, Hessen, Deutschland",8.973754,49.56758,germany,3577
"Bosque County, Texas, United States",-97.58983,31.77733,united states of america,3578
"Rostock, Mecklenburg-Vorpommern, Deutschland",12.09915,54.09244,germany,3579
"Russell County, Virginia, United States",-82.29764,36.97844,united states of america,3580
"Zimatlan de Alvarez, Oaxaca Mexico",-96.77333,16.87333,mexico,3581
"Jackson County, Kansas, United States",-95.73637,39.46527,united states of america,3582
"af'afafsafoeaf~af!af~af! af>af£afoeaf~afªaf~afzafafsaf~af¢af""af¢af~, af¥af•af""af>af af¥afaf af-afsaf~, af!afaf¥afaf af-af•af""afsaf",44.54887,41.44936,georgia,3583
"County Dublin, Leinster, Eire / Ireland",-6.153956,53.2937,ireland,3584
"Wabash County, Indiana, United States",-85.82054,40.79782,united states of america,3585
"Eurobodalla Shire Council, New South Wales, Australia",149.9,-36.11667,australia,3586
"Del Norte County, California, United States",-124.2026,41.75575,united states of america,3587
"Bouches-du-Rhone, Provence-Alpes-Cote d'Azur, France metropolitaine, France",4.627777,43.67665,france,3588
"Canton Limon, Provincia Limon, Costa Rica",-83.04151,9.991311,costa rica,3589
"Tlaltizapan de Zapata, Morelos, Mexico",-99.10135,18.6813,mexico,3590
"Red River County, Texas, United States",-95.05057,33.61741,united states of america,3591
"Klaten, Jawa Tengah, Jawa, Indonesia",110.7122,-7.614529,indonesia,3592
"Greene County, Pennsylvania, United States",-80.41246,39.97338,united states of america,3593
"Flathead County, Montana, United States",-114.0726,48.06329,united states of america,3594
"Limbazu novads, Vidzeme, Latvija",24.35308,57.8553,latvia,3595
"D¯N€D 3/4ND>>D°D²NDºD¸D¹ N€D°D¹D 3/4D 1/2, D¯N€D 3/4ND>>D°D²NDºD°N D 3/4D+/-D>>D°NN,NOE, D¦DµD 1/2N,N€D°D>>NOED 1/2N<D¹ N,,DµD´DµN€D°D>>NOED 1/2N<D¹ D 3/4DºN€NfD³, D D 3/4NND¸N",39.50383,57.56167,russia,3596
"Brig, Valais/Wallis, Schweiz/Suisse/Svizzera/Svizra",7.987821,46.3159,switzerland,3597
"Aransas County, Texas, United States",-97.05443,28.02057,united states of america,3598
"Municipio de Chiquimula, Chiquimula, Guatemala",-89.54505,14.79249,guatemala,3599
"Bezirk Steyr-Land, Oberosterreich, Osterreich",14.38171,48.03249,austria,3600
"Kitutu Central, Kisii, Nyanza, Kenya",34.76886,-0.6481626,kenya,3601
"Pachalik de Marrakech, Prefecture de Marrakech O¹U...O§U,,O(C) U...O+/-O§UfO´, Marrakech-Safi aµZaµ•aµ•a´°a´ 1/2aµ>-a´°aµ™a´ 1/4aµ‰ U...O+/-O§UfO´-O£O³UUS, Maroc aµaµZaµ-aµ""aµ‰a´+/- O§U,,U...OºO+/-O¨",-7.986324,31.62134,morocco,3602
"D³D 3/4N€D 3/4D´NDºD 3/4D¹ D 3/4DºN€NfD³ DsD°D>>D¸D 1/2D¸D 1/2D³N€D°D´, DsD°D>>D¸D 1/2D¸D 1/2D³N€D°D´NDºD°N D 3/4D+/-D>>D°NN,NOE, D!DµD²DµN€D 3/4-D-D°D?D°D´D 1/2N<D¹ N,,DµD´DµN€D°D>>NOED 1/2N<D¹ D 3/4DºN€NfD³, D D 3/4NND¸N",20.45221,54.71043,russia,3603
"Gladstone Regional, Queensland, Australia",151.369,-24.54391,australia,3604
"Roorkee, Haridwar District, Uttarakhand, India",77.888,29.85426,india,3605
"San Luis Rio Colorado, Sonora, Mexico",-114.7539,32.46432,mexico,3606
"Pulaski County, Kentucky, United States",-84.60411,37.09202,united states of america,3607
"Sanders County, Montana, United States",-115.3374,47.5955,united states of america,3608
"Bannock County, Idaho, United States",-112.4506,42.8621,united states of america,3609
"D§DµN€D 1/2NN...D 3/4D²NDºD¸D¹ D 1/4NfD 1/2D¸N†D¸D?D°D>>NOED 1/2N<D¹ D 3/4DºN€NfD³, DsD°D>>D¸D 1/2D¸D 1/2D³N€D°D´NDºD°N D 3/4D+/-D>>D°NN,NOE, D!DµD²DµN€D 3/4-D-D°D?D°D´D 1/2N<D¹ N,,DµD´DµN€D°D>>NOED 1/2N<D¹ D 3/4DºN€NfD³, D D 3/4NND¸N",21.83114,54.63127,russia,3610
"Rowan County, Kentucky, United States",-83.43219,38.18232,united states of america,3611
"Medway, England, United Kingdom",0.551438,51.38632,united kingdom,3612
"Guazapares, Chihuahua, Mexico",-108.2796,27.2769,mexico,3613
"Departamento Chilecito, La Rioja, F5360, Argentina",-67.4962,-29.16113,argentina,3614
"Jackson County, Georgia, United States",-83.44376,34.17284,united states of america,3615
"Mineral County, West Virginia, United States",-78.97392,39.44093,united states of america,3616
"Frankenthal (Pfalz), Rheinland-Pfalz Deutschland",8.358142,49.5341,germany,3617
"Merthyr Tydfil, Cymru / Wales, United Kingdom",-3.37115,51.73802,united kingdom,3618
"Klickitat County, Washington, United States",-120.8217,45.82068,united states of america,3619
"Marion County, Texas, United States",-94.52941,32.85287,united states of america,3620
"McDonald County, Missouri, United States",-94.59504,36.60021,united states of america,3621
"Landkreis Kassel, Hessen, Deutschland",9.620266,51.28479,germany,3622
"Nordland, Norge",17.52484,68.48503,norway,3623
"Sint Maarten, Nederland",-63.04714,18.02958,sint maarten,3624
"Renville County, Minnesota, United States",-94.99566,44.77643,united states of america,3625
"Villach, Karnten, Osterreich",13.85062,46.60856,austria,3626
"Landkreis Waldshut, Baden-Wurttemberg, Deutschland",8.271916,47.63273,germany,3627
"Lincoln County, Mississippi, United States",-90.44555,31.58737,united states of america,3628
"Giles County, Virginia, United States",-80.73507,37.32651,united states of america,3629
"Webb County, Texas, United States",-99.50755,27.50356,united states of america,3630
"Purworejo, Jawa Tengah, Jawa, Indonesia",110.0093,-7.712942,indonesia,3631
"D D°ND¸D 1/2NDºD¸ NfD?N€D°D²D 1/2D¸ D 3/4DºN€NfD³, D¦DµD 1/2N,N€D°D>>D 1/2D° D!N€D+/-D¸N~D°, D!N€D+/-D¸N~D°",21.42209,43.64029,republic of serbia,3632
"Bezirk Kreuzlingen, Thurgau, Schweiz/Suisse/Svizzera/Svizra",9.131208,47.65557,switzerland,3633
"Bezirk Weinfelden, Thurgau, Schweiz/Suisse/Svizzera/Svizra",9.055737,47.60379,switzerland,3634
"D³D 3/4N€D 3/4D´NDºD 3/4D¹ D 3/4DºN€NfD³ D£N,,D°, D'D°N^DºD 3/4N€N,D 3/4NN,D°D 1/2, DYN€D¸D²D 3/4D>>D¶NDºD¸D¹ N,,DµD´DµN€D°D>>NOED 1/2N<D¹ D 3/4DºN€NfD³, D D 3/4NND¸N",55.97206,54.73876,russia,3635
"Kreis Mettmann, Nordrhein-Westfalen, Deutschland",6.951266,51.11919,germany,3636
"Czestochowa, wojewodztwo slaskie, Polska",19.12031,50.81182,poland,3637
"Jefferson County, Illinois, United States",-88.90312,38.31727,united states of america,3638
"Gdansk, wojewodztwo pomorskie, Polska",18.64664,54.35202,poland,3639
"a¤§a†¶a¸,, e>>,,cY³a¸,, ae¹-aOE-coe, a¸-a> 1/2",114.9799,30.09564,china,3640
"aOE-e 3/4°aOEº, a¤(C)ae´¥a¸, a¸-a> 1/2",117.2118,39.34898,china,3641
"Oconee County, Georgia, United States",-83.46653,33.92512,united states of america,3642
"Routt County, Colorado, United States",-106.8162,40.45539,united states of america,3643
"Stendal, Sachsen-Anhalt, Deutschland",12.00196,52.67524,germany,3644
"D'D 3/4N€D¸ND 3/4D³D>>DµD+/-NDºD¸D¹ D³D 3/4N€D 3/4D´NDºD 3/4D¹ D 3/4DºN€NfD³, D'D 3/4N€D 3/4D 1/2DµD¶NDºD°N D 3/4D+/-D>>D°NN,NOE, D¦DµD 1/2N,N€D°D>>NOED 1/2N<D¹ N,,DµD´DµN€D°D>>NOED 1/2N<D¹ D 3/4DºN€NfD³, D D 3/4NND¸N",42.07352,51.37607,russia,3645
"Nicholas County, West Virginia, United States",-80.59703,38.20984,united states of america,3646
"Armidale Regional Council, New South Wales, Australia",151.9089,-30.57056,australia,3647
"Amathole District Municipality, Eastern Cape, South Africa",27.43214,-32.58851,south africa,3648
"powiat wolowski, wojewodztwo dolnoslaskie, Polska",16.6142,51.47007,poland,3649
"Miri, Bahagian Miri, Sarawak, Malaysia",113.9914,4.399493,malaysia,3650
"Apartado, Uraba, Antioquia, RAP del Agua y la Montana, Colombia",-76.62469,7.882761,colombia,3651
"County Down, Northern Ireland / Tuaisceart Eireann, United Kingdom",-5.87554,54.60776,united kingdom,3652
"ae+/-Ye~³aOEº, ae³¸a·za¸,, a>>a·coe a¸-a> 1/2",105.4417,28.87157,china,3653
"Osceola County, Iowa, United States",-95.75164,43.39999,united states of america,3654
"Guarda, Portugal",-7.222142,40.53084,portugal,3655
"Santa Rosa County, Florida, United States",-87.07232,30.60436,united states of america,3656
"e¶Sc§€aOEº, a¹?a·za¸,, a¹?a¸oecoe, a¸-a> 1/2",113.2644,23.12911,china,3657
"DYD>>DµD²DµD 1/2, D'NSD>>D³D°N€D¸N",24.60668,43.41704,bulgaria,3658
"D³D 3/4N€D 3/4D´NDºD 3/4D¹ D 3/4DºN€NfD³ D'DµD>>D³D 3/4N€D 3/4D´, D'DµD>>D³D 3/4N€D 3/4D´NDºD°N D 3/4D+/-D>>D°NN,NOE, D¦DµD 1/2N,N€D°D>>NOED 1/2N<D¹ N,,DµD´DµN€D°D>>NOED 1/2N<D¹ D 3/4DºN€NfD³, D D 3/4NND¸N",36.59826,50.59971,russia,3659
"powiat zamojski, wojewodztwo lubelskie, Polska",23.2892,50.79511,poland,3660
"D³D 3/4N€D 3/4D´NDºD 3/4D¹ D 3/4DºN€NfD³ D!D 3/4N‡D¸, DsN€D°ND 1/2D 3/4D´D°N€NDºD¸D¹ DºN€D°D¹, D(R)D¶D 1/2N<D¹ N,,DµD´DµN€D°D>>NOED 1/2N<D¹ D 3/4DºN€NfD³, D D 3/4NND¸N",39.73415,43.60281,russia,3661
"D'D°D³N€D°N,D¸D 3/4D 1/2D 3/4D²NDºD¸D¹ D 1/4NfD 1/2D¸N†D¸D?D°D>>NOED 1/2N<D¹ D 3/4DºN€NfD³, DsD°D>>D¸D 1/2D¸D 1/2D³N€D°D´NDºD°N D 3/4D+/-D>>D°NN,NOE, D!DµD²DµN€D 3/4-D-D°D?D°D´D 1/2N<D¹ N,,DµD´DµN€D°D>>NOED 1/2N<D¹ D 3/4DºN€NfD³, D D 3/4NND¸N",20.712,54.39957,poland,3662
"Taney County, Missouri, United States",-93.26123,36.67058,united states of america,3663
"powiat walecki, wojewodztwo zachodniopomorskie, Polska",16.47528,53.27347,poland,3664
"powiat chojnicki, wojewodztwo pomorskie, Polska",17.55693,53.6944,poland,3665
"Bezirk Brugg, Aargau, Schweiz/Suisse/Svizzera/Svizra",8.154698,47.49706,switzerland,3666
"D§DµN€DºD°NNOEDºD¸D¹ N€D°D¹D 3/4D 1/2, D§DµN€DºD°NNOEDºD° D 3/4D+/-D>>D°NN,NOE, D£DºN€D°N-D 1/2D°",31.26185,49.42611,ukraine,3667
"Qarku i Gjirokastres, Shqiperia Jugore, Shqiperia",20.10452,40.06729,albania,3668
"Landkreis Diepholz, Niedersachsen, Deutschland",8.919694,52.79293,germany,3669
"Raionul Leova, Moldova",28.25493,46.47991,moldova,3670
"Southland, New Zealand / Aotearoa",167.8974,-44.6414,NA,3671
"City Of Kalamunda, Western Australia, Australia",116.0241,-31.95301,U.K.,3672
"Onitsha South, Anambra, Nigeria",6.776169,6.136383,NA,3673
"Regiao Geografica Intermediaria de Santa Maria, Rio Grande do Sul, Regiao Sul, Brasil",-53.99768,-30.76737,South America,3674
"Ixtlahuaca, Estado de Mexico, Mexico",-99.72327,19.49687,South America â€“ Mexico,3675
"Joe Gqabi District Municipality, Eastern Cape, South Africa",28.60752,-30.86296,South Africa,3676
"Rosario de Lerma, Salta, Argentina",-65.4232,-24.78213,South America,3677
"City of Greater Geelong, Victoria, Australia",144.3598,-38.1493,South Africa,3678
"Rolugunta, Anakapalli District, Andhra Pradesh, India",82.73471,17.72401,India,3679
"Squamish-Lillooet Regional District, British Columbia, Canada",-121.933,50.69402,North America â€“ Canada,3680
"Amarapuram, Sri Sathya Sai District, Andhra Pradesh, India",77,14,India,3681
"Southend-on-Sea, England, United Kingdom",0.6535069,51.5424,U.K.,3682
"Kaduna North, Kaduna, Nigeria",7.44084,10.50152,NA,3683
"Landkreis Breisgau-Hochschwarzwald, Baden-Wurttemberg, Deutschland",8.151914,47.81826,Europe â€“ other,3684
"Madeira, Portugal",-16.92406,32.66693,Spain/Portugal,3685
"County Waterford, Munster, Eire / Ireland",-7.11007,52.25932,U.K.,3686
"I I¬I†I?I,, IsII€II?I,, IsII€II?I, - Kibris",32.42974,34.77201,Europe â€“ other,3687
"Kuala Terengganu, Terengganu, Malaysia",103.1324,5.311692,Far East â€“ Malaysia,3688
"Ramtek Taluka, Nagpur District, Maharashtra, India",79.32684,21.39286,India,3689
"County Kildare, Leinster, Eire / Ireland",-6.538459,53.3399,U.K.,3690
"O§U,,O³U^USO³, U...OµO+/-",32.54981,29.96683,North Africa,3691
"O§U,,U^O§O¯US O§U,,O¬O¯USO¯, U...OµO+/-",30.8025,26.82055,North Africa,3692
"City of South Perth, Western Australia, Australia",115.8849,-31.98339,U.K.,3693
"Nzema East Municipal District, Western Region, Ghana",-2.240888,4.866509,West/Central Africa,3694
"Seremban, Negeri Sembilan, Malaysia",101.9424,2.725806,Far East â€“ Malaysia,3695
"Departametno Independencia, La Rioja, F5386, Argentina",-66.9988,-29.90017,South America,3696
"Starehe, Kenya",36.82195,-1.292066,West Africa,3697
"Kapseret, Uasin Gishu, Kenya",35.26978,0.5142775,West Africa,3698
"Town of Victoria Park, Western Australia, Australia",115.9149,-31.97948,U.K.,3699
"Provincia Pacajes, La Paz, Bolivia",-68.45374,-17.17235,South America,3700
"Shire of Pyrenees, Victoria, Australia",143.3906,-36.98478,Australia,3701
"Tonkolili District, Northern Province, Sierra Leone",-11.77989,8.460555,NA,3702
"O§U,,O¬USO²O(C), U...OµO+/-",31.20885,30.01306,North Africa,3703
"Hunasuru taluk, Mysuru District, Karnataka, India",76.36373,12.18732,India,3704
"Madduru taluk, Mandya District, Karnataka, India",77.06633,12.61327,India,3705
"Central Otago District, Otago, New Zealand / Aotearoa",169.6568,-45.28283,New Zealand,3706
"Harare, Harare Province, Zimbabwe",31.04923,-17.82163,South Africa,3707
"I IµII¹I†IµIIµI¹I+/-IºI(R) I•I 1/2IOEI,,I·I,,I+/- I•I...I²I?I¯I+/-I,, I IµII¹I†I-IIµI¹I+/- I£I,,IµIIµI¬I, I•I>>I>>I¬I´I+/-I,, I'I€I?IºIµI 1/2I,,II‰I 1/4I-I 1/2I· I""I¹I?I¯IºI·IfI· I~IµIfIfI+/-I>>I¯I+/-I, - I£I,,IµIIµI¬I, I•I>>I>>I¬I´I?I,, I•I>>I>>I¬I,",23.85847,38.5236,Europe â€“ other,3708
"I IµII¹I†IµIIµI¹I+/-IºI(R) I•I 1/2IOEI,,I·I,,I+/- IsI¹I>>IºI¯I,, I IµII¹I†I-IIµI¹I+/- IsIµI 1/2I,,II¹IºI(R)I, IoeI+/-IºIµI´I?I 1/2I¯I+/-I,, I'I€I?IºIµI 1/2I,,II‰I 1/4I-I 1/2I· I""I¹I?I¯IºI·IfI· IoeI+/-IºIµI´I?I 1/2I¯I+/-I, - I~II¬IºI·I,, I•I>>I>>I¬I,",22.85271,40.81768,Europe â€“ other,3709
"Shamva, Mashonaland Central, Zimbabwe",31.56528,-17.29798,South Africa,3710
"e¬´i£ 1/4eµ°, i ,,e 1/4e¶e,,, eOE€i•oee¯ 1/4eµ-",127.7669,35.90776,Far East,3711
"Nakasongola, Central Region, Uganda",32.29028,1.373333,U.K.,3712
"Bundi Tehsil, Bundi District, Rajasthan, India",75.64827,25.43259,U.K.,3713
"Bega Valley Shire Council, New South Wales, Australia",149.846,-36.73247,Australia â€“ Western,3714
"Renfrew County, Eastern Ontario, Ontario, Canada",-76.68772,45.47492,U.K.,3715
"Shire Of Sandstone, Western Australia, Australia",119.046,-28.64015,Australia â€“ western,3716
"Mundargi taluku, Gadag District, Karnataka India",75.71389,15.31728,India,3717
"Tumsar Taluka, Bhandara District, Maharashtra, India",79.75117,21.34206,India,3718
"Lakhani Taluka, Bhandara District, Maharashtra, India",79.82967,21.07365,India,3719
"County Borough of Londonderry, County Londonderry, Northern Ireland / Tuaisceart Eireann, United Kingdom",-7.308575,54.99661,U.K.,3720
"Hubballi Taluku, Dharwad District, Karnataka, India",75.24791,15.37784,India,3721
"Northern Territory, Australia",130.8423,-12.50042,Australia,3722
"Setubal, Portugal",-8.566297,38.17626,Spain/Portugal,3723
"Jind, Jind District, Haryana, India",76.30438,29.3322,India,3724
"County Wexford, Leinster, Eire / Ireland",-6.463338,52.33692,U.K.,3725
"Coatzacoalcos, Veracruz, Mexico",-94.45899,18.13448,South America â€“ Mexico,3726
"Bolaang Mongondow, Sulawesi Utara, Sulawesi, Indonesia",123.975,0.6246932,Dutch East Indies,3727
"I IµII¹I†IµIIµI¹I+/-IºI(R) I•I 1/2IOEI,,I·I,,I+/- I'I?IIµI¯I?I... I¤I?I 1/4I-I+/- I'I¸I·I 1/2IZI 1/2, I IµII¹I†I-IIµI¹I+/- I'I,,I,,I¹IºI(R)I,, I'I€I?IºIµI 1/2I,,II‰I 1/4I-I 1/2I· I""I¹I?I¯IºI·IfI· I'I,,I,,I¹IºI(R)I,, I•I>>I>>I¬I,",23.83756,38.0243,South Africa,3728
"Kalkulam, Kanniyakumari District, Tamil Nadu, India",77.33675,8.244597,India,3729
"El Condado, Huelva, Andalucia, Espana",-6.728347,37.45679,Spain/Portugal,3730
"Upper Denkyira East Municipal District, Central Region, Ghana",-1.783097,5.969812,West Africa,3731
"Ieper, West-Vlaanderen, Vlaanderen, Belgie / Belgique / Belgien",2.877939,50.84923,Europe â€“ other,3732
"Barcaldine Regional, Queensland, Australia",144.0848,-22.5752,Australia,3733
"Paraswada Tahsil, Balaghat District, Madhya Pradesh India",80.36586,21.86034,India,3734
"Provincia General Jose Manuel Pando, La Paz, Bolivia",-69.214,-17.28729,South America,3735
"Islay, Arequipa Peru",-72.01719,-17.02063,South America,3736
"Kancheepuram, Kanchipuram District, Tamil Nadu, India",79.57369,12.86808,U.K.,3737
"Curacao, Nederland",-68.99002,12.16957,Dutch West Indies,3738
"Jodhpur Tehsil, Jodhpur District, Rajasthan, India",73.02431,26.23895,India,3739
"U,O¶O§O! OªUfO+/-USOª, U...O-O§UO¸O(C) OµU,,O§O- O§U,,O¯USU† O§U,,O¹O+/-O§U,",43.48374,34.53375,NA,3740
"Huaraz, Ancash, Peru",-77.52878,-9.526115,South America,3741
"O¨O(R)O´ O¹U,O¯O§, O´U‡O+/-O³OªO§U† O§O+/-O¯U(C)O§U†, O§O³OªO§U† UOEO²O¯, O§UOEO+/-O§U†",53.68805,32.42791,U.K.,3742
"Mount Darwin, Mashonaland Central, Zimbabwe",31.57666,-16.77636,South Africa,3743
"Kulpahar, Mahoba District, Uttar Pradesh, India",79.43101,25.37001,India,3744
"Civil Lines Tehsil, Central Delhi District, Delhi, India",77.20843,28.68379,U.K.,3745
"a'OEa¹³aOEº, ae²^e~³a¸,, e 3/4 1/2a(R)coe, a¸-a> 1/2",123.402,41.79154,Far East â€“ China,3746
"Ayawaso West Municipal District, Greater Accra Region, Ghana",-0.1869644,5.603717,West Africa,3747
"Sarah Baartman District Municipality, Eastern Cape, South Africa",26.52559,-33.31063,South Africa,3748
"Hwange, Matabeleland North, Zimbabwe",26.502,-18.35588,South Africa,3749
"Dumfries Parish, York County / Comte d'York, New Brunswick / Nouveau-Brunswick, E6G 1R1, Canada",-67.23213,45.88209,U.K.,3750
"Shire Of Laverton, Western Australia Australia",122.4015,-28.62591,Australia â€“ Western,3751
"Nsanje, Southern Region, Malawi",35.14418,-16.5519,Central Africa,3752
"Ubungo Municipal, Dar es Salaam, Coastal Zone, Tanzania",39.20833,-6.792354,East Africa,3753
"O§U,,O¨O-O+/- O§U,,O£O-U...O+/-, U...OµO+/-",34.28031,26.10135,East Africa,3754
"aeeS+/-a²-aOEº, a¤ªaZYa¸,, a+/-+/-e¥?coe, a¸-a> 1/2",112.5627,37.87343,Far East â€“ China,3755
"Pontiac, Outaouais, Quebec, Canada",-76.3504,45.50124,U.K.,3756
"Sanduru taluk, Ballari District, Karnataka, India",76.54882,15.095,India,3757
"Thiruvananthapuram, Thiruvananthapuram District, Kerala, India",76.93664,8.524139,India,3758
"Wokingham, England, United Kingdom",-0.8645275,51.50029,U.K.,3759
"Chegutu, Mashonaland West, Zimbabwe",30.14815,-18.02757,South Africa,3760
"Sur Chichas, Potosi, Bolivia",-65.71934,-21.43822,South America,3761
"O§U,,O´O+/-U,USO(C), U...OµO+/-",31.67995,30.54424,East Africa,3762
"Selcuklu, Konya, Ic Anadolu Bolgesi, Turkiye",32.49316,37.87464,Europe â€“ other,3763
"Mberengwa, Midlands, Zimbabwe",29.91108,-20.54553,South Africa,3764
"Musabani, East Singhbhum District, Jharkhand, India",86.49965,22.48668,India,3765
"Buenaventura, Valle del Cauca, RAP Pacifico, Colombia",-77.01972,3.883047,South America,3766
"Dhrangadhra Taluka, Surendranagar District, Gujarat, India",71.44611,23.00335,India,3767
"Ayre, Isle of Man",-4.438851,54.3713,U.K.,3768
"Rushen, Isle of Man",-4.654712,54.075,U.K.,3769
"Ourense, Galicia, Espana",-7.863881,42.33579,Spain/Portugal,3770
"Lokoja, Kogi Nigeria",6.663812,7.992862,West Africa,3771
"Daira Constantine, Constantine, Algerie aµaµ£aµ£a´°aµ¢a´>>aµ"" O§U,,O¬O²O§O¦O+/-",6.639028,36.35701,North Africa,3772
"Imenti Central, Meru, East Kenya, Kenya",37.90619,-0.023559,West Africa,3773
"County Monaghan, Ulster, Eire / Ireland",-6.968308,54.24924,U.K.,3774
"Kamptee Taluka, Nagpur District, Maharashtra, India",79.18936,21.22427,India,3775
"Ejisu Municipal District, Ashanti Region, Ghana",-1.520862,6.747044,West Africa,3776
"Shire Of Wiluna, Western Australia, Australia",120.2274,-26.5943,Australia â€“ Western,3777
"Distrito Chepigana, Darien, Panama",-77.83673,7.868171,South America,3778
"Almora, Almora District, Uttarakhand, India",79.64667,29.58924,India,3779
"City of Port Adelaide Enfield, South Australia, Australia",138.5122,-34.86006,Australia,3780
"Provincia Chayanta, Potosi, Bolivia",-65.79587,-18.84128,South America,3781
"Umzinyathi District Municipality, KwaZulu-Natal, South Africa",30.23431,-28.16498,NA,3782
"Shire Of Cue, Western Australia, Australia",117.85,-27.48,Australia â€“ Western,3783
"City Of Bayswater, Western Australia, Australia",115.9206,-31.91553,U.K.,3784
"U...O-O§UO¸O(C) O+/-UO-O§O!, U...U†O·U,O(C) O§U,,O-O¯U^O¯ O§U,,O´U...O§U,,USO(C), O§U,,O³O¹U^O¯USO(C)",42.55096,29.29853,Near East,3785
"County Mayo, Connacht, Eire / Ireland",-9.155069,54.11495,U.K.,3786
"Landkreis Aschaffenburg, Bayern, Deutschland",9.134513,50.02595,South Africa,3787
"Parseoni, Nagpur District, Maharashtra, India",79.19999,21.31702,India,3788
"powiat zgierski, wojewA³dztwo A,A³dzkie, Polska",19.145136,51.919438,poland,3789
"Cananea, Sonora MA(C)xico",-110.2892,30.98976,mexico,3790
"Nacozari de GarcA-a, Sonora, MA(C)xico",-109.6875,30.37534,mexico,3791
"Ures, Sonora MA(C)xico",-110.3308814,29.2972247,mexico,3792
"Paris, AZle-de-France, France mA(C)tropolitaine, France",2.3522219,48.856614,france,3793
"Provincia de Santiago, RegiA³n Metropolitana de Santiago, Chile",-70.6692655,-33.4488897,chile,3794
"Provincia de Linares, RegiA³n del Maule, Chile",-71.542969,-35.675147,chile,3795
"Provincia TomA!s FrA-as, PotosA-, Bolivia",-65.7550063,-19.5722805,bolivia,3796
Kalaallit Nunaat,-42.604303,71.706936,greenland,3797
"GenA¨ve, Schweiz/Suisse/Svizzera/Svizra",6.143158,46.20439,switzerland,3798
"AgglomA(C)ration de MontrA(C)al, MontrA(C)al (rA(C)gion administrative), QuA(C)bec, Canada",-73.56726,45.50169,canada,3799
"Municipio de Mexicali, Baja California, MA(C)xico",-115.4763,32.6565,united states of america,3800
"Bremer County, Iowa, United States",-92.46685,42.7272,united states of america,3801
"Creuse, Nouvelle-Aquitaine, France mA(C)tropolitaine, France",2.213749,46.22764,france,3802
"Villa de Cos, Zacatecas, MA(C)xico",-102.5528,23.6345,mexico,3803
"Hidalgo del Parral, Chihuahua, MA(C)xico",-105.6666,26.93178,mexico,3804
"Matehuala, San Luis PotosA-, MA(C)xico",-100.6428,23.6448,mexico,3805
"Municipio de Chihuahua, Chihuahua, MA(C)xico",-106.0691,28.633,mexico,3806
"Nadadores, Coahuila, MA(C)xico",-101.7068,27.05868,mexico,3807
"Municipio de Aguascalientes, Aguascalientes, MA(C)xico",-102.2916,21.88526,mexico,3808
"Unstrut-Hainich-Kreis, ThA 1/4ringen, Deutschland",10.45153,51.16569,germany,3809
"Moctezuma, Sonora MA(C)xico",-109.6803,29.80349,mexico,3810
"Barranca, Lima PerAº",-77.75992,-10.75254,peru,3811
"Batopilas, Chihuahua, MA(C)xico",-107.7362,27.03039,mexico,3812
"Ocampo, Chihuahua, MA(C)xico",-108.3673,28.19337,mexico,3813
"Guazapares, Chihuahua, MA(C)xico",-108.2796,27.2769,mexico,3814
"Municipio de Ensenada, Baja California, MA(C)xico",-118.2761,29.05252,mexico,3815
"TorreA³n, Coahuila, MA(C)xico",-103.2214,25.18389,mexico,3816
"MapimA-, Durango, MA(C)xico",-103.8487,25.83371,mexico,3817
"GuanacevA-, Durango, MA(C)xico",-105.9547,25.93164,mexico,3818
"Municipio de Guanajuato, Guanajuato, MA(C)xico",-101.2574,21.01901,mexico,3819
"Chilpancingo de los Bravo, Guerrero, MA(C)xico",-99.5451,17.43919,mexico,3820
"ZimapA!n, Hidalgo MA(C)xico",-99.38246,20.7367,mexico,3821
"Pachuca de Soto, Hidalgo, MA(C)xico",-98.75913,20.10106,mexico,3822
"Guadalajara, Jalisco, MA(C)xico",-103.3494,20.65954,mexico,3823
"Ahumada, Chihuahua MA(C)xico",-106.6525,30.56306,mexico,3824
"Lampazos de Naranjo, Nuevo LeA³n MA(C)xico",-100.508,27.02446,mexico,3825
"Oaxaca de JuA!rez, Oaxaca, MA(C)xico",-96.72659,17.07318,mexico,3826
"PA!nuco, Veracruz, MA(C)xico",-98.18206,22.05356,mexico,3827
"MazatlA!n, Sinaloa, MA(C)xico",-106.4111,23.24941,mexico,3828
"Badiraguato, Sinaloa MA(C)xico",-107.4795,25.17211,mexico,3829
"Arizpe, Sonora, MA(C)xico",-110.1666,30.33594,mexico,3830
"Hermosillo, Sonora, MA(C)xico",-110.9559,29.07297,mexico,3831
"Alamos, Sonora, MA(C)xico",-108.9413,27.02549,mexico,3832
"Orizaba, Veracruz, MA(C)xico",-97.10364,18.85047,mexico,3833
"Municipio de Zacatecas, Zacatecas, MA(C)xico",-102.5832426,22.7708555,mexico,3834
"Sombrerete, Zacatecas, MA(C)xico",-103.6391657,23.6342457,mexico,3835
"Sabinas, Coahuila, MA(C)xico",-101.1624435,27.8992862,mexico,3836
"Kocasinan, Kayseri, A°A§ Anadolu BA¶lgesi, TA 1/4rkiye",35.243322,38.963745,turkey,3837
"D'D°D>>D°DºD>>D°D²NDºD¸D¹ N€D°D¹D 3/4D 1/2, D!DµD²D°NN,D 3/4D?D 3/4D>>NOE, D£DºN€D°N-D 1/2D°",33.6766146,44.5738307,ukraine,3838
"Dublin 1, Leinster, A‰ire / Ireland",-6.2603097,53.3498053,ireland,3839
"MA(C)tropole de Lyon, RhA´ne, Auvergne-RhA´ne-Alpes, France mA(C)tropolitaine, France",4.835659,45.764043,france,3840
"Lima, Lima Metropolitana, Lima, PerAº",-77.042754,-12.0463731,peru,3841
"Lima Metropolitana, Lima, PerAº",-77.1259843,-12.0508491,peru,3842
"ErongarA-cuaro, MichoacA!n MA(C)xico",-101.7068294,19.5665192,mexico,3843
"Concordia, Sinaloa MA(C)xico",-105.936207,23.3963895,mexico,3844
"Mocorito, Sinaloa, MA(C)xico",-107.9205937,25.481348,mexico,3845
"Navojoa, Sonora, MA(C)xico",-109.7394031,27.3297999,mexico,3846
"Municipio de Tepic, Nayarit, MA(C)xico",-104.8945887,21.5041651,mexico,3847
"Cartagena de Indias, Dique, BolA-var, RAP Caribe, Colombia",-75.4832311,10.3932277,colombia,3848
"Fresnillo, Zacatecas, MA(C)xico",-102.8687414,23.1777586,mexico,3849
"Pachalik de Tanger O¨O§O´U^USO(C) O·U†O¬O(C), PrA(C)fecture de Tanger-Assilah O¹U...O§U,,O(C) O·U†O¬O(C)-O£OµUSU,,O(C), Tanger-TA(C)touan-Al HoceA¯ma aµYa´°aµaµS-aµYaµ‰aµoea´°aµ!aµ‰aµ-aµaµfaµ""aµ™aµ‰aµZa´° O·U†O¬O(C) OªO·U^O§U† O§U,,O-O³USU...O(C), Maroc aµaµZaµ-aµ""aµ‰a´+/- O§U,,U...OºO+/-O¨",-5.8339543,35.7594651,morocco,3850
"Estrie, QuA(C)bec, Canada",-71.8929107,45.4041718,canada,3851
"Wien, A-sterreich",16.3738189,48.2081743,austria,3852
"County Offaly, Leinster, A‰ire / Ireland",-7.6920536,53.1423672,ireland,3853
"KasaA¯, RA(C)publique dA(C)mocratique du Congo",21.758664,-4.038333,democratic republic of the congo,3854
"Charleroi, Hainaut, Wallonie, BelgiA<< / Belgique / Belgien",4.469936,50.503887,belgium,3855
"Shelby County, Indiana, United States",-85.92276,39.47338,united states of america,3856
"CantA³n ParaA-so, Provincia Cartago, Costa Rica",-83.75343,9.748917,costa rica,3857
"RA-o Blanco (Municipio), Matagalpa Nicaragua",-85.20723,12.86542,nicaragua,3858
"Municipio de San Felipe, Baja California, MA(C)xico",-115.2838,30.84063,mexico,3859
"Comunidad de Madrid, EspaA+/-a",-3.74922,40.46367,spain,3860
"SantarA(C)m, Portugal",-8.224454,39.39987,portugal,3861
"Andraka, Bizkaia, Euskadi EspaA+/-a",-2.934985,43.26301,spain,3862
"Comarca Metropolitana de Huelva, Huelva, AndalucA-a, EspaA+/-a",-6.944722,37.26142,spain,3863
"Comuna 1, Ciudad AutA³noma de Buenos Aires, Argentina",-58.38156,-34.60368,argentina,3864
"Antonio Quijarro, PotosA-, Bolivia",-66.69142,-20.38573,bolivia,3865
"RegiA£o GeogrA!fica IntermediA!ria de Barra do GarA§as, Mato Grosso, RegiA£o Centro-Oeste, Brasil",-51.92528,-14.235,brazil,3866
"Provincia de Antofagasta, RegiA³n de Antofagasta, Chile",-70.3975,-23.65093,chile,3867
"Provincia de CopiapA³, RegiA³n de Atacama, Chile",-70.33216,-27.36658,chile,3868
"Provincia de Cachapoal, RegiA³n del Libertador General Bernardo O'Higgins, Chile",-70.74063,-34.17013,chile,3869
"Caylloma, Arequipa, PerAº",-71.60144,-15.63781,peru,3870
"Municipio CedeA+/-o, BolA-var Venezuela",-66.58973,6.42375,venezuela,3871
"Catawba County, North Carolina, United States",-81.34446,35.73445,united states of america,3872
"Departamento de CabaA+/-as, El Salvador",-88.89653,13.79419,el salvador,3873
"AgglomA(C)ration de QuA(C)bec, Capitale-Nationale, QuA(C)bec, Canada",-71.20798,46.81388,NA,3874
"Municipio de Puebla, Puebla, MA(C)xico",-98.20627,19.04144,mexico,3875
"Bezirk Liezen, Steiermark, A-sterreich",14.55007,47.51623,austria,3876
"Distrito NatA!, CoclA(C), PanamA!",-80.78213,8.537981,panama,3877
"Aramberri, Nuevo LeA³n, MA(C)xico",-99.6949999,24.2419444,mexico,3878
"Asientos, Aguascalientes, MA(C)xico",-102.0890156,22.2384759,mexico,3879
"Chapala, Jalisco, MA(C)xico",-103.1846016,20.3051576,mexico,3880
"TepezalA!, Aguascalientes, MA(C)xico",-102.1738022,22.2241419,mexico,3881
"Maldonado, Uruguay",-54.9390177,-34.9503258,uruguay,3882
"CuauhtA(C)moc, Ciudad de MA(C)xico, MA(C)xico",-99.133208,19.4326077,mexico,3883
"ApartadA³, UrabA!, Antioquia, RAP del Agua y la MontaA+/-a, Colombia",-76.624692,7.882761,colombia,3884
"Municipio de MulegA(C), Baja California Sur, MA(C)xico",-112.2701486,27.3361939,NA,3885
"Municipio de JuA!rez, Chihuahua, MA(C)xico",-106.2831073,31.5455606,mexico,3886
"Moris, Chihuahua, MA(C)xico",-108.5192669,28.1489782,mexico,3887
"Guachochi, Chihuahua MA(C)xico",-107.0333331,27.1999999,mexico,3888
"Saucillo, Chihuahua MA(C)xico",-105.4932019,27.8559178,mexico,3889
"Aquiles SerdA!n, Chihuahua, MA(C)xico",-105.7820674,28.4854458,mexico,3890
"San Patricio County, Texas, United States",-97.7719419,27.9544619,united states of america,3891
"JimA(C)nez, Chihuahua MA(C)xico",-104.9230692,27.1301401,mexico,3892
"Madera, Chihuahua, MA(C)xico",-108.1447314,29.1932973,mexico,3893
"Rosario, Sonora, MA(C)xico",-109.5680555,28.3769443,mexico,3894
"Santa BA!rbara, Chihuahua, MA(C)xico",-105.8200578,26.8015438,mexico,3895
"ChA-nipas, Chihuahua, MA(C)xico",-108.5358841,27.3941742,mexico,3896
"Morelos, Chihuahua, MA(C)xico",-107.738897,26.764249,mexico,3897
"CuauhtA(C)moc, Chihuahua, MA(C)xico",-106.8760491,28.3809601,mexico,3898
"San Francisco del Oro, Chihuahua, MA(C)xico",-105.8476553,26.8639025,mexico,3899
"Cusihuiriachi, Chihuahua, MA(C)xico",-106.8338631,28.2394654,mexico,3900
"Saltillo, Coahuila, MA(C)xico",-100.997658,25.4202852,mexico,3901
"San Pedro, Coahuila, MA(C)xico",-102.9838564,25.7572143,mexico,3902
"CuencamA(C), Durango, MA(C)xico",-103.7358951,25.0635584,mexico,3903
"Monterrey, Nuevo LeA³n, MA(C)xico",-100.3161126,25.6866142,mexico,3904
"Brussel-Hoofdstad - Bruxelles-Capitale, RA(C)gion de Bruxelles-Capitale - Brussels Hoofdstedelijk Gewest, BelgiA<< / Belgique / Belgien",4.3599684,50.8524012,belgium,3905
"Sierra Mojada, Coahuila, MA(C)xico",-103.7014059,27.290695500000002,mexico,3906
"Municipio de Zaragoza, Coahuila, MA(C)xico",-100.9206505,28.6957919,mexico,3907
"CastaA+/-os, Coahuila, MA(C)xico",-101.2567375,26.531398,mexico,3908
"San Buenaventura, Coahuila MA(C)xico",-101.6666671,27.4166669,mexico,3909
"San Juan de Sabinas, Coahuila, MA(C)xico",-101.3029821,27.9280741,mexico,3910
"MAºzquiz, Coahuila, MA(C)xico",-101.3527639,27.7412747,mexico,3911
"ConcepciA³n del Oro, Zacatecas MA(C)xico",-101.4190314,24.6145142,mexico,3912
"PA!nuco de Coronado, Durango, MA(C)xico",-104.3191379,24.4008799,mexico,3913
"Municipio de Durango, Durango, MA(C)xico",-104.6615331,24.0329454,mexico,3914
"Santiago Papasquiaro, Durango, MA(C)xico",-105.4243804,25.0426222,mexico,3915
"San Juan de Guadalupe, Durango, MA(C)xico",-102.7775806,24.6326164,mexico,3916
"Ocampo, Durango MA(C)xico",-105.9358333,26.6874999,mexico,3917
"Canelas, Durango, MA(C)xico",-106.5480952,25.1251986,mexico,3918
"Provincia A'uflo de ChA!vez, Santa Cruz, Bolivia",-62.0750998,-16.7476037,bolivia,3919
"Tepehuanes, Durango, MA(C)xico",-106.1078167,25.4476669,mexico,3920
"Hidalgo, Durango, MA(C)xico",-104.9151732,26.2476457,mexico,3921
"CanatlA!n, Durango MA(C)xico",-104.6587821,24.5592665,mexico,3922
"IndA(C), Durango, MA(C)xico",-105.2214354,25.9104779,mexico,3923
"San Dimas, Durango, MA(C)xico",-105.9267964,24.1071642,mexico,3924
"San Ignacio, Sinaloa, MA(C)xico",-106.7807941,23.7215764,mexico,3925
"XichAº, Guanajuato MA(C)xico",-100.0573657,21.2956159,mexico,3926
"San Miguel de Allende, Guanajuato, MA(C)xico",-100.745235,20.9144491,mexico,3927
"Antigua Guatemala, SacatepA(C)quez, Guatemala",-90.731014,14.559725,guatemala,3928
"San Luis de la Paz, Guanajuato, MA(C)xico",-100.4936673,21.2231788,mexico,3929
"CA!ceres, Extremadura, EspaA+/-a",-5.2532284,39.7528442,spain,3930
"Salvatierra, Guanajuato, MA(C)xico",-100.8758433,20.2173583,mexico,3931
"San Felipe, Guanajuato, MA(C)xico",-101.21588,21.4788756,mexico,3932
"Zacualpan, Estado de MA(C)xico, MA(C)xico",-99.7759907,18.7188952,mexico,3933
"Arcelia, Guerrero, MA(C)xico",-100.1641666,18.1388887,mexico,3934
"General Heliodoro Castillo, Guerrero, MA(C)xico",-100.0833339,17.5833278,mexico,3935
"Taxco de AlarcA³n, Guerrero, MA(C)xico",-99.6040465,18.5567331,mexico,3936
"Atlixtac, Guerrero, MA(C)xico",-98.9343631,17.5616194,mexico,3937
"Benito JuA!rez, Ciudad de MA(C)xico, MA(C)xico",-99.1830717,19.3677481,mexico,3938
"Municipio de Loreto, Baja California Sur, MA(C)xico",-111.3477531,26.0117564,mexico,3939
"La Magdalena Contreras, Ciudad de MA(C)xico, MA(C)xico",-99.2284307,19.3163899,mexico,3940
"Mineral del Chico, Hidalgo MA(C)xico",-98.7158875,20.1982325,mexico,3941
"EtzatlA!n, RegiA³n Valles, Jalisco, MA(C)xico",-104.0809056,20.7644691,mexico,3942
"Gent, Oost-Vlaanderen, Vlaanderen, BelgiA<< / Belgique / Belgien",3.7252313,51.0545294,belgium,3943
"Magdalena, RegiA³n Valles, Jalisco, MA(C)xico",-103.9695127,20.9102762,mexico,3944
"Ameca, RegiA³n Valles, Jalisco, MA(C)xico",-104.0466211,20.5476288,mexico,3945
"Mascota, Jalisco, MA(C)xico",-104.5858125,20.8090951,mexico,3946
"Ahualulco de Mercado, RegiA³n Valles, Jalisco, MA(C)xico",-103.9737378,20.7019965,mexico,3947
"Tequila, RegiA³n Valles, Jalisco, MA(C)xico",-103.85,21.216667,mexico,3948
"BolaA+/-os, Jalisco MA(C)xico",-103.7798114,21.8309391,mexico,3949
"El Oro, Estado de MA(C)xico, MA(C)xico",-100.1339164,19.8007531,mexico,3950
"Sultepec, Estado de MA(C)xico, MA(C)xico",-99.966931400000007,18.8616472,mexico,3951
"CantA³n Atenas, Provincia Alajuela, Costa Rica",-84.3738394,9.9784936,costa rica,3952
"Tenango del Valle, Estado de MA(C)xico MA(C)xico",-99.5892175,19.1066174,mexico,3953
"Toluca, Estado de MA(C)xico, MA(C)xico",-99.6556653,19.2826098,mexico,3954
"Miguel Hidalgo, Ciudad de MA(C)xico, MA(C)xico",-99.1937047,19.4259383,mexico,3955
"Tlalpujahua, MichoacA!n MA(C)xico",-100.1734224,19.8055547,mexico,3956
"PurA(C)pero, MichoacA!n, MA(C)xico",-102.0016666,19.9383333,mexico,3957
"IxtlA!n del RA-o, Nayarit, MA(C)xico",-104.3719195,21.0362709,mexico,3958
"Santiago Ixcuintla, Nayarit, MA(C)xico",-105.0644646,21.8372517,mexico,3959
"Villaldama, Nuevo LeA³n, MA(C)xico",-100.3308854,26.653644,mexico,3960
"Cadereyta JimA(C)nez, Nuevo LeA³n, MA(C)xico",-99.9961947,25.592172,mexico,3961
"Allende, Nuevo LeA³n MA(C)xico",-99.9721826,25.2871445,mexico,3962
"Hidalgo, Nuevo LeA³n MA(C)xico",-100.4565159,25.9747274,mexico,3963
"Sabinas Hidalgo, Nuevo LeA³n MA(C)xico",-100.1759285,26.5088029,mexico,3964
"Ocampo, Coahuila, MA(C)xico",-103.3713346,27.029946,mexico,3965
"Vallecillo, Nuevo LeA³n, MA(C)xico",-99.9872936,26.6595908,mexico,3966
"Cerralvo, Nuevo LeA³n MA(C)xico",-99.9385041,26.1235337,mexico,3967
"Calpulalpan, Tlaxcala, MA(C)xico",-98.5666077,19.5850377,mexico,3968
"Villa Sola de Vega, Oaxaca, MA(C)xico",-96.9794689,16.5116214,mexico,3969
"Santa MarA-a Colotepec, Oaxaca, MA(C)xico",-97.0048242,15.866288,mexico,3970
"Tequisquiapan, QuerA(C)taro, MA(C)xico",-99.8850586,20.5187326,mexico,3971
"Municipio de QuerA(C)taro, QuerA(C)taro, MA(C)xico",-100.3898881,20.5887932,mexico,3972
"Municipio de San Luis PotosA-, San Luis PotosA-, MA(C)xico",-100.9855409,22.1564699,mexico,3973
"CuliacA!n, Sinaloa, MA(C)xico",-107.3580733,24.7926754,mexico,3974
"Gran Rosario, Departamento Rosario, Santa Fe, Argentina",-60.6930416,-32.9587022,argentina,3975
"La Colorada, Sonora, MA(C)xico",-110.5794014,28.8026584,mexico,3976
"Chalchihuites, Zacatecas, MA(C)xico",-103.8809881,23.4758302,mexico,3977
"Tampico, Tamaulipas, MA(C)xico",-97.861099,22.2331041,mexico,3978
"Ojocaliente, Zacatecas MA(C)xico",-102.2546666,22.5706028,mexico,3979
"Guadalupe, Zacatecas, MA(C)xico",-102.511889,22.7565759,mexico,3980
"Vetagrande, Zacatecas MA(C)xico",-102.5558806,22.8340177,mexico,3981
"Morelos, Zacatecas, MA(C)xico",-102.6051719,22.7784799,mexico,3982
"CuautitlA!n, Estado de MA(C)xico, MA(C)xico",-99.1796654,19.6724918,mexico,3983
"CoyoacA!n, Ciudad de MA(C)xico MA(C)xico",-99.1462063,19.3251269,mexico,3984
"D³D 3/4N€D 3/4D´NDºD 3/4D¹ D 3/4DºN€NfD³ D~D²D°D 1/2D 3/4D²D 3/4, D~D²D°D 1/2D 3/4D²NDºD°N D 3/4D+/-D>>D°NN,NOE, D¦DµD 1/2N,N€D°D>>NOED 1/2N<D¹ N,,DµD´DµN€D°D>>NOED 1/2N<D¹ D 3/4DºN€NfD³, D D 3/4NND¸N",41.0049548,56.9911268,russia,3985
"Angangueo, MichoacA!n, MA(C)xico",-100.2947011,19.6087699,mexico,3986
"Eivissa, Illes Balears, EspaA+/-a",1.5350964,38.9852753,spain,3987
"JaA(C)n, AndalucA-a, EspaA+/-a",-3.6369803,38.0969098,spain,3988
"PyrA(C)nA(C)es-Orientales, Occitanie, France mA(C)tropolitaine, France",2.752222,42.840833,france,3989
"Cloncurry Shire, Queensland Australia",140.5053246,-20.7068535,australia,3990
"Westland District, West Coast, New Zealand / Aotearoa",170.9658572,-42.7136692,NA,3991
"Pest vA!rmegye, KA¶zA(C)p-MagyarorszA!g, MagyarorszA!g",19.5033041,47.162494,hungary,3992
"Municipio Roscio, BolA-var Venezuela",-61.8935844,7.4715408,venezuela,3993
"Llano County, Texas, United States",-98.4405849,30.6582405,united states of america,3994
"CajibA-o, Centro, Cauca, RAP PacA-fico, Colombia",-76.8259652,2.7049813,colombia,3995
"A CoruA+/-a, Galicia, EspaA+/-a",-8.411594,43.3623364,spain,3996
"Saint Lucie County, Florida, United States",-80.3956839,27.2620849,united states of america,3997
"Orangeburg County, South Carolina, United States",-81.0679988,33.6773343,united states of america,3998
"Soyopa, Sonora, MA(C)xico",-109.6346496,28.7630272,mexico,3999
"Chatham-Kent, Ontario, Canada",-82.4635933,42.0948638,canada,4000
"Harghita, RomA¢nia",25.2223974,46.1840561,romania,4001
"Dinwiddie County, Virginia, United States",-77.6854117,37.1904677,united states of america,4002
"Matamata Piako District, Waikato, New Zealand / Aotearoa",175.7293795,-37.5259121,new zealand,4003
"Croydon Shire, Queensland, Australia",142.2435729,-18.2060732,australia,4004
"DA 1/4sseldorf, Nordrhein-Westfalen, Deutschland",6.7734556,51.2277411,germany,4005
"Guyane, France",-53.125782,3.933889,france,4006
"Pratt County, Kansas, United States",-98.737766,37.64341,united states of america,4007
"Stockholms lA¤n, Sverige",18.0685808,59.3293235,NA,4008
"LiA¨ge, Wallonie, BelgiA<< / Belgique / Belgien",5.5796662,50.6325574,belgium,4009
"Blacktown City Council, New South Wales, Australia",150.9335785,-33.7929061,australia,4010
"Boven Saramacca, Sipaliwini, Suriname",-56.027783,3.919305,suriname,4011
"Same, Kilimanjaro, Northern Zone, Tanzania",37.8087693,-4.1336927,united republic of tanzania,4012
"Namkum, Ranchi District, Jharkhand, India",85.2981061,23.3502388,india,4013
"Burnet County, Texas, United States",-98.2119851,30.7571425,united states of america,4014
"County Cork, Munster, A‰ire / Ireland",-8.4756035,51.8985143,ireland,4015
"Kershaw County, South Carolina, United States",-80.4259691,34.4774992,united states of america,4016
"Heidelberg, Baden-WA 1/4rttemberg, Deutschland",8.6724335,49.3987524,germany,4017
"ZF Mgcawu District Municipality, Northern Cape, South Africa",21.8568586,-29.0466808,south africa,4018
"Stafford County, Virginia, United States",-77.4806703,38.4645462,united states of america,4019
MoA§ambique,32.7633036,-26.0828425,NA,4020
"Oceana County, Michigan, United States",-86.2361744,43.5181374,united states of america,4021
"Stormont, Dundas and Glengarry Counties, Eastern Ontario, Ontario, Canada",-75.4289579,44.9550723,canada,4022
"Autauga County, Alabama, United States",-86.4430923,32.4519729,united states of america,4023
"Dillon County, South Carolina, United States",-79.309315,34.497644,united states of america,4024
"GuadalcA!zar, San Luis PotosA-, MA(C)xico",-100.4003466,22.6186136,mexico,4025
"Kolar taluk, Kolar District, Karnataka, India",78.2020387,13.1770316,india,4026
"Appanoose County, Iowa, United States",-92.9250409,40.6314132,united states of america,4027
"MA 1/4nchen, Bayern, Deutschland",11.6059903,48.1594618,germany,4028
"Kemaman, Terengganu, Malaysia",103.3638015,4.2338358,malaysia,4029
"HuarochirA-, Lima PerAº",-76.3805718,-11.8419438,peru,4030
"Kolar Tahsil, Bhopal District, Madhya Pradesh, India",77.411193,23.150061,india,4031
"Waterberg District Municipality, Limpopo, South Africa",28.299435,-23.9747849,south africa,4032
"Gadarwara Tahsil, Narsinghpur District, Madhya Pradesh, India",78.821275,22.744252,india,4033
"Stratford, Ontario, Canada",-80.9825393,43.3651092,canada,4034
"Wasatch County, Utah, United States",-111.421487,40.4965132,united states of america,4035
"Resort Municipality of Stanley Bridge, Hope River, Bayview, Cavendish and North Rustico, Queens County, Prince Edward Island, Canada",-63.3896729,46.4892294,canada,4036
"Blue Mountains City Council, New South Wales, Australia",150.3046194,-33.6202004,australia,4037
"The Council of the Shire of Hornsby, New South Wales, Australia",151.0970108,-33.7245321,australia,4038
"Sunyani West District, Bono Region, Ghana",-2.3172324,7.3727017,ghana,4039
"Bekwai Municipal District, Ashanti Region, Ghana",-1.4821482,6.4482035,ghana,4040
"GbAªkAª, VallA(C)e du Bandama, CA´te da€™Ivoire",-5.54708,7.539989,ivory coast,4041
"Kumasi Metropolitan District, Ashanti Region, Ghana",-1.6162709,6.6666004,ghana,4042
"Ahanta West Municipal District, Western Region, Ghana",-1.946905,4.7950533,ghana,4043
"County Antrim, Northern Ireland / Tuaisceart A‰ireann, United Kingdom",-6.24439,55.203409,united kingdom,4044
"a-c¥¨aOEº, e'<<eS¦a²>a¸,, e 3/4 1/2a(R)coe, a¸-a> 1/2",120.749727,41.107107,china,4045
"PA(C)njamo, Guanajuato, MA(C)xico",-101.9619118,20.4153326,mexico,4046
"Harlan County, Nebraska, United States",-99.2537044,40.0614003,united states of america,4047
"HAora, Hooghly District, West Bengal India",88.3444623,22.5719916,india,4048
"Kollegala taluk, Chamarajanagar District, Karnataka, India",77.1111214,12.1536786,india,4049
"Palenque, Chiapas MA(C)xico",-92.0458949,17.4847697,mexico,4050
"AriA¨ge, Occitanie, France mA(C)tropolitaine, France",1.443469,42.9326292,france,4051
"Coleman County, Texas, United States",-99.425646,31.828445,united states of america,4052
"Ocampo, Guanajuato, MA(C)xico",-101.4782799,21.6481453,mexico,4053
"Livingstone Shire, Queensland, Australia",150.6422411,-23.288277,australia,4054
"Gert Sibande, Mpumalanga, South Africa",29.85,-26.9,south africa,4055
"Provincia de Iquique, RegiA³n de TarapacA!, Chile",-70.1356692,-20.2307033,chile,4056
"OsD°N€O>D°N€D°D>>N< D°NfD´D°D 1/2N<, OsD°N€D°O""D°D 1/2D´N< D 3/4D+/-D>>N<NN<, OsD°D·D°O>NN,D°D 1/2",75.4772753,49.4129509,kazakhstan,4057
"Division No. 1, Saskatchewan, Canada",-102.9914806,49.1390842,canada,4058
"Granada (Municipio), Granada Nicaragua",-85.9014985,11.8863268,nicaragua,4059
"Shire Of Yilgarn, Western Australia, Australia",119.4061954,-31.5328519,australia,4060
"Clay County, Minnesota, United States",-96.7668897,46.8753166,united states of america,4061
"Dharawada taluku, Dharwad District, Karnataka, India",75.007808,15.4589236,india,4062
"County Limerick, Munster, A‰ire / Ireland",-8.6288561,52.6618029,ireland,4063
"Tablelands Regional, Queensland, Australia",145.390123,-17.3835409,australia,4064
"City of Maribyrnong, Victoria, Australia",144.8693489,-37.7984769,australia,4065
"Lucknow, Lucknow District, Uttar Pradesh, India",80.946166,26.8466937,india,4066
"Amansie West District, Ashanti Region, Ghana",-1.8866802,6.4696004,ghana,4067
"ThA nh pha>>' Huaº?, Ta>>‰nh Tha>><<a ThiAªn Huaº? Via>>‡t Nam",107.5905326,16.467397,vietnam,4068
"Oshikoto Region, Namibia",17.728092,-19.2443226,namibia,4069
"Ourense, Galicia, EspaA+/-a",-7.863881,42.3357893,spain,4070
"Tarikere taluku, Chikkamagaluru District, Karnataka, India",75.6530523,13.7013434,india,4071
"Mazapil, Zacatecas, MA(C)xico",-101.5532019,24.6378747,mexico,4072
"Suffolk, Virginia, United States",-76.5863318,36.7706314,united states of america,4073
"Simpson County, Mississippi, United States",-89.8693083,31.9638222,united states of america,4074
"Keffi, Nasarawa, Nigeria",7.8776023,8.8471213,nigeria,4075
"Wingecarribee Shire Council, New South Wales, Australia",150.4154422,-34.488229,australia,4076
"Inverell Shire Council, New South Wales, Australia",151.1218886,-29.7871108,australia,4077
"Wayne County, Georgia, United States",-82.025156,31.6640504,united states of america,4078
"Bass Coast Shire, Victoria, Australia",145.239972,-38.4640181,australia,4079
"Bangalore East, Bengaluru Urban District, Karnataka, India",77.7158771,13.0613596,india,4080
"North Lincolnshire, England, United Kingdom",-0.655471,53.594209,united kingdom,4081
"Chester County, South Carolina, United States",-81.2186457,34.7058899,united states of america,4082
"Kabupaten Pelalawan, Riau, Sumatera, Indonesia",102.1676096,0.3468788,indonesia,4083
"Hauts-de-Seine, AZle-de-France, France mA(C)tropolitaine, France",2.2637097,48.9121798,france,4084
"Dearborn County, Indiana, United States",-84.8857301,39.1474575,united states of america,4085
"Municipio BolA-var, Yaracuy, Venezuela",-68.8928558,10.4312095,venezuela,4086
"Montgomery County, Illinois, United States",-89.571326,39.319665,united states of america,4087
"Newry, Mourne and Down District Council, Northern Ireland / Tuaisceart A‰ireann, United Kingdom",-6.3380804,54.1752118,united kingdom,4088
"County Kilkenny, Leinster, A‰ire / Ireland",-7.208316,52.805528,ireland,4089
"Hernando County, Florida, United States",-82.442672,28.498691,united states of america,4090
"Mangu, Plateau, Nigeria",9.0833,9.5667,nigeria,4091
Namibia,15.1508625,-26.6362913,NA,4092
"Kothagudem mandal, Bhadradri Kothagudem District, Telangana India",80.6143961,17.5560036,india,4093
"Angus, Alba / Scotland, United Kingdom",-2.659578,56.731312,united kingdom,4094
"Kawartha Lakes, Central Ontario, Ontario, Canada",-78.7310402,44.5406293,canada,4095
"Division No. 22, Manitoba, Canada",-96.6879193,55.7664675,canada,4096
"Indre, Centre-Val de Loire, France mA(C)tropolitaine, France",1.297417,46.43481,france,4097
"U...O-O§UO¸O(C) O§U,,U,U^USO¹USU‡, U...U†O·U,O(C) O§U,,O+/-USO§O¶ O§U,,O³O¹U^O¯USO(C)",45.079162,23.885942,saudi arabia,4098
"Woodward County, Oklahoma, United States",-99.4058,36.4247,United States,4099
"Jaguey Grande, Matanzas, Cuba",-81.1359,22.4995,Cuba,4100
"Distrito David, Chiriqui, Panama",-82.4333,8.4333,Panama,4101
"Wilson County, North Carolina, United States",-77.9284,35.7311,United States,4102
"Монтана, България",23.2217,43.4075,Bulgaria,4103
"Regiao Geografica Intermediaria de Maringa, Parana, Regiao Sul, Brasil",-51.9728,-22.8378,Brazil,4104
"Isabela, Cagayan Valley, Philippines",121.7,16.5583,Philippines,4105
"Thane, Thane District, Maharashtra, India",72.9722,19.1972,India,4106
"Ilocos Sur, Ilocos Region, Philippines",120.4344,17.486,Philippines,4107
"Mackay Regional, Queensland, Australia",149.1858,-21.1411,Australia,4108
"Andes, Suroeste, Antioquia, RAP del Agua y la Montana, Colombia",-75.9167,5.5833,Colombia,4109
"la Costera, Valencia / Valencia, Comunitat Valenciana, Espana",-0.585,38.9611,Spain,4110
"浦东新区, 上海市, 中国",121.4667,31.1667,China,4111
"Περιφερειακή Ενότητα Σερρών, Περιφέρεια Κεντρικής Μακεδονίας, Αποκεντρωμένη Διοίκηση Μακεδονίας - Θράκης, Ελλάς",23.55,41.0833,Greece,4112
"القاهرة, مصر",31.2358,30.0444,Egypt,4113
"Eloy Alfaro, Esmeraldas, Ecuador",-79,1.25,Ecuador,4114
"Pedania Constitucion, Departamento Colon, Cordoba, X5111, Argentina",-63.9444,-31.3431,Argentina,4115
"Guanajuato, Mexico",-101.2567,21.0178,Mexico,4116
"Dunklin County, Missouri, United States",-90.0481,36.2403,United States,4117
"Distrito Francisco Ramirez, Departamento Federal, Entre Rios, Argentina",-58.8,-30.95,Argentina,4118
"Rimini, Emilia-Romagna, Italia",12.5683,44.0594,Italy,4119
"Surigao del Norte, Caraga, Philippines",125.4958,9.7897,Philippines,4120
"Winona County, Minnesota, United States",-91.6684,44.0505,United States,4121
"Prescott and Russell Counties, Eastern Ontario, Ontario, Canada",-75.3583,45.2569,Canada,4122
"Regiao Geografica Intermediaria de Sobral, Ceara, Regiao Nordeste, Brasil",-40.1469,-3.1239,Brazil,4123
"Chambers County, Alabama, United States",-85.181,32.8088,United States,4124
"Bolivia, Ciego de Avila, Cuba",-78.3503,22.075,Cuba,4125
"Giron, Metropolitana, Santander, RAP Gran Santander, Colombia",-73.1681,7.0731,Colombia,4126
"Iloilo, Western Visayas, Philippines",122.6167,11.0667,Philippines,4127
"Somme, Hauts-de-France, France metropolitaine, France",2.6522,50.0019,France,4128
"Rizal, Calabarzon, Philippines",121.2289,14.4861,Philippines,4129
"Magadi taluku, Ramanagara District, Karnataka, India",77.23,12.97,India,4130
"중구, 서울, 대한민국",126.99,37.56,South Korea,4131
"Massa-Carrara, Toscana, Italia",10.1333,44.0333,Italy,4132
"Colombia, Las Tunas, Cuba",-77.4158,20.9906,Cuba,4133
"Jerome County, Idaho, United States",-114.5159,42.7179,United States,4134
Anguilla,-63.05,18.2167,Anguilla,4135
"Loiret, Centre-Val de Loire, France metropolitaine, France",1.909,47.9025,France,4136
"Москва, Центральный федеральный округ, Россия",37.6178,55.7558,Russia,4137
"County Clare, Munster, Eire / Ireland",-8.8686,52.7137,Ireland,4138
"Haut-Katanga, Republique democratique du Congo",26.7333,-10.9833,Congo,4139
"Stark County, North Dakota, United States",-102.7925,46.8918,United States,4140
"Советул орэшенеск Бендер / Бендерский городской совет / Бендерська міська рада, Municipiul Bender, Нистрения / Приднестровье / Придністров'я, Moldova",29.4833,46.8333,Moldova,4141
"Modena, Emilia-Romagna, Italia",10.9257,44.6458,Italy,4142
"Esmeralda, Camaguey, 72200, Cuba",-78.1114,21.8561,Cuba,4143
"Venezuela, Ciego de Avila, Cuba",-78.7792,21.7511,Cuba,4144
"Cuenca, Azuay, Ecuador",-78.9833,-2.95,Ecuador,4145
"Turbo, Uraba, Antioquia, RAP del Agua y la Montana, 057868, Colombia",-76.7333,8.1,Colombia,4146
"Saint Elizabeth, Cornwall County, Jamaica",-77.8509,18.0257,Jamaica,4147
"Pasco County, Florida, United States",-82.6582,28.1809,United States,4148
"Municipality of Bonanza, Region Autonoma de la Costa Caribe Norte, 72300, Nicaragua",-84.6211,14.0275,Nicaragua,4149
"Regiao Geografica Intermediaria de Varginha, Minas Gerais, Regiao Sudeste, Brasil",-46.9219,-20.5828,Brazil,4150
"Nipissing District, Northeastern Ontario, Ontario, Canada",-79.45,46.3,Canada,4151
"Departamento Belgrano, Santa Fe, Argentina",-61.6,-32.7833,Argentina,4152
"Biliran, Eastern Visayas, Philippines",124.45,11.5833,Philippines,4153
"Crawford County, Ohio, United States",-82.9719,40.8054,United States,4154
"Les Moulins, Lanaudiere, Quebec, Canada",-73.7833,45.6833,Canada,4155
"Division No. 2, Alberta, Canada",-111.8989,50.5642,Canada,4156
"Canton Santa Ana, Provincia San Jose, Costa Rica",-84.1926,9.9536,Costa Rica,4157
"Harrison County, Texas, United States",-94.3515,32.537,United States,4158
"Ingavi, La Paz, Bolivia",-68.3017,-16.6533,Bolivia,4159
"Lozere, Occitanie, France metropolitaine, France",3.5006,44.5183,France,4160
"Tərtər rayonu, Qarabag, 5900, Azərbaycan",46.9289,40.345,Azerbaijan,4161
"Jim Wells County, Texas, United States",-98.0653,27.7556,United States,4162
"Cuauhtemoc, Ciudad de Mexico, 06350, Mexico",-99.1333,19.4333,Mexico,4163
"Pachalik de Missour, Province de Boulemane إقليم بولمان, Fes-Meknes ⴼⴰⵙ-ⵎⴽⵏⴰⵙ فاس-مكناس, 33250, Maroc ⵍⵎⵖⵔⵉⴱ المغرب",-3.9833,33.05,Morocco,4164
"Lindi Municipal, Lindi, Coastal Zone, Tanzania",39.7144,-9.9969,Tanzania,4165
"Catania, Sicilia, Italia",15.0903,37.5,Italy,4166
"Caldwell County, Texas, United States",-97.6831,29.8785,United States,4167
"Bezirk Aarau, Aargau, Schweiz/Suisse/Svizzera/Svizra",8.05,47.4,Switzerland,4168
"Praia, Cabo Verde",-23.509,14.918,Cabo Verde,4169
"Victoria Daly Region, Northern Territory, Australia",131.833,-13.8231,Australia,4170
"Columbia County, Georgia, United States",-82.1351,33.5619,United States,4171
"Regiao Geografica Intermediaria de Criciuma, Santa Catarina, Regiao Sul, Brasil",-48.7808,-28.4828,Brazil,4172
"Mayari, Holguin, 83000, Cuba",-75.6781,20.6592,Cuba,4173
"白塔区, 辽阳市, 辽宁省, 111000, 中国",123.1772,41.2643,China,4174
"District de la Gruyere, Fribourg/Freiburg, Schweiz/Suisse/Svizzera/Svizra",7.05,46.6167,Switzerland,4175
"Mid-Coast Council, New South Wales, Australia",152.45,-31.9,Australia,4176
"West Coast District Municipality, Western Cape, South Africa",18.3833,-33.3833,South Africa,4177
"Regiao Geografica Intermediaria de Caxias do Sul, Rio Grande do Sul, Regiao Sul, Brasil",-51.5339,-29.2558,Brazil,4178
"Bayamo, Granma, Cuba",-76.6428,20.3817,Cuba,4179
"Энгельсский район, Саратовская область, Приволжский федеральный округ, Россия",46.1222,51.5017,Russia,4180
"Coron, Palawan, Mimaropa, 5316, Philippines",120.2,12,Philippines,4181
"Malay, Aklan, Western Visayas, 5608, Philippines",121.9094,11.8997,Philippines,4182
"Livingstone District, Southern Province, Zambia",25.8667,-17.85,Zambia,4183
"Manizales, Centrosur, Caldas, RAP del Agua y la Montana, Colombia",-75.55,5.1,Colombia,4184
"Nechi, Bajo Cauca, Antioquia, RAP del Agua y la Montana, Colombia",-74.7833,8.1,Colombia,4185
"Yarumal, Norte, Antioquia, RAP del Agua y la Montana, 052030, Colombia",-75.5,7,Colombia,4186
"Las Palmas, Canarias, Espana",-15.5726,27.9254,Spain,4187
"芙蓉区, 长沙市, 湖南省, 中国",112.9709,28.1987,China,4188
"Haveli tehsil, Poonch District, Jammu and Kashmir, 185101, India",74.0925,33.7703,India,4189
"Menorca, Illes Balears, Espana",4.2642,39.8894,Spain,4190
"Martigny, Valais/Wallis, Schweiz/Suisse/Svizzera/Svizra",7.1167,46.1333,Switzerland,4191
"Cavite City, Cavite, Calabarzon, Philippines",120.8958,14.4828,Philippines,4192
"Chima, Bajo Sinu, Cordoba, RAP Caribe, Colombia",-75.6333,9.15,Colombia,4193
"Lincoln County, Wisconsin, United States",-89.6994,45.182,United States,4194
"Municipio de Veracruz, Veracruz, Mexico",-96.1533,19.1903,Mexico,4195
"St. John the Baptist Parish, Louisiana, United States",-90.5557,30.0741,United States,4196
"Philadelphia, Pennsylvania, 19140, United States",-75.1339,40.0077,United States,4197
"قضاء الموصل, محافظة نینوى, العراق",43.13,36.34,Iraq,4198
"Garoth Tahsil, Mandsaur District, Madhya Pradesh, 458880, India",75.8061,24.2433,India,4199
"Garcia, Nuevo Leon, Mexico",-100.5833,25.8167,Mexico,4200
"Townsville City, Queensland, Australia",146.8167,-19.25,Australia,4201
"Cagayan, Cagayan Valley, Philippines",121.6914,17.6522,Philippines,4202
"Regiao Geografica Intermediaria de Teofilo Otoni, Minas Gerais, Regiao Sudeste, Brasil",-41.0028,-16.4339,Brazil,4203
"Regiao Geografica Intermediaria de Joinville, Santa Catarina, Regiao Sul, Brasil",-49.0728,-26.4128,Brazil,4204
"قەزای کەلار, پارێزگای سلێمانی, هەرێمی کوردستان, العراق",45.3222,34.6292,Iraq,4205
"神奈川県, 日本",139.6381,35.4442,Japan,4206
"Andrews County, Texas, 79714, United States",-102.552,32.3207,United States,4207
"San Benito County, California, United States",-121.3986,36.8555,United States,4208
"Carroll County, Iowa, United States",-94.8646,42.0699,United States,4209
"Forbes Shire Council, New South Wales, 2871, Australia",148.0011,-33.3817,Australia,4210
"Matawinie, Lanaudiere, Quebec, Canada",-73.7167,46.05,Canada,4211
"Komuna e Klines / Opstina Klina, 32000, Kosove",20.5667,42.6167,Kosovo,4212
"東京都, 日本",139.6922,35.6897,Japan,4213
"Orillia, Central Ontario, Ontario, Canada",-79.4167,44.6,Canada,4214
"Ponda, South Goa District, Goa, India",73.9813,15.4082,India,4215
"Trujillo, Colon, 32101, Honduras",-85.9533,15.9186,Honduras,4216
"Indian River County, Florida, United States",-80.4819,27.7822,United States,4217
"Commonwealth-B, Grand Bassa County, 4000, Liberia",-10.0467,5.8808,Liberia,4218
"Banana Shire, Queensland, Australia",150.0833,-24.95,Australia,4219
"Central Highlands Regional, Queensland, Australia",148.1619,-23.5208,Australia,4220
"Leyte, Leyte 3rd District, Leyte, Eastern Visayas, 6533, Philippines",124.4833,11.3667,Philippines,4221
"京都府, 日本",135.7683,35.0117,Japan,4222
"Watauga County, North Carolina, United States",-81.6669,36.2111,United States,4223
"Municipiul Balti, Moldova",27.9167,47.7667,Moldova,4224
"兵庫県, 日本",135.4,34.7333,Japan,4225
"岐阜県, 中部地方, 日本",137.1862,36.2381,Japan,4226
"Tegal, Jawa Tengah, Jawa, Indonesia",109.1333,-6.8667,Indonesia,4227
"مديرية صنعاء القديمة, أمانة العاصمة, اليمن",44.2064,15.3483,Yemen,4228
"Dendermonde, Oost-Vlaanderen, Vlaanderen, Belgie / Belgique / Belgien",4.1333,51.0833,Belgium,4229
"Municipio Simon Rodriguez, Anzoategui, 6050, Venezuela",-64.2611,8.8858,Venezuela,4230
"Landkreis Regen, Bayern, Deutschland",13.1333,48.9667,Germany,4231
Chile,-70.3167,-18.4667,Chile,4232
"Municipio de Zacapa, Zacapa, 19001, Guatemala",-89.5333,14.9667,Guatemala,4233
"Materi, Atakora, Benin",1.0633,10.6978,Benin,4234
"大阪府, 日本",135.5022,34.6939,Japan,4235
"新潟県, 中部地方, 日本",139.0364,37.9161,Japan,4236
"Alfonso, Cavite, Calabarzon, 4123, Philippines",120.8552,14.1379,Philippines,4237
"Yangon, ရန်ကုန်တိုင်းဒေသကြီး, မြန်မာ",96.16,16.795,Myanmar,4238
"منطقة أ, הגדה המערבית, Palestinian Territory",35.3,32.4611,Palestine,4239
"任城区, 济宁市, 山东省, 中国",116.5667,35.4,China,4240
"Bante, Collines, Benin",1.8833,8.4167,Benin,4241
"Carolina, Puerto Rico, United States",-65.9792,18.4054,Puerto Rico,4242
"Toluca, Mexico",-99.6569,19.2925,Mexico,4243
"MacArthur, Leyte 2nd District, Leyte, Eastern Visayas, 6509, Philippines",124.9964,10.8356,Philippines,4244
"Cote-d'Or, Bourgogne-Franche-Comte, France metropolitaine, France",5.0167,47.3167,France,4245
"Provincia de Talca, Region del Maule, Chile",-71.7,-35.5333,Chile,4246
"Columbia County, Arkansas, United States",-93.2261,33.2775,United States,4247
"Berhampore, Murshidabad District, West Bengal, India",88.2864,24.1025,India,4248
"Les Collines-de-l'Outaouais, Quebec, Canada",-75.7833,45.5667,Canada,4249
"Maria, Siquijor, Central Visayas, 6229, Philippines",123.655,9.196,Philippines,4250
"Bajo Baudo (Pizarro), Pacifico Sur, Choco, RAP Pacifico, Colombia",-77.3667,4.95,Colombia,4251
"熊本県, 日本",130.5594,32.9281,Japan,4252
"甘南县, 齐齐哈尔市, 黑龙江省, 161000, 中国",123.4978,47.9117,China,4253
"Umatilla County, Oregon, United States",-118.8201,45.6757,United States,4254
"Fatwah, Patna District, Bihar, 803201, India",85.305,25.5096,India,4255
"Keffa, የደቡብ ምዕራብ ኢትዮጵያ ህዝቦች ክልል / South West Ethiopia Peoples' Region, ኢትዮጵያ",36.2333,7.2667,Ethiopia,4256
"Municipio de Piedras Negras, Coahuila, Mexico",-100.5231,28.7,Mexico,4257
"Baler, Aurora, Central Luzon, 3200, Philippines",121.5625,15.7583,Philippines,4258
"Departamento Rawson, Chubut, Argentina",-65.1,-43.3,Argentina,4259
"Landkreis Darmstadt-Dieburg, Hessen, Deutschland",8.5639,49.8639,Germany,4260
"Gidderbaha Tahsil, Sri Muktsar Sahib District, Punjab, India",74.7365,30.4015,India,4261
Liberia,-7.7167,4.3667,Liberia,4262
"Nuwara Eliya District, Central Province, ශ්‍රී ලංකාව இலங்கை",80.5981,6.8897,Sri Lanka,4263
"Владивостокский городской округ, Приморский край, Дальневосточный федеральный округ, Россия",131.9,43.1333,Russia,4264
"Regiao Geografica Intermediaria de Boa Vista, Roraima, Regiao Norte, Brasil",-59.6228,3.8808,Brazil,4265
"Division No. 6, Saskatchewan, Canada",-104.6067,50.4547,Canada,4266
"Краматорський район, Донецька область, Україна",37.8111,48.9853,Ukraine,4267
"Effingham County, Georgia, United States",-81.2353,32.2947,United States,4268
"Nyanza, Amajvepfo, Rwanda",29.7333,-2.35,Rwanda,4269
"Charente-Maritime, Nouvelle-Aquitaine, France metropolitaine, France",-0.6333,45.7464,France,4270
"Meuse, Grand Est, France metropolitaine, France",5.3828,49.1597,France,4271
"Departement de Thies, Region de Thies, Senegal",-16.9167,14.7833,Senegal,4272
"Jordan, Guimaras, Western Visayas, 5045, Philippines",122.6,10.6,Philippines,4273
"Clare and Gilbert Valleys Council, South Australia, Australia",138.6,-33.8333,Australia,4274
"Trinidad, Sancti Spiritus, Cuba",-79.9831,21.8042,Cuba,4275
"Conner, Apayao, Cordillera Administrative Region, Philippines",121.2889,17.8086,Philippines,4276
"South Gloucestershire, West of England, England, United Kingdom",-2.574,51.51,United Kingdom,4277
"Марксовский район, Саратовская область, Приволжский федеральный округ, Россия",46.75,51.7167,Russia,4278
"Scurry County, Texas, United States",-100.9116,32.7133,United States,4279
"Satar Kataiya, Saharsa District, Bihar, 852124, India",86.5828,25.955,India,4280
"Ragusa, Sicilia, Italia",14.7614,36.8672,Italy,4281
"Риддер қалалық әкімдігі, Шығыс Қазақстан облысы, Қазақстан",83.5167,50.35,Kazakhstan,4282
"Rankin County, Mississippi, United States",-90.0918,32.273,United States,4283
"Municipio Sucre, Miranda, Venezuela",-66.8167,10.4833,Venezuela,4284
"بخش مرکزی, شهرستان نمین, استان اردبیل, ایران",48.4839,38.4256,Iran,4285
"Cuneo, Piemonte, Italia",7.55,44.3833,Italy,4286
"Dickson County, Middle Tennessee, Tennessee, United States",-87.3665,36.0637,United States,4287
"Junin, 12741, Peru",-75.9833,-11.15,Peru,4288
"Tumbes, Peru",-80.4597,-3.5708,Peru,4289
"Fomento, Sancti Spiritus, Cuba",-79.7203,22.1053,Cuba,4290
"Zimapan, Hidalgo, 42345, Mexico",-99.3833,20.7333,Mexico,4291
"Quezon, Calabarzon, Philippines",122.2604,13.884,Philippines,4292
"Regiao Geografica Intermediaria de Teresina, Piaui, Regiao Nordeste, Brasil",-42.71,-3.8928,Brazil,4293
"Torun, wojewodztwo kujawsko-pomorskie, Polska",18.6111,53.0222,Poland,4294
"الحدائق, معتمدية باب بحر, ولاية تونس, 1017, تونس",10.1817,36.8064,Tunisia,4295
"Iron County, Utah, United States",-113.0956,37.6834,United States,4296
"Distrito Costa Grande, Departamento Diamante, Entre Rios, 3105, Argentina",-60.65,-32.0667,Argentina,4297
"Hasselt, Limburg, Vlaanderen, Belgie / Belgique / Belgien",5.2,50.9833,Belgium,4298
"Spalding County, Georgia, United States",-84.2748,33.2418,United States,4299
"Hermosa, Bataan, Central Luzon, 2111, Philippines",120.5,14.8333,Philippines,4300
"เขตพระนคร, กรุงเทพมหานคร, 10200, ประเทศไทย",100.4942,13.7525,Thailand,4301
"Horowhenua District, Manawatu-Whanganui, New Zealand / Aotearoa",175.2867,-40.6219,New Zealand,4302
"Roatan, Islas de la Bahia, Honduras",-86.537,16.323,Honduras,4303
"福島県, 日本",140.8877,37.0505,Japan,4304
"Pachalik de Tanger باشوية طنجة, Prefecture de Tanger-Assilah عمالة طنجة-أصيلة, Tanger-Tetouan-Al Hoceima ⵟⴰⵏⵊ-ⵟⵉⵜⴰⵡⵉⵏ-ⵍⵃⵓⵙⵉⵎⴰ طنجة تطوان الحسيمة, Maroc ⵍⵎⵖⵔⵉⴱ المغرب",-5.8039,35.7767,Morocco,4305
"городской округ Кузнецк, Пензенская область, Приволжский федеральный округ, Россия",46.6,53.1167,Russia,4306
"Municipio Moran, Lara, Venezuela",-69.7931,9.7822,Venezuela,4307
"Regiao Geografica Intermediaria de Cuiaba, Mato Grosso, Regiao Centro-Oeste, Brasil",-56.0969,-15.5958,Brazil,4308
"Regiao Geografica Intermediaria de Petropolis, Rio de Janeiro, Regiao Sudeste, Brasil",-42.6089,-21.9339,Brazil,4309
"Regiao Geografica Intermediaria de Salvador, Bahia, Regiao Nordeste, Brasil",-37.6108,-11.8139,Brazil,4310
"South Australia, Australia",137.6167,-33.9167,Australia,4311
"Пластовский район, Челябинская область, Уральский федеральный округ, Россия",60.8167,54.3833,Russia,4312
"Regiao Geografica Intermediaria de Porto Alegre, Rio Grande do Sul, Regiao Sul, Brasil",-51.3958,-30.6728,Brazil,4313
"東區 Eastern District, 香港島 Hong Kong Island, 香港 Hong Kong, 中国",114.2,22.3,Hong Kong,4314
"Cuernavaca, Morelos, Mexico",-99.2342,18.9186,Mexico,4315
"Beckham County, Oklahoma, United States",-99.4301,35.3862,United States,4316
"التعمير, معتمدية أريانة المدينة, ولاية أريانة, تونس",10.1956,36.8625,Tunisia,4317
"Berkeley County, South Carolina, United States",-80.0055,32.9927,United States,4318
"Maresme, Barcelona, Catalunya, Espana",2.2697,41.4831,Spain,4319
"Regiao Geografica Intermediaria de Sao Jose do Rio Preto, Sao Paulo, Regiao Sudeste, Brasil",-50.6428,-20.2458,Brazil,4320
"Monroe County, Florida, United States",-81.0374,24.7263,United States,4321
"Pantaleon Dalence, Oruro, Bolivia",-66.8383,-18.29,Bolivia,4322
"Lanao del Norte, Northern Mindanao, Philippines",123.7833,8.0333,Philippines,4323
"Orion, Bataan, Central Luzon, 2102, Philippines",120.5817,14.6206,Philippines,4324
"จังหวัดตรัง, ประเทศไทย",99.6103,7.5575,Thailand,4325
"Tehri, Tehri Garhwal District, Uttarakhand, India",78.48,30.38,India,4326
"Huancayo, Junin, Peru",-75.2167,-12.0667,Peru,4327
"Arrondissement Saint-Raphael, Departement du Nord, Ayiti",-72.2333,19.5333,Haiti,4328
"Nidwalden, Schweiz/Suisse/Svizzera/Svizra",8.35,46.95,Switzerland,4329
"Crawford County, Arkansas, United States",-94.3528,35.4483,United States,4330
"ناحية التل, منطقة التل, محافظة ريف دمشق, سوريا",36.2978,33.6422,Syria,4331
"Regiao Geografica Intermediaria de Campos dos Goytacazes, Rio de Janeiro, Regiao Sudeste, Brasil",-41.3239,-21.7539,Brazil,4332
"Matera, Basilicata, Italia",16.6,40.6667,Italy,4333
"Regiao Integrada de Desenvolvimento da Grande Teresina, Regiao Geografica Intermediaria de Teresina, Piaui, Regiao Nordeste, Brasil",-42.8369,-5.0939,Brazil,4334
"Meerut District, Uttar Pradesh, India",77.71,28.98,India,4335
"Warri South, Delta, Nigeria",5.75,5.5167,Nigeria,4336
"Bourke Shire Council, New South Wales, 2840, Australia",145.9333,-30.1,Australia,4337
"Regiao Geografica Intermediaria de Aracatuba, Sao Paulo, Regiao Sudeste, Brasil",-51.0397,-21.1683,Brazil,4338
"Santa Cruz de Yojoa, Cortes, Honduras",-87.95,15.2167,Honduras,4339
"Мачвански управни округ, Централна Србија, Србија",19.3667,44.3667,Serbia,4340
"Brazoria County, Texas, United States",-95.2938,29.3872,United States,4341
"Comayagua, Honduras",-87.6383,14.4522,Honduras,4342
"Provincia de Maipo, Region Metropolitana de Santiago, Chile",-70.75,-33.8167,Chile,4343
"Maramures, Romania",24.6631,47.6553,Romania,4344
"Chanchaga, Niger, 920101, Nigeria",6.5569,9.6139,Nigeria,4345
"Ravenna, Emilia-Romagna, Italia",12.0334,44.3764,Italy,4346
"Quan Ngo Quyen, Thanh pho Hai Phong, Viet Nam",106.6838,20.8651,Vietnam,4347
"Quan Hoan Kiem, Thanh pho Ha Noi, Viet Nam",105.8542,21.0283,Vietnam,4348
"Lamas, San Martin, 22170, Peru",-76.5333,-6.4167,Peru,4349
"Couva-Tabaquite-Talparo, Trinidad and Tobago",-61.4555,10.3405,Trinidad and Tobago,4350
"Ноҳияи Мастчоҳ, Вилояти Суғд, 735803, Тоҷикистон",69.3308,40.5217,Tajikistan,4351
"Costa del Sol Occidental, Malaga, Andalucia, Espana",-4.6333,36.6,Spain,4352
"Семей қала әкімшілігі, Абай облысы, Қазақстан",80.2667,50.4333,Kazakhstan,4353
"ضلع ملتان, ملتان ڈویژن, پنجاب, پاکستان",71.4697,30.1978,Pakistan,4354
"Атбасар ауданы, Ақмола облысы, Қазақстан",68.3333,51.8,Kazakhstan,4355
"Walmara, West Shewa, ኦሮሚያ ክልል / Oromia, ኢትዮጵያ",38.5,9.05,Ethiopia,4356
"Tarnow, wojewodztwo malopolskie, Polska",20.9886,50.0125,Poland,4357
"Var, Provence-Alpes-Cote d'Azur, France metropolitaine, France",5.9306,43.1258,France,4358
"Ferrara, Emilia-Romagna, Italia",11.8333,44.6153,Italy,4359
"بخش مرکزی شهرستان آبادان, شهرستان آبادان, استان خوزستان, ایران",48.3042,30.3392,Iran,4360
"Περιφερειακή Ενότητα Βοιωτίας, Περιφέρεια Στερεάς Ελλάδας, Αποκεντρωμένη Διοίκηση Θεσσαλίας - Στερεάς Ελλάδος, Ελλάς",23.3178,38.3208,Greece,4361
"Andraka, Bizkaia, Euskadi, 48620, Espana",-2.9236,43.2569,Spain,4362
"Dubois County, Indiana, United States",-86.9402,38.3933,United States,4363
"Περιφερειακή Ενότητα Χανίων, Περιφέρεια Κρήτης, Αποκεντρωμένη Διοίκηση Κρήτης, Ελλάς",24.0167,35.5167,Greece,4364
"Utenos miesto seniunija, Utenos rajono savivaldybe, Utenos apskritis, Lietuva",25.6,55.5,Lithuania,4365
"Barrow County, Georgia, United States",-83.7218,33.9917,United States,4366
"Bergueda, Barcelona, Catalunya, Espana",1.8456,42.1,Spain,4367
"Reforma, Chiapas, 29500, Mexico",-93.1472,17.8658,Mexico,4368
"Bages, Barcelona, Catalunya, Espana",1.8292,41.7264,Spain,4369
"Town of Hinton, Division No. 14, Alberta, Canada",-117.5639,53.4114,Canada,4370
"Lerma, Mexico",-99.5119,19.2847,Mexico,4371
"Regiao Geografica Intermediaria de Labrea, Amazonas, Regiao Norte, Brasil",-60.2699,-6.9838,Brazil,4372
"Distrito San Jose, Departamento Guaymallen, Mendoza, Argentina",-68.8167,-32.8833,Argentina,4373
"Ноҳияи Темурмалик, Вилояти Хатлон, Тоҷикистон",69.4333,38.1833,Tajikistan,4374
"Plunges miesto seniunija, Plunges rajono savivaldybe, Telsiu apskritis, Lietuva",21.85,55.9167,Lithuania,4375
"Siena, Toscana, Italia",11.3314,43.3183,Italy,4376
"Cole County, Missouri, United States",-92.1759,38.5676,United States,4377
"Alanda taluku, Kalaburagi District, Karnataka, India",76.5685,17.5642,India,4378
"Սևան, Սևանի տարածաշրջան, Գեղարքունիքի մարզ, Հայաստան",44.9536,40.555,Armenia,4379
"Castilla, Sorsogon, Bicol Region, 4713, Philippines",123.8764,12.9553,Philippines,4380
"Parkes Shire Council, New South Wales, Australia",148.176,-33.133,Australia,4381
"городской округ Томск, Томская область, Сибирский федеральный округ, Россия",84.9522,56.4886,Russia,4382
"Sivas Merkez, Sivas, Ic Anadolu Bolgesi, Turkiye",37.0167,39.75,Turkey,4383
"городской округ Оренбург, Оренбургская область, Приволжский федеральный округ, Россия",55.1,51.7667,Russia,4384
"Невьянский городской округ, Свердловская область, Уральский федеральный округ, Россия",60.2,57.4833,Russia,4385
"Artvin Merkez, Artvin, Karadeniz Bolgesi, 08000, Turkiye",41.8181,41.1833,Turkey,4386
"Николаевский район, Волгоградская область, Южный федеральный округ, Россия",45.45,50.0333,Russia,4387
"городской округ Ачинск, Красноярский край, Сибирский федеральный округ, Россия",90.5039,56.2817,Russia,4388
"городской округ Иркутск, Иркутская область, Сибирский федеральный округ, Россия",104.2833,52.2833,Russia,4389
"동구, 인천, 대한민국",126.6333,37.4833,South Korea,4390
"Mauricie, Quebec, Canada",-72.75,46.5667,Canada,4391
"Jokihat, Araria District, Bihar, India",87.543,26.157,India,4392
"District de Lavaux-Oron, Vaud, Schweiz/Suisse/Svizzera/Svizra",6.6667,46.5167,Switzerland,4393
"Division No. 15, Saskatchewan, Canada",-105.75,53.2,Canada,4394
"Nanded, Nanded District, Maharashtra, India",77.3,19.15,India,4395
"Brant County, Ontario, Canada",-80.3667,43.1167,Canada,4396
"Batie, Noumbiel, Sud-Ouest, Burkina Faso",-2.9167,9.8833,Burkina Faso,4397
"Provincia de Osorno, Region de Los Lagos, Chile",-73.1353,-40.5725,Chile,4398
"Kreis Pinneberg, Schleswig-Holstein, Deutschland",9.7,53.5833,Germany,4399
"Jawa Barat, Jawa, Indonesia",108.4858,-6.7544,Indonesia,4400
"Севернобанатски управни округ, Војводина, Србија",20.09,45.9314,Serbia,4401
"Perugia, Umbria, Italia",12.6175,43.0758,Italy,4402
"Randall County, Texas, United States",-101.919,34.9911,United States,4403
"Daman, Daman District, Dadra and Nagar Haveli and Daman and Diu, India",72.834,20.4169,India,4404
"Landkreis Aurich, Niedersachsen, Deutschland",7.2056,53.5967,Germany,4405
"市中区, 济南市, 山东省, 250000, 中国",116.9833,36.6667,China,4406
"Opstina Berane, 84300, Crna Gora / Црна Гора",19.86,42.84,Montenegro,4407
"Jarar, ሶማሌ ክልል / Somali, ኢትዮጵያ",44.15,8.2667,Ethiopia,4408
"Manito, Albay, Bicol Region, Philippines",123.8693,13.1235,Philippines,4409
"Cabrera, Maria Trinidad Sanchez, Republica Dominicana",-69.9,19.63,Dominican Republic,4410
"Anand Taluka, Anand District, Gujarat, India",72.951,22.556,India,4411
"Trieste, Friuli-Venezia Giulia, Italia",13.7703,45.6503,Italy,4412
"Chinu, Sabanas, Cordoba, RAP Caribe, Colombia",-75.3333,9.0833,Colombia,4413
"Mambere-Kadei, Centrafrique",15.87,4.94,Central African Republic,4414
"Cibola County, New Mexico, United States",-107.8335,35.1538,United States,4415
"Juticalpa, Olancho, 16101, Honduras",-86.2186,14.6664,Honduras,4416
"Pisco, Ica, Peru",-76.2,-13.7167,Peru,4417
"Ленский улус, Республика Саха (Якутия), Дальневосточный федеральный округ, Россия",112.5578,59.4515,Russia,4418
"Bilgram, Hardoi District, Uttar Pradesh, India",79.95,27.3,India,4419
"Barletta-Andria-Trani, Puglia, Italia",16.4167,41.2667,Italy,4420
"Singleton Council, New South Wales, 2330, Australia",151.1697,-32.5667,Australia,4421
"Daira Constantine, Constantine, Algerie ⵍⵣⵣⴰⵢⴻⵔ الجزائر",6.6147,36.365,Algeria,4422
"Craighead County, Arkansas, United States",-90.6791,35.8212,United States,4423
"Dorado, Puerto Rico, United States",-66.2726,18.4657,Puerto Rico,4424
"Περιφερειακή Ενότητα Χίου, Περιφέρεια Βόρειου Αιγαίου, Αποκεντρωμένη Διοίκηση Αιγαίου, Ελλάς",26.1375,38.3725,Greece,4425
"Apayao, Cordillera Administrative Region, Philippines",121.4186,18.2147,Philippines,4426
"Bryan County, Oklahoma, United States",-96.3923,33.9949,United States,4427
"Regiao Geografica Intermediaria de Luziania-Aguas Lindas de Goias, Goias, Regiao Centro-Oeste, Brasil",-46.3689,-14.0928,Brazil,4428
"Cumanayagua, Cienfuegos, 57600, Cuba",-80.2011,22.1522,Cuba,4429
"Gray County, Texas, United States",-100.9651,35.5479,United States,4430
"Partido de La Plata, Buenos Aires, Argentina",-57.9544,-34.9211,Argentina,4431
"Provincia de Los Andes, Region de Valparaiso, 2100000, Chile",-70.6167,-32.8333,Chile,4432
"Departamento de Morazan, El Salvador",-88.0167,13.7,El Salvador,4433
"Brookings County, South Dakota, United States",-96.7859,44.3022,United States,4434
"Ngazidja القمر الكبرى, Comores Komori جزر القمر",43.256,-11.699,Comoros,4435
"نيالا, جنوب دارفور, السودان",24.8833,12.05,Sudan,4436
"Pavia, Lombardia, Italia",8.75,45.25,Italy,4437
"Dr Ruth Segomotsi Mompati District Municipality, North West, South Africa",25.59,-27.65,South Africa,4438
"Macka, Trabzon, Karadeniz Bolgesi, 61750, Turkiye",39.6167,40.8167,Turkey,4439
"中頭郡, 沖縄県, 日本",127.7589,26.2228,Japan,4440
"نهر النيل, السودان",33.9933,18.0306,Sudan,4441
"Huenuetenango, Huehuetenango, Guatemala",-91.4761,15.3147,Guatemala,4442
"Province Sud, Nouvelle-Caledonie, France",166.458,-22.2758,New Caledonia,4443
"Banes, Holguin, Cuba",-75.7117,20.9697,Cuba,4444
"ሰሜን ጎንደር, አማራ ክልል / Amhara, 6200, ኢትዮጵያ",37.4592,12.6075,Ethiopia,4445
"Durham Region, Golden Horseshoe, Ontario, Canada",-79.089,43.8354,Canada,4446
"Reeves County, Texas, United States",-103.5201,31.3971,United States,4447
"Seward County, Kansas, United States",-100.9295,37.0466,United States,4448
"Kings County, California, United States",-119.6549,36.3274,United States,4449
"Canton Nicoya, Provincia Guanacaste, Costa Rica",-85.4431,10.1024,Costa Rica,4450
"Aisne, Hauts-de-France, France metropolitaine, France",3.3236,49.3817,France,4451
"محافظة مكة المكرمة, منطقة مكة المكرمة, السعودية",39.8233,21.4225,Saudi Arabia,4452
"Monclova, Coahuila, Mexico",-101.4222,26.9103,Mexico,4453
"Regiao Metropolitana da Grande Vitoria, Regiao Geografica Intermediaria de Vitoria, Espirito Santo, Regiao Sudeste, Brasil",-40.3083,-20.2889,Brazil,4454
"Rosita (Municipio), Region Autonoma de la Costa Caribe Norte, 72200, Nicaragua",-84.3989,13.9239,Nicaragua,4455
"Пелагониски СР, Северна Македонија",21.0109,41.0893,Macedonia,4456
"Thuin, Hainaut, Wallonie, Belgie / Belgique / Belgien",4.3167,50.05,Belgium,4457
"Wayne County, Ohio, United States",-81.9336,40.8172,United States,4458
"נפת ירושלים, מחוז ירושלים, ישראל",35.2066,31.7784,Israel,4459
"Regiao Geografica Intermediaria de Ilheus-Itabuna, Bahia, Regiao Nordeste, Brasil",-38.8828,-15.8628,Brazil,4460
"Defiance County, Ohio, United States",-84.3657,41.2813,United States,4461
"Pereira, AMCO, Area Metropolitana Centro Occidente, Risaralda, RAP Eje Cafetero, Colombia",-75.6946,4.8143,Colombia,4462
"北葛城郡, 奈良県, 日本",135.7367,34.5783,Japan,4463
"Cananea, Sonora, 84620, Mexico",-110.3006,30.9819,Mexico,4464
"Regiao Geografica Intermediaria de Caceres, Mato Grosso, Regiao Centro-Oeste, Brasil",-59.7941,-13.6593,Brazil,4465
"Regiao Geografica Intermediaria de Uberaba, Minas Gerais, Regiao Sudeste, Brasil",-46.9408,-19.5928,Brazil,4466
"Zipaquira, Sabana Centro, Cundinamarca, RAP (Especial) Central, Colombia",-74,5.0333,Colombia,4467
"Очёрский городской округ, Пермский край, Приволжский федеральный округ, Россия",54.7333,57.8833,Russia,4468
"София-град, България",23.33,42.7,Bulgaria,4469
"Soignies, Hainaut, Wallonie, Belgie / Belgique / Belgien",4.2333,50.5,Belgium,4470
"Canton Liberia, Provincia Guanacaste, Costa Rica",-85.4333,10.6333,Costa Rica,4471
"Whitsunday Regional, Queensland, Australia",148.2416,-20.0102,Australia,4472
"長崎県, 日本",129.8736,32.7447,Japan,4473
"南岗区, 哈尔滨市, 黑龙江省, 150000, 中国",126.6333,45.75,China,4474
"Regiao Geografica Intermediaria de Iguatu, Ceara, Regiao Nordeste, Brasil",-39.0619,-6.6069,Brazil,4475
"Lemba, Sao Tome e Principe",6.5517,0.3592,Sao Tome and Principe,4476
"Salamina, Norte, Caldas, RAP del Agua y la Montana, Colombia",-75.45,5.3,Colombia,4477
"Raver, Jalgaon District, Maharashtra, India",76.0333,21.2431,India,4478
"Goodhue County, Minnesota, United States",-92.6036,44.5817,United States,4479
"Varese, Lombardia, Italia",8.8333,45.8167,Italy,4480
"宮崎県, 日本",131.4,32.1167,Japan,4481
"el Camp de Morvedre, Valencia / Valencia, Comunitat Valenciana, Espana",-0.2733,39.6764,Spain,4482
"la Selva, Girona, Catalunya, Espana",2.7921,41.674,Spain,4483
"Orange County, Texas, United States",-93.9967,30.1291,United States,4484
"Bezirk Rheinfelden, Aargau, Schweiz/Suisse/Svizzera/Svizra",7.8458,47.5583,Switzerland,4485
"Gifhorn, Niedersachsen, Deutschland",10.5333,52.3833,Germany,4486
"Clay County, Florida, United States",-81.7674,30.1356,United States,4487
"Noord-Brabant, Nederland",5.7333,51.7667,Netherlands,4488
"Indre-et-Loire, Centre-Val de Loire, France metropolitaine, France",0.6892,47.3936,France,4489
"Bharatpur - II, Murshidabad District, West Bengal, India",88.1026,23.7748,India,4490
"Regiao Geografica Intermediaria de Montes Claros, Minas Gerais, Regiao Sudeste, Brasil",-42.8103,-14.9081,Brazil,4491
"Մասիս, Մասիս համայնք, Արարատի մարզ, Հայաստան",44.4408,40.0633,Armenia,4492
"Guisa, Granma, 88200, Cuba",-76.5381,20.2608,Cuba,4493
"Antilla, Holguin, 82400, Cuba",-75.7206,20.8411,Cuba,4494
"Oostende, West-Vlaanderen, Vlaanderen, Belgie / Belgique / Belgien",2.9194,51.2258,Belgium,4495
"Ardennes, Grand Est, France metropolitaine, France",4.9403,49.7019,France,4496
"городской округ Симферополь, Автономна Республіка Крим, Україна",34.1,44.9484,Ukraine,4497
"金平区, 汕头市, 广东省, 中国",116.6941,23.3735,China,4498
"Mukim Seria, Belait, Brunei",114.3302,4.6141,Brunei,4499
"Нерчинский район, Забайкальский край, Дальневосточный федеральный округ, Россия",116.5556,51.9944,Russia,4500
"Buffalo County, Nebraska, United States",-99.0833,40.7011,United States,4501
"Howell County, Missouri, United States",-91.868,36.7377,United States,4502
"Barron County, Wisconsin, United States",-91.7447,45.4864,United States,4503
"Regiao Geografica Intermediaria de Santo Antonio de Jesus, Bahia, Regiao Nordeste, Brasil",-39.605,-13.03,Brazil,4504
"Departamento Iguazu, Misiones, Argentina",-54.5833,-25.9667,Argentina,4505
"El Collao, Puno, Peru",-69.6383,-16.0836,Peru,4506
"Municipio Junin, Tachira, 5030, Venezuela",-72.35,7.7,Venezuela,4507
"Daira Sidi M'Hamed, Alger, Algerie ⵍⵣⵣⴰⵢⴻⵔ الجزائر",3.0589,36.7539,Algeria,4508
"Cidade da Beira, Sofala, 2100, Mocambique",34.85,-19.8333,Mozambique,4509
"Qarku i Tiranes, Shqiperia Qendrore, Shqiperia",19.8178,41.3289,Albania,4510
"Бургас, България",27.4702,42.503,Bulgaria,4511
"بخش مرکزی شهرستان تبریز, شهرستان تبریز, استان آذربایجان شرقی, ایران",46.3006,38.0814,Iran,4512
"Amberg, Bayern, 92224, Deutschland",11.8483,49.4444,Germany,4513
"Mella, Santiago de Cuba, Cuba",-75.9111,20.3694,Cuba,4514
"Regiao Geografica Intermediaria de Cascavel, Parana, Regiao Sul, Brasil",-53.4728,-25.915,Brazil,4515
"Municipio de Delgado, Departamento de San Salvador, 1118, El Salvador",-89.1667,13.7167,El Salvador,4516
"Mayenne, Pays de la Loire, France metropolitaine, France",-0.6136,48.3031,France,4517
"Bauchi, 740102, Nigeria",9.8442,10.3158,Nigeria,4518
"Haute-Savoie, Auvergne-Rhone-Alpes, France metropolitaine, France",6.2075,46.185,France,4519
"Gage County, Nebraska, United States",-96.7455,40.2736,United States,4520
"宜良县, 昆明市, 云南省, 中国",103.113,24.5738,China,4521
"National Capital District, Southern Region, 121, Papua Niugini",147.14940000000001,-9.4789,Papua New Guinea,4522
"городской округ Пенза, Пензенская область, Приволжский федеральный округ, Россия",45,53.2,Russia,4523
"Regiao Geografica Intermediaria de Guanambi, Bahia, Regiao Nordeste, Brasil",-43.7739,-14.3358,Brazil,4524
Ghana,-1.704,4.9433,Ghana,4525
"Regiao Geografica Intermediaria de Vitoria da Conquista, Bahia, Regiao Nordeste, Brasil",-40.91,-14.3378,Brazil,4526
"Aldama, Chihuahua, Mexico",-105.9111,28.8386,Mexico,4527
"Nahan, Sirmaur District, Himachal Pradesh, India",77.3,30.55,India,4528
"Bello, Valle de Aburra, Antioquia, RAP del Agua y la Montana, Colombia",-75.5667,6.3333,Colombia,4529
"Mendocino County, California, United States",-123.2105,39.1464,United States,4530
"Antonio dos Santos, Regiao Geografica Intermediaria de Belo Horizonte, Minas Gerais, Regiao Sudeste, Brasil",-43.2269,-19.6189,Brazil,4531
"ناحية جبل سمعان, منطقة جبل سمعان, محافظة حلب, سوريا",37.16,36.2,Syria,4532
"городской округ Вологда, Вологодская область, Северо-Западный федеральный округ, Россия",39.9,59.2167,Russia,4533
"городской округ Таганрог, Ростовская область, Южный федеральный округ, Россия",38.9167,47.2167,Russia,4534
"Benguela, Angola",13.4167,-12.55,Angola,4535
"မန္တလေးတိုင်း, မြန်မာ",96.0844,21.9831,Myanmar,4536
"Hoskins District, West New Britain, Islands Region, Papua Niugini",150.41,-5.4746,Papua New Guinea,4537
"Isla de la Juventud, Cuba",-82.8011,21.8847,Cuba,4538
"Campbelltown City Council, New South Wales, Australia",150.8261,-34.0733,Australia,4539
"Quillacollo, Cochabamba, Bolivia",-66.3,-17.3833,Bolivia,4540
"绿园区, 长春市, 吉林省, 130000, 中国",125.2,43.9,China,4541
"Barrie, Central Ontario, Ontario, Canada",-79.6769,44.3711,Canada,4542
"Осташковский городской округ, Тверская область, Центральный федеральный округ, Россия",33.1,57.15,Russia,4543
"Plato, Magdalena, RAP Caribe, Colombia",-74.7872,9.7919,Colombia,4544
"Belitung Timur, Kepulauan Bangka Belitung, Sumatera, Indonesia",108.27,-2.89,Indonesia,4545
"Comuna Centro, Rivadavia, San Juan, Argentina",-68.5947,-31.5303,Argentina,4546
"Nacogdoches County, Texas, United States",-94.6528,31.6134,United States,4547
"Bingham County, Idaho, United States",-112.3454,43.194,United States,4548
"Regiao Metropolitana de Campinas, Regiao Geografica Intermediaria de Campinas, Sao Paulo, Regiao Sudeste, Brasil",-47.3311,-22.7386,Brazil,4549
"Zone 3, አፋር ክልል / Afar, ኢትዮጵያ",40.1667,8.9944,Ethiopia,4550
"ရှမ်းပြည်နယ်မြောက်ပိုင်း, ရှမ်းပြည်နယ်, မြန်မာ",97.4011,23.0925,Myanmar,4551
"Loire-Atlantique, Pays de la Loire, France metropolitaine, France",-1.5528,47.2181,France,4552
"Cloncurry Shire, Queensland, 4824, Australia",140.5052,-20.7047,Australia,4553
"District de Nyon, Vaud, Schweiz/Suisse/Svizzera/Svizra",6.27,46.42,Switzerland,4554
"Түркістан Қ.А., Түркістан облысы, 161200, Қазақстан",68.2692,43.3019,Kazakhstan,4555
"Jackson County, Oklahoma, United States",-99.3061,34.6565,United States,4556
"Murra (Municipio), Nueva Segovia, 38900, Nicaragua",-86.0172,13.7592,Nicaragua,4557
"البحيرة, مصر",30.4164,31.4044,Egypt,4558
"Provincia Inquisivi, La Paz, Bolivia",-67.2167,-16.9817,Bolivia,4559
"Simiti, Magdalena Medio, Bolivar, RAP Caribe, Colombia",-73.95,7.9667,Colombia,4560
"Departamento General Guemes, Chaco, Argentina",-60.6167,-25.95,Argentina,4561
"Municipio Puerto Cabello, Carabobo, 2050, Venezuela",-68.0167,10.4667,Venezuela,4562
"Lecco, Lombardia, Italia",9.4333,45.7,Italy,4563
"Fryslan, Nederland",5.7833,52.9667,Netherlands,4564
"Canadian County, Oklahoma, United States",-97.7639,35.5201,United States,4565
"San Raymundo, Departamento de Guatemala, Guatemala",-90.5956,14.7647,Guatemala,4566
"North Coast Regional District, British Columbia, Canada",-130.3271,54.3122,Canada,4567
"La Haute-Yamaska, Estrie, Quebec, Canada",-72.7333,45.4,Canada,4568
"Kafue District, Lusaka Province, Zambia",28.1833,-15.7667,Zambia,4569
"Regiao Geografica Intermediaria de Juazeiro do Norte, Ceara, Regiao Nordeste, Brasil",-40.4606,-7.2839,Brazil,4570
"Slough, England, United Kingdom",-0.5881,51.5084,United Kingdom,4571
"Artuklu, Mardin, Guneydogu Anadolu Bolgesi, Turkiye",40.735,37.3131,Turkey,4572
"Magrahat - II, South 24 Parganas District, West Bengal, India",88.4053,22.2847,India,4573
"Barahona, Republica Dominicana",-71.1,18.2,Dominican Republic,4574
"Malaga-Costa del Sol, Malaga, Andalucia, Espana",-4.42,36.7194,Spain,4575
"愛知県, 中部地方, 日本",137.0667,34.8333,Japan,4576
"Ilala Municipal, Dar es Salaam, Coastal Zone, Tanzania",39.2803,-6.8161,Tanzania,4577
"Matadi, Kongo-Central, Republique democratique du Congo",13.4833,-5.8167,Congo,4578
"Mvita, Mombasa, Coastal Kenya, 80100, Kenya",39.6667,-4.05,Kenya,4579
"Poto-Poto (arrondissement 3), Brazzaville (commune), Brazzaville, Congo",15.2714,-4.2694,Congo,4580
"City of Burnie, Tasmania, 7320, Australia",145.8753,-41.0636,Australia,4581
"Town of Katherine, Northern Territory, 0850, Australia",132.2667,-14.4667,Australia,4582
"נפת חיפה, מחוז חיפה, ישראל",34.9992,32.8192,Israel,4583
"Terni, Umbria, Italia",12.6414,42.5619,Italy,4584
"Landkreis Neu-Ulm, Bayern, Deutschland",10.0667,48.3167,Germany,4585
"Division No. 13, Manitoba, Canada",-96.8839,50.1436,Canada,4586
"Jammu, Jammu District, Jammu and Kashmir, India",74.87,32.73,India,4587
"West Lothian, Alba / Scotland, United Kingdom",-3.471,55.934,United Kingdom,4588
"Noord, Para, Suriname",-55.1939,5.5931,Suriname,4589
"La Dorada, Magdalena Caldense, Caldas, RAP del Agua y la Montana, Colombia",-74.6647,5.4538,Colombia,4590
"Departamento La Paz, Catamarca, K5264, Argentina",-65.0667,-29.2667,Argentina,4591
"Medicine Hat, Alberta, Canada",-110.6775,50.0417,Canada,4592
"Shivamogga taluk, Shimoga District, Karnataka, India",75.5667,13.9333,India,4593
"Chinsurah - Magra, Hooghly District, West Bengal, India",88.3967,22.9089,India,4594
"Padang, Sumatera Barat, Sumatera, Indonesia",100.3531,-0.95,Indonesia,4595
"Bellary taluk, Ballari District, Karnataka, India",76.9167,15.1,India,4596
"Златоустовский городской округ, Челябинская область, Уральский федеральный округ, Россия",59.6667,55.1667,Russia,4597
"Central Business District, Westlands, Nairobi, Kenya",36.8172,-1.2864,Kenya,4598
"Wichita County, Texas, United States",-98.5672,34.0746,United States,4599
"Saipan Municipality, Northern Mariana Islands, 96950, United States",145.7546,15.2137,Northern Mariana Islands,4600
"Waikato, New Zealand / Aotearoa",175.5375,-37.1383,New Zealand,4601
"Петровский район, Саратовская область, Приволжский федеральный округ, Россия",45.3833,52.3167,Russia,4602
"Туапсинский район, Краснодарский край, Южный федеральный округ, Россия",39.0772,44.1044,Russia,4603
"городской округ Ухта, Республика Коми, Северо-Западный федеральный округ, Россия",53.7,63.5667,Russia,4604
"городской округ Владикавказ, Северная Осетия - Алания, Северо-Кавказский федеральный округ, Россия",44.6775,43.04,Russia,4605
"городской округ Астрахань, Астраханская область, Южный федеральный округ, Россия",48.035,46.35,Russia,4606
"Salvador Alvarado, Sinaloa, Mexico",-108.0794,25.4639,Mexico,4607
"Guera قيرا, Tchad تشاد",18.7,12.1837,Chad,4608
"Zeeland, Nederland",4.05,51.2833,Netherlands,4609
"городской округ Красноярск, Красноярский край, Сибирский федеральный округ, Россия",92.8719,56.0089,Russia,4610
"Minatitlan, Veracruz, Mexico",-94.55,17.9833,Mexico,4611
"Anamur, Mersin, Akdeniz Bolgesi, Turkiye",32.8026,36.0243,Turkey,4612
"Rio Blanco (Municipio), Matagalpa, 63200, Nicaragua",-85.2244,12.9325,Nicaragua,4613
"Angelina County, Texas, United States",-94.7277,31.3217,United States,4614
"Zambezi District, North-Western Province, Zambia",23.1167,-13.55,Zambia,4615
"County Galway, Connacht, Eire / Ireland",-9.0489,53.2719,Ireland,4616
"Kathua, Kathua District, Jammu and Kashmir, India",75.4344,32.346,India,4617
"Val-d'Oise, Ile-de-France, France metropolitaine, France",2.25,48.95,France,4618
"Eau Claire County, Wisconsin, United States",-91.4948,44.8197,United States,4619
"городской округ Минусинск, Красноярский край, Сибирский федеральный округ, Россия",91.6833,53.7,Russia,4620
"городской округ Рязань, Рязанская область, Центральный федеральный округ, Россия",39.7425,54.63,Russia,4621
"Departamento Confluencia, Neuquen, Argentina",-68.0642,-38.9525,Argentina,4622
"Municipio de Agua Prieta, Sonora, Mexico",-109.5489,31.3258,Mexico,4623
"San Antonio de Guerra, Santo Domingo, Republica Dominicana",-69.7,18.55,Dominican Republic,4624
"Colonia, Uruguay",-58.2833,-34,Uruguay,4625
"Warren County, Kentucky, United States",-86.4378,36.9716,United States,4626
"Serrania de Ronda, Malaga, Andalucia, Espana",-5.1647,36.7372,Spain,4627
"Albania, La Guajira, RAP Caribe, Colombia",-72.5856,11.1597,Colombia,4628
"Palembang, Sumatera Selatan, Sumatera, Indonesia",104.7556,-2.9861,Indonesia,4629
"Choix, Sinaloa, 81700, Mexico",-108.3219,26.7061,Mexico,4630
"San Pascual, Batangas, Calabarzon, 4204, Philippines",121.0333,13.8,Philippines,4631
"Cerro Azul, Veracruz, Mexico",-97.7331,21.2,Mexico,4632
"قضاء كفري, محافظة ديالى, العراق",44.9667,34.6833,Iraq,4633
"Bagtyyarlyk etraby, Asgabat, Turkmenistan",58.21,38.0517,Turkmenistan,4634
"بخش مرکزی کرمانشاه, شهرستان کرمانشاه, استان کرمانشاه, ایران",47.065,34.3142,Iran,4635
"محافظة بيروت, لبنان",35.5131,33.8869,Lebanon,4636
"Boyovut Tumani, Sirdaryo Viloyati, O'zbekiston",69.1344,40.2269,Uzbekistan,4637
"بخش مرکزی, شهرستان اردبیل, استان اردبیل, ایران",48.29,38.2425,Iran,4638
"Regiao Geografica Intermediaria de Imperatriz, Maranhao, Regiao Nordeste, Brasil",-46.0358,-7.5328,Brazil,4639
"图们市, 延边朝鲜族自治州/연변조선족자치주, 吉林省, 中国",129.8413,42.9627,China,4640
"秋田県, 日本",140.1026,39.72,Japan,4641
"San Rafael La Independencia, Huehuetenango, 13017, Guatemala",-91.4586,15.7333,Guatemala,4642
"Iles du Vent, Polynesie Francaise, France",-149.5667,-17.5334,French Polynesia,4643
"Badoda Tahsil, Sheopur District, Madhya Pradesh, India",76.65,25.5,India,4644
"городской округ Курск, Курская область, Центральный федеральный округ, 305000, Россия",36.1833,51.7167,Russia,4645
"Isabel, Leyte 4th District, Leyte, Eastern Visayas, 6539, Philippines",124.43,10.93,Philippines,4646
"Huancavelica, Peru",-74.9756,-12.7864,Peru,4647
"Turbaco, Dique, Bolivar, RAP Caribe, Colombia",-75.3333,10.35,Colombia,4648
"Girardot, Alto Magdalena, Cundinamarca, RAP (Especial) Central, Colombia",-74.8017,4.305,Colombia,4649
"pachalik de Tahla, Province de Taza إقليم تازة, Fes-Meknes ⴼⴰⵙ-ⵎⴽⵏⴰⵙ فاس-مكناس, Maroc ⵍⵎⵖⵔⵉⴱ المغرب",-4.42,34.05,Morocco,4650
"سنار, السودان",33.9333,13.15,Sudan,4651
"Regiao Geografica Intermediaria de Irece, Bahia, Regiao Nordeste, Brasil",-43.1419,-11.0889,Brazil,4652
"Kombo North/Saint Mary, Brikama, West Coast, Gambia",-16.6833,13.4833,Gambia,4653
"Mjini, Unguja Mjini Magharibi, Zanzibar زنجبار, Tanzania",39.199,-6.165,Tanzania,4654
"Kreis Herford, Nordrhein-Westfalen, Deutschland",8.5667,52.1333,Germany,4655
"городской округ Тобольск, Тюменская область, Уральский федеральный округ, Россия",68.2581,58.1953,Russia,4656
"Пиротски управни округ, Централна Србија, Србија",22.3067,43.2178,Serbia,4657
"Колубарски управни округ, Централна Србија, Србија",19.8833,44.2667,Serbia,4658
"Рашки управни округ, Централна Србија, Србија",20.687,43.7234,Serbia,4659
"Борски управни округ, Централна Србија, Србија",21.9333,44.4167,Serbia,4660
"Provincia Angel Sandoval, Santa Cruz, Bolivia",-58.4053,-16.3611,Bolivia,4661
"General San Martin, Salta, Argentina",-64.1,-23.2167,Argentina,4662
"Roussillon, Monteregie, Quebec, Canada",-73.75,45.32,Canada,4663
"Regiao Geografica Intermediaria de Ponta Grossa, Parana, Regiao Sul, Brasil",-50.8508,-24.65,Brazil,4664
"Moxico, Angola",19.9062,-11.7918,Angola,4665
"福井県, 中部地方, 日本",136.2196,36.0641,Japan,4666
"茨城県, 日本",140.6515,36.5991,Japan,4667
"Aquitania, Sagamuxi, Boyaca, RAP (Especial) Central, 152420, Colombia",-72.8333,5.5833,Colombia,4668
"Maluku Tengah, Maluku, Indonesia",128.6167,-3.5833,Indonesia,4669
"Nellore, Sri Potti Sriramulu Nellore District, Andhra Pradesh, India",79.99,14.45,India,4670
"El Aguila, Norte, Valle del Cauca, RAP Pacifico, Colombia",-76.0833,4.9167,Colombia,4671
"Melchor Ocampo, Mexico",-99.1444,19.7083,Mexico,4672
"Departamento Capital, La Rioja, F5300, Argentina",-66.8542,-29.4125,Argentina,4673
"ዞባ ማእከል Maekel zone المنطقة المركزية, ኤርትራ Eritrea إرتريا",38.925,15.3228,Eritrea,4674
"Hareri, ሐረሪ ሕዝብ ክልል / Harar, 3200, ኢትዮጵያ",42.1278,9.3111,Ethiopia,4675
"بورسعيد, مصر",32.3061,31.2625,Egypt,4676
"Anantapur, Anantapur District, Andhra Pradesh, India",77.599,14.68,India,4677
"городской округ Коломна, Московская область, Центральный федеральный округ, Россия",38.7833,55.0833,Russia,4678
"Sullana, Piura, 20100, Peru",-80.6833,-4.9,Peru,4679
"Santa, Ancash, Peru",-78.5936,-9.0745,Peru,4680
"Lea County, New Mexico, United States",-103.16,32.7281,United States,4681
"天涯区, 三亚市, 海南省, 中国",109.5036,18.2533,China,4682
"Regiao Geografica Intermediaria do Recife, Pernambuco, Regiao Nordeste, Brasil",-35.3269,-7.7258,Brazil,4683
"City of Latrobe, Victoria, Australia",146.4,-38.2333,Australia,4684
"Provincia de Chiloe, Region de Los Lagos, Chile",-73.8333,-41.8667,Chile,4685
"Regiao Geografica Intermediaria de Quixada, Ceara, Regiao Nordeste, Brasil",-39.1408,-4.8428,Brazil,4686
"Macuspana, Tabasco, Mexico",-92.6,17.7667,Mexico,4687
"Guelph, Ontario, Canada",-80.25,43.55,Canada,4688
"Distrito Porangaba, Regiao Geografica Intermediaria de Maceio, Alagoas, Regiao Nordeste, Brasil",-35.735,-9.6658,Brazil,4689
"Santiago, Nuevo Leon, Mexico",-100.1333,25.4333,Mexico,4690
"Zaruma, El Oro, 070301, Ecuador",-79.6,-3.6833,Ecuador,4691
"24 de Mayo, Manabi, Ecuador",-80.44,-1.26,Ecuador,4692
"Imperia, Liguria, Italia",7.775,43.8175,Italy,4693
"Gard, Occitanie, France metropolitaine, France",4.361,43.838,France,4694
"Willacy County, Texas, United States",-97.7769,26.4759,United States,4695
"Tarma, Junin, 12651, Peru",-75.6908,-11.4186,Peru,4696
"Huari, Ancash, Peru",-77.2369,-9.3689,Peru,4697
"Jauja, Junin, Peru",-75.5,-11.775,Peru,4698
"Bathinda Tahsil, Bathinda District, Punjab, India",75.0931,30.3155,India,4699
"Salzburg, 5020, Osterreich",13.045,47.8,Austria,4700
"铁东区, 鞍山市, 辽宁省, 中国",122.9895,41.1066,China,4701
"Zamboanga del Norte, Zamboanga Peninsula, Philippines",123.0219,8.4428,Philippines,4702
"Bulakan, Bulacan, Central Luzon, 3017, Philippines",120.8789,14.7928,Philippines,4703
"Vakinankaratra, Province d'Antananarivo, Madagasikara / Madagascar",47.0333,-19.8667,Madagascar,4704
"Sanchez, Samana, Republica Dominicana",-69.6128,19.2282,Dominican Republic,4705
"Gran Chaco, Tarija, Bolivia",-63.6772,-22.0153,Bolivia,4706
"Vatovavy-Fitovinany, Province de Fianarantsoa, Madagasikara / Madagascar",47.4833,-21.75,Madagascar,4707
"Seyhan, Adana, Akdeniz Bolgesi, Turkiye",35.3213,37,Turkey,4708
"Tona, Metropolitana, Santander, RAP Gran Santander, 680541, Colombia",-73,7.1333,Colombia,4709
"Alvarado, Veracruz, Mexico",-95.7572,18.7811,Mexico,4710
"Orito, Putumayo, RAP Amazonia, Colombia",-76.8708,0.6661,Colombia,4711
"Huaylas, Ancash, Peru",-77.7433,-9.0472,Peru,4712
"Partido de General Pueyrredon, Buenos Aires, Argentina",-57.55,-38,Argentina,4713
"Partido de Bahia Blanca, Buenos Aires, Argentina",-62.2667,-38.7167,Argentina,4714
"Moyobamba, San Martin, 22001, Peru",-77.1417,-6.05,Peru,4715
"Canton Desamparados, Provincia San Jose, Costa Rica",-84.0706,9.8967,Costa Rica,4716
"Regiao Geografica Intermediaria de Divinopolis, Minas Gerais, Regiao Sudeste, Brasil",-44.8269,-20.6958,Brazil,4717
"Hallands lan, Sverige",12.4911,56.9053,Sweden,4718
"Panay, Capiz, Western Visayas, 5801, Philippines",122.7931,11.5553,Philippines,4719
"Кара-Суу району, Ош облусу, Кыргызстан",72.8264,40.5569,Kyrgyzstan,4720
"San Rafael, Veracruz, 93625, Mexico",-96.8658,20.1889,Mexico,4721
"Regiao Geografica Intermediaria de Fortaleza, Ceara, Regiao Nordeste, Brasil",-38.4958,-4.0989,Brazil,4722
"Regiao Geografica Intermediaria de Corumba, Mato Grosso do Sul, Regiao Centro-Oeste, Brasil",-57.6528,-19.0089,Brazil,4723
"Regiao Geografica Intermediaria de Juiz de Fora, Minas Gerais, Regiao Sudeste, Brasil",-43.0178,-21.175,Brazil,4724
"County Kilkenny, Leinster, Eire / Ireland",-7.2561,52.6477,Ireland,4725
"Santo Domingo, Villa Clara, Cuba",-80.2383,22.5833,Cuba,4726
"Patera Tahsil, Damoh District, Madhya Pradesh, 470772, India",79.6837,23.996,India,4727
"千葉県, 日本",140.1064,35.6073,Japan,4728
"Regiao Metropolitana de Sousa, Regiao Geografica Intermediaria de Sousa-Cajazeiras, Paraiba, Regiao Nordeste, Brasil",-38.2308,-6.7608,Brazil,4729
"Coban, Alta Verapaz, Guatemala",-90.3667,15.4833,Guatemala,4730
"Regiao Metropolitana da Baixada Santista, Regiao Geografica Intermediaria de Sao Paulo, Sao Paulo, Regiao Sudeste, Brasil",-46.325,-23.9369,Brazil,4731
"Дрогобицький район, Львівська область, Україна",23.4267,49.2881,Ukraine,4732
Republica Dominicana,-70.6833,19.8,Dominican Republic,4733
"Arima, Trinidad and Tobago",-61.2833,10.6333,Trinidad and Tobago,4734
"O Morrazo, Pontevedra, Galicia, Espana",-8.75,42.2833,Spain,4735
"Охотский район, Хабаровский край, Дальневосточный федеральный округ, Россия",143.217,59.383,Russia,4736
"قضاء الکرخ, بغداد, محافظة بغداد, العراق",44.3661,33.3153,Iraq,4737
"Ancona, Marche, Italia",13.5167,43.6169,Italy,4738
"المنيا, مصر",30.75,28.4167,Egypt,4739
"鹿児島県, 日本",130.55,31.6,Japan,4740
"Municipio Valera, Trujillo, 3101, Venezuela",-70.6078,9.3206,Venezuela,4741
"Galle District, Southern Province, ශ්‍රී ලංකාව இலங்கை",80.2117,6.0536,Sri Lanka,4742
"Lapin aluehallintovirasto, Manner-Suomi, Suomi / Finland",25.7333,66.5,Finland,4743
"Pohjois-Karjala, Ita-Suomen aluehallintovirasto, Manner-Suomi, Suomi / Finland",29.75,62.6,Finland,4744
"Municipio de Reynosa, Tamaulipas, Mexico",-98.2778,26.0922,Mexico,4745
"Kurhani, Muzaffarpur District, Bihar, India",85.3577,26.0381,India,4746
"Асбестовский городской округ, Свердловская область, Уральский федеральный округ, Россия",61.4667,57,Russia,4747
"Misamis Oriental, Northern Mindanao, Philippines",124.5167,8.5667,Philippines,4748
"городской округ Самара, Самарская область, Приволжский федеральный округ, Россия",50.1408,53.2028,Russia,4749
"Barranca, Lima, 15178, Peru",-77.761,-10.7541,Peru,4750
"Pachalik d'Oued Zem باشوية وادي زم, Province de Khouribga إقليم خريبكة, Beni Mellal-Khenifra ⴰⵢⵜ ⵎⵍⵍⴰⵍ-ⵅⵏⵉⴼⵕⴰ بني ملال-خنيفرة, Maroc ⵍⵎⵖⵔⵉⴱ المغرب",-6.5667,32.8667,Morocco,4751
"Babai Tahsil, Narmadapuram District, Madhya Pradesh, India",77.9349,22.7026,India,4752
"Central Darling Shire Council, New South Wales, Australia",144.3,-32.8983,Australia,4753
"Galvan, Baoruco, Republica Dominicana",-71.34,18.5039,Dominican Republic,4754
"County Wicklow, Leinster, Eire / Ireland",-6.033,52.9779,Ireland,4755
"Карабашский городской округ, Челябинская область, Уральский федеральный округ, Россия",60.2167,55.4833,Russia,4756
"Алагирский район, Северная Осетия - Алания, Северо-Кавказский федеральный округ, Россия",44.2333,43.0333,Russia,4757
"Patia, Sur del Cauca, Cauca, RAP Pacifico, Colombia",-76.9831,2.1142,Colombia,4758
"Cuanza Sul, Angola",14.5,-11.1667,Angola,4759
"هرات, ولایت هرات, افغانستان",62.2031,34.3419,Afghanistan,4760
"Provincia de Tocopilla, Region de Antofagasta, Chile",-70.2,-22.0964,Chile,4761
"Matagalpa (Municipio), Matagalpa, 61000, Nicaragua",-85.9178,12.9286,Nicaragua,4762
"شعبية الجفرة, ليبيا",17.5511,28.5489,Libya,4763
"Чернігівський район, Чернігівська область, Україна",30.8811,50.9486,Ukraine,4764
"Bautista, Pangasinan, Ilocos Region, 2424, Philippines",120.4756,15.8103,Philippines,4765
"Madang District, Madang, Momase Region, Papua Niugini",145.8,-5.2167,Papua New Guinea,4766
"岡山県, 日本",133.9167,34.65,Japan,4767
"青森県, 日本",140.7307,40.8223,Japan,4768
"Hasana taluk, Hassan District, Karnataka, India",76.1028,13.005,India,4769
"Guantanamo, Cuba",-75.2139,20.1367,Cuba,4770
"La Hoya de Bunol, Valencia / Valencia, Comunitat Valenciana, Espana",-0.7197,39.4714,Spain,4771
"Batu Pahat, Johor, Malaysia",102.93,1.85,Malaysia,4772
"Calima, Centro, Valle del Cauca, RAP Pacifico, Colombia",-76.6667,3.9167,Colombia,4773
"Morena Nagar Tahsil, Morena District, Madhya Pradesh, 476001, India",78,26.5,India,4774
"Bezirk Arbon, Thurgau, Schweiz/Suisse/Svizzera/Svizra",9.4333,47.5167,Switzerland,4775
"Bihar, Nalanda District, Bihar, India",85.518,25.197,India,4776
"顺城区, 抚顺市, 辽宁省, 113000, 中国",123.8917,41.8708,China,4777
"городской округ Новороссийск, Краснодарский край, Южный федеральный округ, Россия",37.75,44.7167,Russia,4778
"Кыштымский городской округ, Челябинская область, Уральский федеральный округ, Россия",60.55,55.7,Russia,4779
"Amacuzac, Morelos, Mexico",-99.37,18.6,Mexico,4780
"愛媛県, 日本",133.2833,33.9667,Japan,4781
"Tarimbaro, Michoacan, Mexico",-101.1894,19.7683,Mexico,4782
"Chanakya Puri Tehsil, New Delhi District, Delhi, India",77.23,28.61,India,4783
"Uige, Angola",14.45,-7.1,Angola,4784
"Ciudad Real, Castilla-La Mancha, Espana",-3.9167,38.9833,Spain,4785
"Berkeley County, West Virginia, United States",-77.9776,39.4582,United States,4786
"Sibensko-kninska zupanija, Hrvatska",15.8906,43.735,Croatia,4787
"الأقصر, مصر",32.65,25.6833,Egypt,4788
"Cabanas, Zacapa, Guatemala",-89.8,14.9333,Guatemala,4789
"City of Melton, Victoria, Australia",144.5833,-37.6833,Australia,4790
"Rest of Region 7, Cuyuni-Mazaruni, Guyana",-58.6167,6.4,Guyana,4791
"Rio Bravo, Suchitepequez, Guatemala",-91.3195,14.4011,Guatemala,4792
"Saraikela, Seraikela-Kharsawan District, Jharkhand, 833219, India",85.9313,22.6996,India,4793
"Haute-Garonne, Occitanie, France metropolitaine, France",1.444,43.6045,France,4794
"Gordon County, Georgia, United States",-84.9386,34.491,United States,4795
"Knox County, Illinois, United States",-90.3763,40.9506,United States,4796
"Lusaka District, Lusaka Province, Zambia",28.2833,-15.4167,Zambia,4797
"ضلع کراچی جنوبی, کراچی ڈویژن, سندھ, پاکستان",67.01,24.86,Pakistan,4798
"Jardin, Suroeste, Antioquia, RAP del Agua y la Montana, 056050, Colombia",-75.8194,5.5986,Colombia,4799
"Yankton County, South Dakota, United States",-97.3927,42.8901,United States,4800
"Tarn, Occitanie, France metropolitaine, France",2.25,43.6,France,4801
"Boone County, Illinois, United States",-88.8649,42.2543,United States,4802
"San Lucas (Municipio), Madriz, 35400, Nicaragua",-86.6114,13.4144,Nicaragua,4803
"Metro, Lampung, Sumatera, Indonesia",105.3,-5.1167,Indonesia,4804
"Swindon, England, United Kingdom",-1.78,51.56,United Kingdom,4805
"Abeokuta South, Ogun, 111101, Nigeria",3.3483,7.1608,Nigeria,4806
"Lahore Cantonment Tehsil, لاہور ڈویژن, پنجاب, پاکستان",74.3436,31.5497,Pakistan,4807
"Marti, Matanzas, Cuba",-80.9167,22.9522,Cuba,4808
"городской округ Якутск, Республика Саха (Якутия), Дальневосточный федеральный округ, Россия",129.7319,62.0272,Russia,4809
"Venezia, Veneto, Italia",12.2381,45.4906,Italy,4810
"City of Devonport, Tasmania, 7310, Australia",146.3503,-41.18,Australia,4811
"Treviso, Veneto, Italia",12.2974,45.8868,Italy,4812
"Kreis Euskirchen, Nordrhein-Westfalen, Deutschland",6.65,50.6,Germany,4813
"Arrondissement d'Acul-du-Nord, Departement du Nord, Ayiti",-72.2186,19.6047,Haiti,4814
"Provincia Warnes, Santa Cruz, Bolivia",-63.1667,-17.5167,Bolivia,4815
"کابل ښاروالۍ, ولایت كابل, افغانستان",69.1783,34.5253,Afghanistan,4816
"Regiao Geografica Intermediaria de Breves, Para, Regiao Norte, Brasil",-49.2169,-1.5278,Brazil,4817
"Саран Қ.Ә., Қарағанды облысы, Қазақстан",72.85,49.7833,Kazakhstan,4818
"Gironde, Nouvelle-Aquitaine, France metropolitaine, France",-0.58,44.84,France,4819
"연제구, 부산, 대한민국",129.075,35.18,South Korea,4820
"Tiruchirappalli, Tiruchchirappalli, Tiruchirappalli District, Tamil Nadu, India",78.7047,10.7903,India,4821
"Bezirk Voitsberg, Steiermark, Osterreich",15.0889,47.0639,Austria,4822
"Dublin 20, Leinster, Eire / Ireland",-6.379,53.35,Ireland,4823
"Raniganj, Araria District, Bihar, 854334, India",87.3089,26.0911,India,4824
"Partido de Almirante Brown, Buenos Aires, Argentina",-58.3833,-34.85,Argentina,4825
"Garut, Jawa Barat, Jawa, Indonesia",107.9,-7.2167,Indonesia,4826
"Moree Plains Shire Council, New South Wales, Australia",149.8344,-29.465,Australia,4827
"Zamboanga del Sur, Zamboanga Peninsula, Philippines",123.3378,7.6161,Philippines,4828
"Fredericksburg, Virginia, United States",-77.4872,38.2992,United States,4829
"Sheboygan County, Wisconsin, United States",-87.7316,43.7403,United States,4830
"Panna Tahsil, Panna District, Madhya Pradesh, 488001, India",80.2,24.72,India,4831
"Municipio Anaco, Anzoategui, 6003, Venezuela",-64.4667,9.4333,Venezuela,4832
"Negros Occidental, Western Visayas, Philippines",123.0667,10.35,Philippines,4833
"Municipio Bermudez, Sucre, Venezuela",-63.2403,10.6722,Venezuela,4834
"Pinas, El Oro, Ecuador",-79.6806,-3.6806,Ecuador,4835
"Furth, Bayern, Deutschland",11,49.4667,Germany,4836
"Blantyre, Southern Region, Malawi",35.0058,-15.7861,Malawi,4837
"喀什市 قەشقەر شەھىرى, 喀什地区 قەشقەر ۋىلايىتى, 新疆维吾尔自治区 شىنجاڭ ئۇيغۇر ئاپتونوم رايونی, 844000, 中国",75.9938,39.4681,China,4838
"Rayon, 52360, Mexico",-99.58,19.1481,Mexico,4839
"Regiao Geografica Intermediaria de Caruaru, Pernambuco, Regiao Nordeste, Brasil",-35.7289,-8.47,Brazil,4840
"Regiao Geografica Intermediaria de Marilia, Sao Paulo, Regiao Sudeste, Brasil",-50.4119,-22.6619,Brazil,4841
"Uri, Schweiz/Suisse/Svizzera/Svizra",8.6333,46.8667,Switzerland,4842
"Komuna e Prishtines / Opstina Pristina, Kosove",21.1918,42.6449,Kosovo,4843
"נפת באר שבע, מחוז הדרום, ישראל",34.7544,31.3925,Israel,4844
"佐賀県, 日本",129.9667,33.45,Japan,4845
"Labuan, Malaysia",115.22,5.3,Malaysia,4846
"The Council of the Municipality of Kiama, New South Wales, Australia",150.8542,-34.6708,Australia,4847
"Arrondissement des Gonaives, Departement de l'Artibonite, 4110, Ayiti",-72.55,19.4167,Haiti,4848
"powiat jasielski, wojewodztwo podkarpackie, Polska",21.4714,49.7478,Poland,4849
"Топлички управни округ, Централна Србија, Србија",21.2847,43.2906,Serbia,4850
"Gogri, Khagaria District, Bihar, India",86.6432,25.4349,India,4851
"Aveyron, Occitanie, France metropolitaine, France",2.575,44.3506,France,4852
"Kendall County, Illinois, United States",-88.3372,41.6834,United States,4853
"宮城県, 日本",140.8694,38.2682,Japan,4854
"渡島総合振興局, 北海道, 日本",140.7289,41.7686,Japan,4855
"上水内郡, 長野県, 中部地方, 日本",138.1947,36.6486,Japan,4856
"石狩振興局, 北海道, 日本",141.3167,43.1667,Japan,4857
"Division No. 3, Manitoba, Canada",-97.9397,49.1817,Canada,4858
"Περιφερειακή Ενότητα Δυτικής Αττικής, Περιφέρεια Αττικής, Αποκεντρωμένη Διοίκηση Αττικής, Ελλάς",23.3444,37.9964,Greece,4859
"Escalante, Negros Occidental, Western Visayas, 6124, Philippines",123.5,10.8333,Philippines,4860
"Ortega, Sur, Tolima, RAP (Especial) Central, Colombia",-75.25,3.9167,Colombia,4861
"Kreis Duren, Nordrhein-Westfalen, Deutschland",6.4833,50.8,Germany,4862
"Citycenter Tahsil, Gwalior District, Madhya Pradesh, 474011, India",78.178,26.2215,India,4863
"Ahmedabad City Taluka, Ahmedabad District, Gujarat, India",72.58,23.03,India,4864
"Landkreis Grafschaft Bentheim, Niedersachsen, Deutschland",7.0333,52.6167,Germany,4865
"Municipio de El Refugio, Departamento de Ahuachapan, El Salvador",-89.7072,13.975,El Salvador,4866
"Foggia, Puglia, Italia",15.9167,41.6333,Italy,4867
"Namur, Wallonie, Belgie / Belgique / Belgien",4.8667,50.4667,Belgium,4868
"Landkreis Oldenburg, Niedersachsen, Deutschland",8.3167,53.0083,Germany,4869
"Brockville, Eastern Ontario, Ontario, Canada",-75.6833,44.5833,Canada,4870
"Chausa, Madhepura District, Bihar, 852213, India",86.9939,25.5406,India,4871
"Narra, Palawan, Mimaropa, 5303, Philippines",118.4167,9.2833,Philippines,4872
"Penal-Debe, Trinidad and Tobago",-61.4667,10.1667,Trinidad and Tobago,4873
"Corse-du-Sud, Corse, France metropolitaine, France",8.7369,41.9267,France,4874
"Allier, Auvergne-Rhone-Alpes, France metropolitaine, France",3.3325,46.5647,France,4875
"San Blas, Nayarit, Mexico",-105.2856,21.5397,Mexico,4876
"Herault, Occitanie, France metropolitaine, France",3.8772,43.6119,France,4877
"Elmore County, Alabama, United States",-86.3737,32.5027,United States,4878
"San Jose de los Cerrillos, Salta, Argentina",-65.4833,-24.9,Argentina,4879
"Tokat Merkez, Tokat, Karadeniz Bolgesi, Turkiye",36.5542,40.3139,Turkey,4880
"Bologna, Emilia-Romagna, Italia",11.3428,44.4939,Italy,4881
"Grand Turk, Turks and Caicos Islands",-71.136,21.4664,Turks and Caicos Islands,4882
"el Vinalopo Mitja / El Vinalopo Medio, Alacant / Alicante, Comunitat Valenciana, Espana",-0.7967,38.4789,Spain,4883
"Dollo, ሶማሌ ክልል / Somali, ኢትዮጵያ",45.35,6.9667,Ethiopia,4884
"Sambalpur, Sambalpur District, Odisha, India",83.97,21.47,India,4885
"Daira Setif, Setif, 19000, Algerie ⵍⵣⵣⴰⵢⴻⵔ الجزائر",5.41,36.19,Algeria,4886
"Regiao Geografica Intermediaria de Sao Luis, Maranhao, Regiao Nordeste, Brasil",-44.5358,-2,Brazil,4887
"Sierre, Valais/Wallis, 3960, Schweiz/Suisse/Svizzera/Svizra",7.5333,46.3,Switzerland,4888
"Bezirk Bruck an der Leitha, Niederosterreich, Osterreich",16.4786,48.1411,Austria,4889
"General Plutarco Elias Calles, Sonora, 83570, Mexico",-112.8544,31.8614,Mexico,4890
"Oise, Hauts-de-France, France metropolitaine, France",2.4833,49.2583,France,4891
"Krosno, wojewodztwo podkarpackie, Polska",21.75,49.6833,Poland,4892
"Chisago County, Minnesota, United States",-92.9601,45.5137,United States,4893
"Van Wert County, Ohio, United States",-84.5879,40.8651,United States,4894
"Sarmera, Nalanda District, Bihar, 811104, India",85.8169,25.2463,India,4895
"Venadillo, Nevados, Tolima, RAP (Especial) Central, Colombia",-74.9167,4.75,Colombia,4896
"La Blanca, San Marcos, Guatemala",-92.1414,14.5791,Guatemala,4897
"Batman Merkez, Batman, Guneydogu Anadolu Bolgesi, Turkiye",41.132,37.887,Turkey,4898
"Perote, Veracruz, Mexico",-97.242,19.562,Mexico,4899
"Regiao Geografica Intermediaria de Uberlandia, Minas Gerais, Regiao Sudeste, Brasil",-48.9239,-19.3069,Brazil,4900
"Municipio Montalban, Carabobo, Venezuela",-68.3019,10.2522,Venezuela,4901
"Prato, Toscana, Italia",11.0966,43.8808,Italy,4902
"Napier City, Hawke's Bay, New Zealand / Aotearoa",176.9178,-39.4903,New Zealand,4903
"Agrigento, Sicilia, Italia",13.6631,37.318600000000004,Italy,4904
"虎林市, 鸡西市, 黑龙江省, 230381, 中国",132.9646,45.7671,China,4905
"Ramos, Tarlac, Central Luzon, 2311, Philippines",120.6417,15.6667,Philippines,4906
"Alto Guadalentin, Region de Murcia, Espana",-1.5819,37.4042,Spain,4907
"Macenta, Nzerekore, Guinee",-9.48,8.5504,Guinea,4908
"San Teodoro, Oriental Mindoro, Mimaropa, 5202, Philippines",121.0192,13.4358,Philippines,4909
"Shire Of Esperance, Western Australia, 6450, Australia",121.8919,-33.8611,Australia,4910
"Dufferin County, Central Ontario, Ontario, Canada",-80.1167,43.9167,Canada,4911
"Landkreis Schaumburg, Niedersachsen, Deutschland",9.1178,52.2664,Germany,4912
"Bishnah, Jammu District, Jammu and Kashmir, 181131, India",74.7984,32.521,India,4913
"Oriental, Region de Murcia, Espana",-1.1233,38.1789,Spain,4914
"Decatur County, Georgia, United States",-84.5732,30.9052,United States,4915
"Zacualtipan de Angeles, Hidalgo, 43200, Mexico",-98.65,20.65,Mexico,4916
"Hancock County, Ohio, United States",-83.6379,41.0469,United States,4917
"Ostergotlands lan, Sverige",15.0333,58.5333,Sweden,4918
"Aveiro, Portugal",-8.4481,40.5744,Portugal,4919
"Paranaque, Metro Manila, 1700, Philippines",121.0031,14.5033,Philippines,4920
"Walton County, Georgia, United States",-83.8958,33.8353,United States,4921
"Περιφερειακή Ενότητα Δυτικού Τομέα Αθηνών, Περιφέρεια Αττικής, Αποκεντρωμένη Διοίκηση Αττικής, Ελλάς",23.7,38.0333,Greece,4922
"Puerto Cortes, Cortes, 21301, Honduras",-87.95,15.8833,Honduras,4923
"စစ်ကိုင်းတိုင်း, မြန်မာ",95.9786,21.8822,Myanmar,4924
"基隆市, 臺灣",121.7333,25.1333,Taiwan,4925
"ကချင်ပြည်နယ်, မြန်မာ",97.2333,24.2667,Myanmar,4926
"Ilocos Norte, Ilocos Region, Philippines",120.6544,17.9806,Philippines,4927
"Arrondissement Port-de-Paix, Departement du Nord-Ouest, Ayiti",-72.7833,19.95,Haiti,4928
"Bolivar, Sur del Cauca, Cauca, RAP Pacifico, 195007, Colombia",-76.9694,1.9708,Colombia,4929
"Jeypore, Koraput District, Odisha, India",82.5716,18.8563,India,4930
"Viota, Tequendama, Cundinamarca, RAP (Especial) Central, Colombia",-74.5239,4.4381,Colombia,4931
"Шалинский городской округ, Свердловская область, Уральский федеральный округ, Россия",58.7889,57.3139,Russia,4932
"Parker County, Texas, United States",-97.7723,32.7536,United States,4933
"Blount County, East Tennessee, Tennessee, United States",-83.9789,35.7468,United States,4934
"Cremona, Lombardia, Italia",10.0333,45.1333,Italy,4935
"Upper Hunter Shire Council, New South Wales, Australia",150.8678,-32.0483,Australia,4936
"ولاية الخرطوم, السودان",32.56,15.5006,Sudan,4937
"Tello, Norte, Huila, RAP (Especial) Central, Colombia",-75.1333,3.0667,Colombia,4938
"Град Београд, Централна Србија, Србија",20.46,44.82,Serbia,4939
"Rockdale County, Georgia, United States",-83.9966,33.6646,United States,4940
"Valenzuela, Metro Manila, Philippines",120.98,14.7,Philippines,4941
"Departamento Chamical, La Rioja, F5380, Argentina",-66.3167,-30.3667,Argentina,4942
"San Bartolo, Totonicapan, Guatemala",-91.4558,15.0844,Guatemala,4943
"Comarca de Valencia, Valencia / Valencia, Comunitat Valenciana, Espana",-0.3764,39.47,Spain,4944
"Tauranga City, Bay of Plenty, New Zealand / Aotearoa",176.1667,-37.6833,New Zealand,4945
"Charo, Michoacan, Mexico",-101.05,19.75,Mexico,4946
"Camden County, Georgia, United States",-81.7216,30.8194,United States,4947
"Chambas, Ciego de Avila, Cuba",-78.7872,22.1704,Cuba,4948
"Ben Hill County, Georgia, 31750, United States",-83.2514,31.7134,United States,4949
"Port Augusta City Council, South Australia, Australia",137.7658,-32.4925,Australia,4950
"Departamento Capital, Catamarca, K4700, Argentina",-65.7833,-28.4667,Argentina,4951
"ناحية عمان, لواء قصبة عمان, عمان, الأردن",35.9328,31.9497,Jordan,4952
"Cuautitlan Izcalli, Mexico",-99.1833,19.6833,Mexico,4953
"Tierra de Badajoz, Badajoz, Extremadura, Espana",-6.9753,38.8803,Spain,4954
"Haut-Ogooue, Gabon",13.5833,-1.6333,Gabon,4955
"Drenthe, Nederland",6.5667,53,Netherlands,4956
"Texcoco, Mexico",-98.88,19.52,Mexico,4957
"Departamento Choya, Santiago del Estero, G4243, Argentina",-65.1333,-28.6333,Argentina,4958
"The District Council of Franklin Harbour, South Australia, 5602, Australia",136.9167,-33.6833,Australia,4959
"Rural City of Mildura, Victoria, Australia",142.1583,-34.1889,Australia,4960
"La Louviere, Hainaut, Wallonie, Belgie / Belgique / Belgien",4.1833,50.4667,Belgium,4961
"Shahapura taluku, Yadgir District, Karnataka, India",76.83,16.7,India,4962
"Pichucalco, Chiapas, Mexico",-93.2,17.5167,Mexico,4963
Monaco,7.4167,43.7333,Monaco,4964
"Pano Akil Cantonment, سندھ, پاکستان",68.8483,27.7061,Pakistan,4965
"Cucuta, Oriental, Norte de Santander, RAP Gran Santander, Colombia",-72.5039,7.8942,Colombia,4966
"Mason County, Kentucky, United States",-83.7911,38.6455,United States,4967
"Maner, Patna District, Bihar, India",84.88,25.65,India,4968
"ضلع راولپنڈی, راولپنڈی ڈویژن, پنجاب, پاکستان",73.0333,33.6,Pakistan,4969
"Aglomeracao Urbana do Litoral Norte, Regiao Geografica Intermediaria de Porto Alegre, Rio Grande do Sul, Regiao Sul, Brasil",-49.7269,-29.335,Brazil,4970
"Cantabria, Espana",-3.805,43.4628,Spain,4971
"Борисоглебский городской округ, Воронежская область, Центральный федеральный округ, Россия",42.0833,51.3667,Russia,4972
"Southern Leyte, Eastern Visayas, Philippines",125.2833,9.9167,Philippines,4973
"Sirsa, Sirsa District, Haryana, India",75.0167,29.5333,India,4974
"ዞባ ዓንሰባ Anseba عنسبا, ኤርትራ Eritrea إرتريا",38.4581,15.7778,Eritrea,4975
"Milagro, Guayas, Ecuador",-79.5872,-2.1347,Ecuador,4976
"Managua (Municipio), Managua, 10000 (codigo maestro), Nicaragua",-86.2738,12.1544,Nicaragua,4977
"Pembrokeshire, Cymru / Wales, United Kingdom",-5.0427,51.7142,United Kingdom,4978
Italia,8.0333,43.8833,Italy,4979
"Shire Of Ashburton, Western Australia, Australia",115.1167,-21.6333,Australia,4980
"Tapalpa, Jalisco, Mexico",-103.7585,19.9445,Mexico,4981
"Palenque, Chiapas, 29960, Mexico",-91.8,17.4333,Mexico,4982
"Azua, Republica Dominicana",-70.7833,18.5167,Dominican Republic,4983
"Brescia, Lombardia, Italia",10.2203,45.5389,Italy,4984
"Grey Town, Rio San Juan, 92500, Nicaragua",-83.7358,10.9467,Nicaragua,4985
"Vienne, Nouvelle-Aquitaine, France metropolitaine, France",0.5461,46.8178,France,4986
"Sahdai Buzurg, Vaishali District, Bihar, India",85.4637,25.6214,India,4987
"Tamar I, Ranchi District, Jharkhand, India",85.649,23.0488,India,4988
"Distretto di Lugano, Ticino, Schweiz/Suisse/Svizzera/Svizra",8.9525,46.005,Switzerland,4989
"Kandy District, Central Province, ශ්‍රී ලංකාව இலங்கை",80.635,7.2964,Sri Lanka,4990
"Qila Abdullah District, بلوچستان, پاکستان",66.4597,30.921,Pakistan,4991
"Seberang Perai Utara, Seberang Perai, Pulau Pinang, Malaysia",100.3639,5.3992000000000004,Malaysia,4992
"City Of Karratha, Western Australia, Australia",117.15,-20.7667,Australia,4993
"Haute-Vienne, Nouvelle-Aquitaine, France metropolitaine, France",1.2625,45.8353,France,4994
"Salama, Baja Verapaz, 15001, Guatemala",-90.316,15.1052,Guatemala,4995
"Angeles, Pampanga, Central Luzon, Philippines",120.5847,15.1472,Philippines,4996
"Cedros, Francisco Morazan, Honduras",-87.1167,14.6,Honduras,4997
"городской округ Казань, Татарстан, Приволжский федеральный округ, Россия",49.1089,55.7964,Russia,4998
"滋賀県, 日本",136.0333,35.35,Japan,4999
"Partido de Las Flores, Buenos Aires, Argentina",-59.1,-36.0139,Argentina,5000
"Cher, Centre-Val de Loire, France metropolitaine, France",2.0694,47.2225,France,5001
"Caldwell County, North Carolina, United States",-81.5249,35.9094,United States,5002
"San Guillermo, Isabela, Cagayan Valley, 3308, Philippines",121.81,16.7244,Philippines,5003
"City of Casey, Victoria, Australia",145.2834,-38.0996,Australia,5004
"Lobos, Partido de Lobos, Buenos Aires, Argentina",-59.0833,-35.1833,Argentina,5005
"Regiao Geografica Intermediaria de Belem, Para, Regiao Norte, Brasil",-48.5039,-1.4558,Brazil,5006
"栃木県, 日本",139.6982,36.7198,Japan,5007
"Campo de Cartagena y Mar Menor, Region de Murcia, Espana",-0.9819,37.6,Spain,5008
"Savanne, Mauritius / Maurice",57.5111,-20.5139,Mauritius,5009
"တနင်္သာရီတိုင်း, မြန်မာ",98.2,14.0833,Myanmar,5010
"ضلع مستونگ, بلوچستان, پاکستان",67,30.1833,Pakistan,5011
"Ille-et-Vilaine, Bretagne, France metropolitaine, France",-1.6794,48.1147,France,5012
"Laurentides, Quebec, Canada",-74.0833,45.65,Canada,5013
"Mid-Western Regional Council, New South Wales, Australia",149.5872,-32.6125,Australia,5014
"Majura Taluka, Surat District, Gujarat, India",72.8311,21.1702,India,5015
"Castelo Branco, Portugal",-8.1,39.8,Portugal,5016
"Pradera, Sur, Valle del Cauca, RAP Pacifico, Colombia",-76.1667,3.4167,Colombia,5017
"Kurnool, Kurnool District, Andhra Pradesh, India",78.05,15.83,India,5018
"Frontino, Occidente, Antioquia, RAP del Agua y la Montana, Colombia",-76.1333,6.7833,Colombia,5019
"石川県, 中部地方, 日本",136.6564,36.5611,Japan,5020
"Itapua, Region Oriental, Paraguay / Paraguai",-55.8667,-27.3333,Paraguay,5021
"Arrondissement de l'Anse-a-Veau, Departement des Nippes, Ayiti",-73.3833,18.45,Haiti,5022
"Cebu, Central Visayas, Philippines",123.7172,10.5679,Philippines,5023
"Patna Rural, Patna District, Bihar, India",85.1,25.6,India,5024
"Magwi, Eastern Equatoria, South Sudan",32.3,4.1333,South Sudan,5025
"ضلع جہلم, راولپنڈی ڈویژن, پنجاب, پاکستان",73.7256,32.9425,Pakistan,5026
"Полтавський район, Полтавська область, Україна",34.5514,49.5894,Ukraine,5027
"Tarragones, Tarragona, Catalunya, Espana",1.1316,41.0796,Spain,5028
"Херсонський район, Херсонська область, Україна",32.625,46.6425,Ukraine,5029
"Savoie, Auvergne-Rhone-Alpes, France metropolitaine, France",5.9118,45.57,France,5030
"Territoire-de-Belfort, Bourgogne-Franche-Comte, France metropolitaine, France",6.85,47.64,France,5031
"Ленинский район, Севастополь, Україна",33.5225,44.605,Ukraine,5032
"Jerez, Jutiapa, Guatemala",-89.75,14.1,Guatemala,5033
"городской округ Ростов-на-Дону, Ростовская область, Южный федеральный округ, Россия",39.7,47.2333,Russia,5034
"Analamanga, Province d'Antananarivo, Madagasikara / Madagascar",47.5167,-18.9333,Madagascar,5035
"بخش مرکزی سمنان, شهرستان سمنان, استان سمنان, ایران",53.3972,35.5728,Iran,5036
"Περιφερειακή Ενότητα Φθιώτιδας, Περιφέρεια Στερεάς Ελλάδας, Αποκεντρωμένη Διοίκηση Θεσσαλίας - Στερεάς Ελλάδος, Ελλάς",22.4333,38.9,Greece,5037
"Bandhogarh Umaria Tahsil, Umaria District, Madhya Pradesh, India",80.8372,23.5247,India,5038
"Eregli, Zonguldak, Karadeniz Bolgesi, Turkiye",31.4208,41.2792,Turkey,5039
"خوست ولسوالۍ, خوست ولايت, 2501, افغانستان",69.9169,33.3331,Afghanistan,5040
"Подільський район, Одеська область, Україна",29.6225,47.9361,Ukraine,5041
"Santa Marta, Magdalena, RAP Caribe, Colombia",-74.2053,11.2419,Colombia,5042
"Regiao Geografica Intermediaria de Altamira, Para, Regiao Norte, Brasil",-52.2378,-1.7478,Brazil,5043
"General Jose Ballivian Segurola, Beni, Bolivia",-67.3353,-14.2958,Bolivia,5044
"دمياط, مصر",31.8214,31.4167,Egypt,5045
"云龙区, 徐州市, 江苏省, 221000, 中国",117.1859,34.261,China,5046
"Loir-et-Cher, Centre-Val de Loire, France metropolitaine, France",1.0656,47.7928,France,5047
Pitcairn Islands,-130.0833,-25.0667,Pitcairn Islands,5048
"New Plymouth District, Taranaki, New Zealand / Aotearoa",174.0742,-39.0578,New Zealand,5049
"Перник, България",23.0333,42.6,Bulgaria,5050
"powiat kutnowski, wojewodztwo lodzkie, Polska",19.3667,52.2333,Poland,5051
"Daira Tebessa, Tebessa, 12000, Algerie ⵍⵣⵣⴰⵢⴻⵔ الجزائر",8.1167,35.4,Algeria,5052
"卧龙区, 南阳市, 河南省, 中国",112.5292,32.9987,China,5053
"Kollam, Kollam District, Kerala, India",76.6,8.88,India,5054
"Prentiss County, Mississippi, United States",-88.5684,34.6643,United States,5055
"Partido de Lomas de Zamora, Buenos Aires, Argentina",-58.3833,-34.75,Argentina,5056
"Gracias, Lempira, 42101, Honduras",-88.5833,14.5833,Honduras,5057
"Hasanpura, Siwan District, Bihar, India",84.3601,26.085,India,5058
"Bulacan, Central Luzon, Philippines",120.9419,15.0789,Philippines,5059
"Washington County, Texas, United States",-96.3966,30.1584,United States,5060
"Katamdag, Hazaribagh District, Jharkhand, India",85.35,23.98,India,5061
"City Of Greater Geraldton, Western Australia, Australia",114.6089,-28.7744,Australia,5062
"Mandu, Ramgarh District, Jharkhand, India",85.5706,23.684,India,5063
"Sandakan District, Sandakan Division, Sabah, Malaysia",118.1173,5.8388,Malaysia,5064
"Illela, Tahoua, Niger",5.199,14.1688,Niger,5065
"Chandrapur, Chandrapur District, Maharashtra, India",79.297,19.95,India,5066
"岩手郡, 岩手県, 日本",141.2122,39.9728,Japan,5067
"Grosseto, Toscana, Italia",10.7614,42.9189,Italy,5068
"Luneburg, Niedersachsen, Deutschland",10.4144,53.2525,Germany,5069
"Yunusobod Tumani, Toshkent, 100000, O'zbekiston",69.2797,41.3111,Uzbekistan,5070
"Peshawar District, خیبر پختونخوا, پاکستان",71.5675,34.0144,Pakistan,5071
"岩手県, 日本",141.8857,39.2758,Japan,5072
"Tulcan, Carchi, Ecuador",-77.7186,0.8117,Ecuador,5073
"Nievre, Bourgogne-Franche-Comte, France metropolitaine, France",3.1572,46.9933,France,5074
"涿州市, 保定市, 河北省, 中国",116.1063,39.5503,China,5075
"Corum Merkez, Corum, Karadeniz Bolgesi, Turkiye",34.957,40.5455,Turkey,5076
"powiat aleksandrowski, wojewodztwo kujawsko-pomorskie, Polska",18.7833,52.8833,Poland,5077
"Huautla, Hidalgo, Mexico",-98.285,21.0308,Mexico,5078
"Pearl River County, Mississippi, United States",-89.6724,30.5322,United States,5079
"Huanuco, Peru",-76.2397,-9.9295,Peru,5080
"Regiao Geografica Intermediaria de Lages, Santa Catarina, Regiao Sul, Brasil",-50.4269,-26.9608,Brazil,5081
"Uvalde County, Texas, United States",-99.7782,29.2152,United States,5082
"Gomoa West District, Central Region, Ghana",-0.7578,5.2625,Ghana,5083
"Маріупольський район, Донецька область, Україна",37.5494,47.0958,Ukraine,5084
"городской округ Богданович, Свердловская область, Уральский федеральный округ, Россия",62.0494,56.7803,Russia,5085
"Passau, Bayern, Deutschland",13.4647,48.5744,Germany,5086
"Sandoval County, New Mexico, United States",-106.5537,35.3127,United States,5087
"St. Landry Parish, Louisiana, United States",-92.4191,30.4904,United States,5088
"городской округ Дербент, Дагестан, Северо-Кавказский федеральный округ, Россия",48.3,42.05,Russia,5089
"Миасский городской округ, Челябинская область, Уральский федеральный округ, Россия",60.1,55,Russia,5090
"Salerno, Campania, Italia",14.7597,40.6806,Italy,5091
"Zenicko-dobojski kanton, Federacija Bosne i Hercegovine, Bosna i Hercegovina / Босна и Херцеговина",18.0333,44.4333,Bosnia and Herzegovina,5092
"بخش مرکزی کاشان, شهرستان کاشان, استان اصفهان, ایران",51.4333,33.9833,Iran,5093
"路北区, 唐山市, 河北省, 063000, 中国",118.1742,39.6292,China,5094
"新会区, 江门市, 广东省, 529100, 中国",113.051,22.3017,China,5095
"Landkreis Neumarkt in der Oberpfalz, Bayern, Deutschland",11.4667,49.2833,Germany,5096
"Porto Novo, 1310, Cabo Verde",-25.064,17.019,Cabo Verde,5097
"Bajo Guadalentin, Region de Murcia, Espana",-1.3139,37.5983,Spain,5098
"福岡県, 日本",130.5044,33.2092,Japan,5099
"Thoothukkudi, Thoothukudi District, Tamil Nadu, India",78.1348,8.7642,India,5100
"Онежский район, Архангельская область, Северо-Западный федеральный округ, Россия",38.0833,63.9167,Russia,5101
"Forli-Cesena, Emilia-Romagna, Italia",12.05,44.1333,Italy,5102
"Ranjhi Tahsil, Jabalpur District, Madhya Pradesh, India",79.9333,23.1667,India,5103
"臺南市, 臺灣",120.1833,22.9833,Taiwan,5104
"Playas, Guayas, Ecuador",-80.39,-2.63,Ecuador,5105
"городской округ Барнаул, Алтайский край, Сибирский федеральный округ, Россия",83.75,53.3333,Russia,5106
"Eure-et-Loir, Centre-Val de Loire, France metropolitaine, France",1.3378,48.0708,France,5107
"Bogota Distrito Capital - Municipio, RAP (Especial) Central, 11001, Colombia",-74.0722,4.7111,Colombia,5108
"Holguin, Cuba",-76.2592,20.8869,Cuba,5109
"Ilkadim, Samsun, Karadeniz Bolgesi, Turkiye",36.3336,41.2903,Turkey,5110
"Mapai, Gaza, Mocambique",32.0583,-22.7306,Mozambique,5111
"Cotui, Sanchez Ramirez, Republica Dominicana",-70.15,19.06,Dominican Republic,5112
"Doubs, Bourgogne-Franche-Comte, France metropolitaine, France",6.02,47.24,France,5113
"မကွေးတိုင်းဒေသကြီး, မြန်မာ",94.8742,20.4597,Myanmar,5114
"городской округ Хабаровск, Хабаровский край, Дальневосточный федеральный округ, Россия",135.0667,48.4833,Russia,5115
"Fizi, Sud-Kivu, Republique democratique du Congo",29.094,-4.1041,Congo,5116
"Περιφερειακή Ενότητα Πειραιώς, Περιφέρεια Αττικής, Αποκεντρωμένη Διοίκηση Αττικής, Ελλάς",23.6469,37.943,Greece,5117
"Grad Zenica, Zenicko-dobojski kanton, Federacija Bosne i Hercegovine, Bosna i Hercegovina / Босна и Херцеговина",17.9039,44.2017,Bosnia and Herzegovina,5118
"городской округ Рыбинск, Ярославская область, Центральный федеральный округ, Россия",38.8333,58.05,Russia,5119
"городской округ Саратов, Саратовская область, Приволжский федеральный округ, 410000, Россия",46.0167,51.5333,Russia,5120
"Carles, Iloilo, Western Visayas, 5019, Philippines",123.1333,11.5667,Philippines,5121
"Neuchatel, Schweiz/Suisse/Svizzera/Svizra",6.7482,47.0532,Switzerland,5122
"Gerona, Tarlac, Central Luzon, 2302, Philippines",120.5986,15.6069,Philippines,5123
"powiat pruszkowski, wojewodztwo mazowieckie, Polska",20.8,52.1667,Poland,5124
"ناحية مهين, منطقة حمص, محافظة حمص, سوريا",37.0589,34.2425,Syria,5125
"Samarqand shahri, Samarqand Viloyati, 140000, O'zbekiston",66.9758,39.6547,Uzbekistan,5126
"Manica, Mocambique",32.8756,-18.9344,Mozambique,5127
"সিলেট সদর উপজেলা, সিলেট জেলা, সিলেট বিভাগ, বাংলাদেশ",91.8667,24.9,Bangladesh,5128
"Bluefields, Region Autonoma de la Costa Caribe Sur, 81000, Nicaragua",-83.7644,12.0139,Nicaragua,5129
"Shire Of Dundas, Western Australia, 6443, Australia",121.778,-32.1961,Australia,5130
"Ratnapura District, Sabaragamuwa Province, ශ්‍රී ලංකාව இலங்கை",80.4022,6.6806,Sri Lanka,5131
"городской округ Аргун, Чечня, Северо-Кавказский федеральный округ, Россия",45.8839,43.2944,Russia,5132
"La Cote-de-Gaspe, Gaspesie-Iles-de-la-Madeleine, Quebec, Canada",-64.4833,48.8333,Canada,5133
"Tigbauan, Iloilo, Western Visayas, 5021, Philippines",122.3776,10.6747,Philippines,5134
"Flensburg, Schleswig-Holstein, Deutschland",9.4367,54.7819,Germany,5135
"Leiria, Portugal",-8.8,39.75,Portugal,5136
"Virac, Catanduanes, Bicol Region, 4800, Philippines",124.2333,13.5833,Philippines,5137
"Shire Of Broome, Western Australia, Australia",122.2361,-17.9619,Australia,5138
"Municipio de Nuevo Laredo, Tamaulipas, Mexico",-99.5069,27.4861,Mexico,5139
"Quezon City, Metro Manila, 1100, Philippines",121.0347,14.6194,Philippines,5140
"Dibrugarh East, Dibrugarh District, Assam, India",95,27.48,India,5141
"Piacenza, Emilia-Romagna, Italia",9.7,45.05,Italy,5142
"Rameswaram, Ramanathapuram District, Tamil Nadu, India",79.313,9.288,India,5143
"Bezirk Bregenz, Vorarlberg, Osterreich",9.7492,47.505,Austria,5144
"Dubbo Regional Council, New South Wales, Australia",148.6011,-32.2569,Australia,5145
"Prattigau/Davos, Graubunden/Grischun/Grigioni, Schweiz/Suisse/Svizzera/Svizra",9.8333,46.8,Switzerland,5146
"powiat chrzanowski, wojewodztwo malopolskie, Polska",19.4833,50.1667,Poland,5147
Andorra,1.5828,42.5361,Andorra,5148
"Puerto Berrio, Magdalena Medio, Antioquia, RAP del Agua y la Montana, 053420, Colombia",-74.4025,6.49,Colombia,5149
"Jinotega (Municipio), Jinotega, 65000, Nicaragua",-86.0006,13.0908,Nicaragua,5150
"Acores, Portugal",-28.6333,38.5333,Portugal,5151
"Port-au-Prince, Departement de l'Ouest, Ayiti",-72.3,18.55,Haiti,5152
"قفصة المدينة, معتمدية قفصة الجنوبية, ولاية قفصة, 2100, تونس",8.7833,34.4167,Tunisia,5153
"Korle-Klottey Municipal District, Greater Accra Region, Ghana",-0.2,5.55,Ghana,5154
"Περιφερειακή Ενότητα Βορείου Τομέα Αθηνών, Περιφέρεια Αττικής, Αποκεντρωμένη Διοίκηση Αττικής, Ελλάς",23.7933,37.99,Greece,5155
"Jerico, Suroeste, Antioquia, RAP del Agua y la Montana, 056010, Colombia",-75.7833,5.7833,Colombia,5156
"Kenieba, Kayes, Mali",-11.4066,12.617,Mali,5157
"Camajuani, Villa Clara, Cuba",-79.7239,22.4678,Cuba,5158
"Puerto Padre, Las Tunas, 77210, Cuba",-76.6017,21.195,Cuba,5159
"Udine, Friuli-Venezia Giulia, Italia",13.2333,46.0667,Italy,5160
"Coimbatore District, Tamil Nadu, India",76.9553,10.3276,India,5161
"Fonseca, La Guajira, RAP Caribe, Colombia",-72.8333,10.8333,Colombia,5162
"Klouekanme, Kouffo, Benin",1.7833,7.0333,Benin,5163
"Regiao Geografica Intermediaria de Rio Verde, Goias, Regiao Centro-Oeste, Brasil",-50.9167,-17.745,Brazil,5164
"Cruces, Cienfuegos, 57500, Cuba",-80.2761,22.3419,Cuba,5165
"Regiao Geografica Intermediaria de Crateus, Ceara, Regiao Nordeste, Brasil",-40.3089,-5.3958,Brazil,5166
"Provincia Limon, Costa Rica",-83.084,10.0022,Costa Rica,5167
"Kreis Coesfeld, Nordrhein-Westfalen, Deutschland",7.4333,51.7667,Germany,5168
"Asansol Kulti Township, Paschim Bardhaman District, West Bengal, India",86.99,23.68,India,5169
"Lecce, Puglia, Italia",18.1667,40.35,Italy,5170
"Sangre Grande, Trinidad and Tobago",-61.1333,10.5667,Trinidad and Tobago,5171
"North Western Tigray, ትግራይ, ኢትዮጵያ",38.2833,14.1,Ethiopia,5172
"Portage County, Wisconsin, United States",-89.5507,44.5241,United States,5173
"بوجعفر, معتمدية سوسة المدينة, ولاية سوسة, 4001, تونس",10.6333,35.8333,Tunisia,5174
"Saone-et-Loire, Bourgogne-Franche-Comte, France metropolitaine, France",4.4411,46.8014,France,5175
"Bahia de Cadiz, Cadiz, Andalucia, Espana",-6.2975,36.535,Spain,5176
"Departamento de San Miguel, El Salvador",-88.35,13.35,El Salvador,5177
"Steuben County, Indiana, United States",-85.005,41.6433,United States,5178
"Rotorua Lakes District, Bay of Plenty, New Zealand / Aotearoa",176.2514,-38.1378,New Zealand,5179
"남구, 울산, 대한민국",129.3167,35.55,South Korea,5180
"la Marina Alta, Alacant / Alicante, Comunitat Valenciana, Espana",0.0442,38.645,Spain,5181
"Davao de Oro, Davao Region, Philippines",125.9903,7.7053,Philippines,5182
"Harburg, Niedersachsen, Deutschland",9.7167,53.2833,Germany,5183
"Pontianak, Kalimantan Barat, Kalimantan, Indonesia",109.3414,-0.0206,Indonesia,5184
"Cuenca, Castilla-La Mancha, Espana",-2.15,40.0667,Spain,5185
"Kota Malang, Jawa Timur, Jawa, Indonesia",112.62,-7.98,Indonesia,5186
"虻田郡, 後志総合振興局, 北海道, 日本",140.9944,43.1907,Japan,5187
"Belagavi taluku, Belagavi District, Karnataka, India",74.56,15.88,India,5188
"Нікопольський район, Дніпропетровська область, Україна",34.4,47.5667,Ukraine,5189
"McDonough County, Illinois, United States",-90.6807,40.4709,United States,5190
"Richmond County, North Carolina, United States",-79.7608,34.9386,United States,5191
"Ascension Parish, Louisiana, United States",-90.9234,30.2132,United States,5192
"三重県, 日本",136.8333,34.3333,Japan,5193
"Моравички управни округ, Централна Србија, Србија",20.1333,43.8667,Serbia,5194
"Pangasinan, Ilocos Region, Philippines",120.7953,16.0422,Philippines,5195
"Павлодар Қ.Ә., Павлодар облысы, Қазақстан",76.95,52.3,Kazakhstan,5196
"化隆回族自治县, 海东市, 青海省, 中国",102.2476,36.1148,China,5197
"Regiao Geografica Intermediaria de Gurupi, Tocantins, Regiao Norte, Brasil",-47.8828,-12.615,Brazil,5198
"Miraj, Sangli District, Maharashtra, India",74.5667,16.8667,India,5199
"Serang, Banten, Jawa, Indonesia",106.1503,-6.12,Indonesia,5200
"Thanh pho Thai Nguyen, Tinh Thai Nguyen, 20000, Viet Nam",105.85,21.6,Vietnam,5201
"Castillo, Duarte, Republica Dominicana",-70.03,19.22,Dominican Republic,5202
"Daira de Medea, Medea, Algerie ⵍⵣⵣⴰⵢⴻⵔ الجزائر",2.75,36.2675,Algeria,5203
"Tuyen Quang, Tinh Tuyen Quang, Viet Nam",105.2167,21.8167,Vietnam,5204
"Swift Current, Saskatchewan, Canada",-107.7939,50.2881,Canada,5205
Mexico,-107.9167,24.6333,Mexico,5206
"Coshocton County, Ohio, United States",-81.848,40.2618,United States,5207
"Mylliem, East Khasi Hills District, Meghalaya, India",91.8789,25.5744,India,5208
"Sechura, Piura, Peru",-80.8223,-5.5576,Peru,5209
"Yellandu mandal, Bhadradri Kothagudem District, Telangana, 507124, India",80.33,17.6,India,5210
"Partido de Quilmes, Buenos Aires, Argentina",-58.2833,-34.7,Argentina,5211
"邵武市, 南平市, 福建省, 中国",117.4869,27.3417,China,5212
"Cessnock City Council, New South Wales, Australia",151.3555,-32.8342,Australia,5213
"Quang Yen, Tinh Quang Ninh, Viet Nam",106.833,20.917,Vietnam,5214
"Пчињски управни округ, Централна Србија, Србија",22.4728,42.5005,Serbia,5215
"Emden, Niedersachsen, Deutschland",7.2061,53.3669,Germany,5216
"南河内郡, 大阪府, 日本",135.6296,34.4917,Japan,5217
"Adja-Ouere, Plateau, Benin",2.5436,7.1578,Benin,5218
"Richmond Valley Council, New South Wales, Australia",153.05,-28.8667,Australia,5219
"Provincia de Curico, Region del Maule, Chile",-71.2825,-35.1144,Chile,5220
"Kreis Heinsberg, Nordrhein-Westfalen, Deutschland",6.3167,51.0833,Germany,5221
"Kaluahi, Madhubani District, Bihar, 847229, India",86.071,26.4527,India,5222
"Los Llanos, San Pedro de Macoris, Republica Dominicana",-69.5,18.6167,Dominican Republic,5223
"Irapuato, Guanajuato, Mexico",-101.35,20.6667,Mexico,5224
"Marne, Grand Est, France metropolitaine, France",4.0347,49.2628,France,5225
"Fraser Coast Regional, Queensland, Australia",152.7019,-25.5375,Australia,5226
"Laundi Tahsil, Chhatarpur District, Madhya Pradesh, 471515, India",80.0011,25.1396,India,5227
"Partido de Merlo, Buenos Aires, Argentina",-58.7275,-34.6653,Argentina,5228
"Tom Green County, Texas, United States",-100.4504,31.4424,United States,5229
"Hassa, Hatay, Akdeniz Bolgesi, Turkiye",36.5178,36.7994,Turkey,5230
"城关区 ཁྲིན་ཀོན་ཆུས།, 拉萨市 ལྷ་ས་གྲོང་ཁྱེར།, 西藏自治区 བོད་རང་སྐྱོང་ལྗོངས།, 850000, 中国",91.1719,29.6534,China,5231
"Esmeraldas, Ecuador",-79.6528,0.9667,Ecuador,5232
"городской округ Владимир, Владимирская область, Центральный федеральный округ, Россия",40.4058,56.1286,Russia,5233
"الغربية, مصر",31,30.7833,Egypt,5234
"Srednjobosanski kanton / Zupanija Sredisnja Bosna, Federacija Bosne i Hercegovine, Bosna i Hercegovina / Босна и Херцеговина",17.2694,44.3417,Bosnia and Herzegovina,5235
"Unterland, Liechtenstein",9.5481,47.2336,Liechtenstein,5236
"Bauan, Batangas, Calabarzon, 4201, Philippines",121,13.83,Philippines,5237
"Nueva Ecija, Central Luzon, Philippines",120.9489,15.3122,Philippines,5238
"Thanh pho Cao Bang, Tinh Cao Bang, 21110, Viet Nam",106.2583,22.6667,Vietnam,5239
"Jackson County, Alabama, United States",-86.0491,34.6438,United States,5240
"Town of Alice Springs, Northern Territory, Australia",133.8667,-23.7,Australia,5241
"Tayacaja, Huancavelica, 09000, Peru",-74.8667,-12.3989,Peru,5242
"群馬県, 日本",139.0746,36.2587,Japan,5243
"Provincia de Colchagua, Region del Libertador General Bernardo O'Higgins, Chile",-71.3583,-34.6042,Chile,5244
"Batan, Aklan, Western Visayas, 5615, Philippines",122.4981,11.5853,Philippines,5245
"Le Domaine-du-Roy, Saguenay-Lac-Saint-Jean, Quebec, Canada",-72.23,48.52,Canada,5246
"Rybnik, wojewodztwo slaskie, Polska",18.55,50.0833,Poland,5247
"Banjarbaru, Kalimantan Selatan, Kalimantan, Indonesia",114.8333,-3.45,Indonesia,5248
"Departamento Capital, Misiones, Argentina",-55.9,-27.3667,Argentina,5249
"Angostura, Norte, Antioquia, RAP del Agua y la Montana, Colombia",-75.3333,6.8667,Colombia,5250
"La Riviere-du-Nord, Laurentides, Quebec, Canada",-74.08,45.87,Canada,5251
"Sorsogon, Bicol Region, Philippines",123.8344,12.8283,Philippines,5252
"Cajabamba, Cajamarca, Peru",-78.046,-7.6237,Peru,5253
"Saint Peter, Montserrat",-62.2106,16.7928,Montserrat,5254
"Barbosa, Valle de Aburra, Antioquia, RAP del Agua y la Montana, Colombia",-75.333,6.439,Colombia,5255
"Мариинский муниципальный округ, Кемеровская область, Сибирский федеральный округ, Россия",87.7833,56.2,Russia,5256
"Tumkur taluk, Tumakuru District, Karnataka, India",77.1,13.34,India,5257
"Clayton County, Georgia, United States",-84.4103,33.5639,United States,5258
"Daira Souk Ahras, Souk Ahras, 41000, Algerie ⵍⵣⵣⴰⵢⴻⵔ الجزائر",7.9511,36.2864,Algeria,5259
"Karkala taluk, Udupi District, Karnataka, India",75.0113,13.3284,India,5260
"陈仓区, 宝鸡市, 陕西省, 721300, 中国",106.5281,34.4977,China,5261
"Alt Camp, Tarragona, Catalunya, Espana",1.2508,41.2883,Spain,5262
"St. Charles Parish, Louisiana, United States",-90.3523,29.9008,United States,5263
"Hajdu-Bihar varmegye, Eszak-Alfold, Alfold es Eszak, Magyarorszag",21.6392,47.53,Hungary,5264
"Municipio de Tecate, Baja California, Mexico",-116.6267,32.5728,Mexico,5265
"จังหวัดสุรินทร์, ประเทศไทย",103.4932,14.8864,Thailand,5266
"Correze, Nouvelle-Aquitaine, France metropolitaine, France",1.7722,45.2658,France,5267
"石狮市, 泉州市, 福建省, 中国",118.6434,24.7355,China,5268
"Verin, Ourense, Galicia, Espana",-7.4358,41.9408,Spain,5269
"Аршанскі раён, Віцебская вобласць, Беларусь",30.3333,54.4833,Belarus,5270
"Jabalpur Tahsil, Jabalpur District, Madhya Pradesh, India",80.0508,23.096800000000002,India,5271
"Patan Taluka, Patan District, Gujarat, India",72.1167,23.85,India,5272
"el Baix Vinalopo, Alacant / Alicante, Comunitat Valenciana, Espana",-0.6983,38.2669,Spain,5273
"Caraveli, Arequipa, 04560, Peru",-74.25,-15.8519,Peru,5274
"Hatta Tahsil, Damoh District, Madhya Pradesh, 470775, India",79.6012,24.1341,India,5275
"Mountain Province, Cordillera Administrative Region, Philippines",120.9772,17.09,Philippines,5276
"Abrego, Occidente, Norte de Santander, RAP Gran Santander, Colombia",-73.0836,8.0475,Colombia,5277
"ناحية اللاذقية, منطقة اللاذقية, محافظة اللاذقية, سوريا",35.7833,35.5167,Syria,5278
"Santa Ana, Sonora, 84600, Mexico",-111.05,30.45,Mexico,5279
"Manza Ward, Mkinga, Tanga, Northern Zone, Tanzania",39.1,-5.0667,Tanzania,5280
"柴田郡, 宮城県, 日本",140.7224,38.1185,Japan,5281
"Esteli (Municipio), Esteli, 35000, Nicaragua",-86.3547,13.0933,Nicaragua,5282
"Jalor Tehsil, Jalore District, Rajasthan, India",72.6167,25.35,India,5283
"Totoro, Oriente, Cauca, RAP Pacifico, Colombia",-76.4003,2.5117,Colombia,5284
"Turnhout, Antwerpen, Vlaanderen, Belgie / Belgique / Belgien",5.15,51.1667,Belgium,5285
"Yunusemre, Manisa, Ege Bolgesi, Turkiye",27.4222,38.6306,Turkey,5286
"Distrito Las Tablas, Los Santos, Panama",-80.2833,7.7667,Panama,5287
"Мелітопольський район, Запорізька область, Україна",34.9212,47.0189,Ukraine,5288
"Regiao Geografica Intermediaria de Rio Branco, Acre, Regiao Norte, Brasil",-68.7333,-11.0333,Bolivia,5289
"Περιφερειακή Ενότητα Μαγνησίας, Περιφέρεια Θεσσαλίας, Αποκεντρωμένη Διοίκηση Θεσσαλίας - Στερεάς Ελλάδος, Ελλάς",22.9333,39.3667,Greece,5290
"Pesaro e Urbino, Marche, Italia",12.65,43.55,Italy,5291
"Upson County, Georgia, United States",-84.3272,32.8907,United States,5292
"فراه, ولایت فراه, افغانستان",62.1194,32.3436,Afghanistan,5293
"埼玉県, 日本",139.7259,36.0781,Japan,5294
"بخش مرکزی شهرستان بهار, شهرستان بهار, استان همدان, ایران",48.4414,34.9072,Iran,5295
"Tongeren, Limburg, Vlaanderen, Belgie / Belgique / Belgien",5.3078,50.8761,Belgium,5296
"مديرية تريم, محافظة حضرموت, اليمن",49,16.05,Yemen,5297
"Delicias, Chihuahua, Mexico",-105.4717,28.1931,Mexico,5298
"Туринский городской округ, Свердловская область, Уральский федеральный округ, 623910, Россия",63.7,58.0333,Russia,5299
"Meral (Pipra Kalan), Garhwa District, Jharkhand, 822139, India",83.7076,24.1876,India,5300
"Περιφερειακή Ενότητα Αχαΐας, Περιφέρεια Δυτικής Ελλάδας, Αποκεντρωμένη Διοίκηση Πελοποννήσου, Δυτικής Ελλάδας και Ιονίου, Ελλάς",21.7333,38.25,Greece,5301
"پارون ولسوالۍ, نورستان ولایت, افغانستان",70.9169,35.4167,Afghanistan,5302
"Sagara taluk, Shimoga District, Karnataka, India",75.0333,14.1667,India,5303
"Tuxpan, Michoacan, Mexico",-100.4625,19.5661,Mexico,5304
"Municipio de Campeche, Campeche, Mexico",-90.5306,19.85,Mexico,5305
"Kreis Borken, Nordrhein-Westfalen, Deutschland",6.7006,51.8333,Germany,5306
"Landes, Nouvelle-Aquitaine, France metropolitaine, France",-1.4614,43.5406,France,5307
"Graves County, Kentucky, United States",-88.6447,36.7371,United States,5308
"Canton San Jose, Provincia San Jose, Costa Rica",-84.0592,9.9203,Costa Rica,5309
"Vellore, Vellore District, Tamil Nadu, India",79.1325,12.9165,India,5310
"Provincia Obispo Santistevan, Santa Cruz, Bolivia",-63.2558,-17.3422,Bolivia,5311
"Huaura, Lima, Peru",-77.6,-11.1,Peru,5312
"قضاء صيدا, محافظة الجنوب, 1600, لبنان",35.3758,33.5606,Lebanon,5313
"Canton Heredia, Provincia Heredia, Costa Rica",-84.1169,9.9985,Costa Rica,5314
"Троицкий городской округ, Челябинская область, Уральский федеральный округ, 457100, Россия",61.5667,54.0833,Russia,5315
"田川郡, 福岡県, 日本",130.8473,33.668,Japan,5316
"Reykjavikurborg, Hofudborgarsvaedid, Island",-21.94,64.1467,Iceland,5317
"Daira Chlef, Chlef, Algerie ⵍⵣⵣⴰⵢⴻⵔ الجزائر",1.3317,36.1647,Algeria,5318
"Pueblo Nuevo, Durango, 34950, Mexico",-105.3585,23.7823,Mexico,5319
"Mutshatsha, Lualaba, Republique democratique du Congo",25.4667,-10.7167,Congo,5320
"Municipio de Metapan, Departamento de Santa Ana, El Salvador",-89.4428,14.3314,El Salvador,5321
"Departamento de Chalatenango, El Salvador",-88.9333,14.0333,El Salvador,5322
"Margarita, Depresion Momposina, Bolivar, RAP Caribe, Colombia",-74.2,9.0833,Colombia,5323
"Distrito Quebracho, Departamento Parana, Entre Rios, Argentina",-60.0167,-31.8667,Argentina,5324
"Maxixe, Inhambane, Mocambique",35.35,-23.8667,Mozambique,5325
"Vigan, Ilocos Sur, Ilocos Region, 2700, Philippines",120.3869,17.5747,Philippines,5326
"Durazno, Uruguay",-56.5167,-33.3667,Uruguay,5327
"Gigante, Centro, Huila, RAP (Especial) Central, Colombia",-75.5461,2.3867,Colombia,5328
"Osmangazi, Bursa, Marmara Bolgesi, Turkiye",29.05,40.1833,Turkey,5329
"Kreis Warendorf, Nordrhein-Westfalen, Deutschland",7.8911,51.7633,Germany,5330
"Badajoz, Extremadura, Espana",-5.8617,38.9545,Spain,5331
"Regiao Geografica Intermediaria de Volta Redonda-Barra Mansa, Rio de Janeiro, Regiao Sudeste, Brasil",-43.7328,-22.5269,Brazil,5332
"Antalya, Akdeniz Bolgesi, Turkiye",31.05,36.85,Turkey,5333
"Kishanpur, Supaul District, Bihar, 847452, India",86.6909,26.2237,India,5334
"Canton Goicoechea, Provincia San Jose, Costa Rica",-84.0165,9.9594,Costa Rica,5335
"Tielt, West-Vlaanderen, Vlaanderen, Belgie / Belgique / Belgien",3.3258,50.9989,Belgium,5336
"Плевен, България",24.6203,43.4078,Bulgaria,5337
"Lahat, Sumatera Selatan, Sumatera, Indonesia",103.522,-3.797,Indonesia,5338
"Jarabacoa, La Vega, 41200, Republica Dominicana",-70.6333,19.1167,Dominican Republic,5339
Mocambique,40.55,-12.9667,Mozambique,5340
"Imbert, Puerto Plata, Republica Dominicana",-70.83,19.75,Dominican Republic,5341
"ខេត្តតាកែវ, ព្រះរាជាណាចក្រ​កម្ពុជា",104.7833,10.9833,Cambodia,5342
"Sehore Nagar Tahsil, Sehore District, Madhya Pradesh, 466002, India",77.08,23.2,India,5343
"Bergantinos, A Coruna, Galicia, Espana",-8.6833,43.2167,Spain,5344
"Latina, Lazio, Italia",13.5667,41.2167,Italy,5345
"Staunton, Virginia, 24401, United States",-79.0611,38.1593,United States,5346
"Carmen, Campeche, Mexico",-91.6333,18.4167,Mexico,5347
"Pedania Espinillos, Departamento Marcos Juarez, Cordoba, X2580, Argentina",-62.2967,-32.6617,Argentina,5348
"Guasave, Sinaloa, Mexico",-108.4706,25.5744,Mexico,5349
"Luweero, Central Region, Uganda",32.545,0.5778,Uganda,5350
"Paracale, Camarines Norte, Bicol Region, 4605, Philippines",122.7869,14.2797,Philippines,5351
"Tchaourou, Borgou, Benin",2.4333,9.2833,Benin,5352
"Benito Juarez, Quintana Roo, Mexico",-86.8475,21.1606,Mexico,5353
"Overberg District Municipality, Western Cape, South Africa",19.4283,-34.23,South Africa,5354
"Chota, Cajamarca, Peru",-78.6486,-6.5614,Peru,5355
"Arrondissement Plaisance, Departement du Nord, Ayiti",-72.4667,19.6,Haiti,5356
"Andhratharhi, Madhubani District, Bihar, 847235, India",86.2975,26.3238,India,5357
"古城区, 丽江市, 云南省, 674100, 中国",100.2208,26.8808,China,5358
"Pachalik de Tetouan باشوية تطوان, Province de Tetouan إقليم تطوان, Tanger-Tetouan-Al Hoceima ⵟⴰⵏⵊ-ⵟⵉⵜⴰⵡⵉⵏ-ⵍⵃⵓⵙⵉⵎⴰ طنجة تطوان الحسيمة, Maroc ⵍⵎⵖⵔⵉⴱ المغرب",-5.3667,35.5667,Morocco,5359
"Regiao Metropolitana de Esperanca, Regiao Geografica Intermediaria de Campina Grande, Paraiba, Regiao Nordeste, Brasil",-35.85,-7.0333,Brazil,5360
"Zapotiltic, Jalisco, Mexico",-103.417,19.627,Mexico,5361
"Ventanas, Los Rios, Ecuador",-79.47,-1.45,Ecuador,5362
"Regiao Geografica Intermediaria de Cachoeiro de Itapemirim, Espirito Santo, Regiao Sudeste, Brasil",-41.5328,-20.7639,Brazil,5363
"Partido de Escobar, Buenos Aires, Argentina",-58.75,-34.4167,Argentina,5364
"Zacualpan, Mexico",-99.78,18.7197,Mexico,5365
"محافظة ظفار, عمان",54.0897,17.0197,Oman,5366
"Raipur Tahsil, Raipur District, Chhattisgarh, India",81.63,21.25,India,5367
"Bamako, Mali",-7.9922,12.6458,Mali,5368
"Kortrijk, West-Vlaanderen, Vlaanderen, Belgie / Belgique / Belgien",3.1217,50.7956,Belgium,5369
"Tamiahua, Veracruz, Mexico",-97.4462,21.2788,Mexico,5370
"Shire Of Laverton, Western Australia, 6440, Australia",122.403,-28.628,Australia,5371
"Ahumada, Chihuahua, 32800, Mexico",-106.51220000000001,30.6186,Mexico,5372
"Lincoln Parish, Louisiana, United States",-92.6363,32.5328,United States,5373
"Shire of Baw Baw, Victoria, Australia",145.85,-38.1333,Australia,5374
"County Donegal, Ulster, Eire / Ireland",-8.11,54.654,Ireland,5375
"Sarthe, Pays de la Loire, France metropolitaine, France",0.1984,48.0077,France,5376
"Ogooue-Maritime, Gabon",10.0167,-2.725,Gabon,5377
"Arrondissement de Fort-Liberte, Departement du Nord-Est, Ayiti",-71.7833,19.6167,Haiti,5378
"Navotas, Metro Manila, Philippines",120.9417,14.6667,Philippines,5379
"Zapopan, Jalisco, Mexico",-103.4,20.7167,Mexico,5380
"Municipio de Nicolich, Canelones, 14000, Uruguay",-55.9583,-34.7167,Uruguay,5381
"Town of Canmore, Alberta, Canada",-115.359,51.089,Canada,5382
"Xlokk, Malta",14.4947,35.8833,Malta,5383
"Raghurajnagar Tahsil, Satna District, Madhya Pradesh, India",80.8322,24.6005,India,5384
"Hisar, Hisar District, Haryana, India",75.7,29.15,India,5385
"Camana, Arequipa, Peru",-72.7167,-16.6167,Peru,5386
"okres Levice, Nitriansky kraj, Zapadne Slovensko, Slovensko",18.6081,48.2164,Slovakia,5387
"Landkreis Konstanz, Baden-Wurttemberg, Deutschland",8.7714,47.8528,Germany,5388
"Regiao Metropolitana do Vale do Paraiba e Litoral Norte, Regiao Geografica Intermediaria de Sao Jose dos Campos, Sao Paulo, Regiao Sudeste, Brasil",-45.23,-22.8472,Brazil,5389
"Ramos Arizpe, Coahuila, Mexico",-100.9667,25.55,Mexico,5390
"Avila, Castilla y Leon, Espana",-4.6833,40.65,Spain,5391
"Sigma, Capiz, Western Visayas, Philippines",122.6662,11.4214,Philippines,5392
"Oudenaarde, Oost-Vlaanderen, Vlaanderen, Belgie / Belgique / Belgien",3.6,50.75,Belgium,5393
"Arrondissement de l'Arcahaie, Departement de l'Ouest, 6420, Ayiti",-72.3836,18.8014,Haiti,5394
"Provincia Franz Tamayo, La Paz, Bolivia",-68.5039,-14.72,Bolivia,5395
"El Viejo (Municipio), Chinandega, 26200, Nicaragua",-87.1694,12.6631,Nicaragua,5396
"Artemisa, Cuba",-82.7633,22.8136,Cuba,5397
"городской округ Анапа, Краснодарский край, Южный федеральный округ, Россия",37.3667,44.8667,Russia,5398
"Rio San Juan, Maria Trinidad Sanchez, Republica Dominicana",-70.08,19.64,Dominican Republic,5399
"Inkhundla Mbabane, Hhohho, H100, eSwatini",31.1617,-26.3208,Swaziland,5400
"Ullala taluk, Dakshina Kannada District, Karnataka, India",74.85,12.8,India,5401
"Palin, Escuintla, Guatemala",-90.6986,14.4039,Guatemala,5402
"Mandi tehsil, Poonch District, Jammu and Kashmir, 185102, India",74.3312,33.8346,India,5403
"Canton Esparza, Provincia Puntarenas, Costa Rica",-84.6467,9.9959,Costa Rica,5404
"Port Macquarie-Hastings Council, New South Wales, Australia",152.9,-31.4333,Australia,5405
"ǁKaras Region, Namibia",15.1539,-26.6458,Namibia,5406
"창원시, 경상남도, 대한민국",128.55,35.1833,South Korea,5407
"Ocotlan, Jalisco, Mexico",-102.7681,20.3514,Mexico,5408
"Damascus, محافظة دمشق, سوريا",36.2919,33.5131,Syria,5409
"Municipio de Jutiapa, Jutiapa, Guatemala",-89.8958,14.2917,Guatemala,5410
"Somerset County, Maine, United States",-69.6657,44.7554,United States,5411
"Otjozondjupa Region, Namibia",17.3333,-19.65,Namibia,5412
"Hinchinbrook Shire, Queensland, 4850, Australia",146.1572,-18.6508,Australia,5413
"Partido de Campana, Buenos Aires, Argentina",-58.9167,-34.1667,Argentina,5414
"Fermo, Marche, Italia",13.7158,43.1608,Italy,5415
"Como, Lombardia, Italia",9.1333,45.7333,Italy,5416
"بخش مرکزی, شهرستان فومن, استان گیلان, ایران",49.3125,37.2239,Iran,5417
"Monjas, Jalapa, Guatemala",-89.8723,14.501,Guatemala,5418
"Canton Canas, Provincia Guanacaste, Costa Rica",-85.0992,10.4457,Costa Rica,5419
"Maynas, Loreto, Peru",-73.25,-3.75,Peru,5420
"Rivera, Uruguay",-55.5506,-30.9025,Uruguay,5421
"Khetri Tehsil, Jhunjhunu District, Rajasthan, India",75.8,27.98,India,5422
"Tapul, Sulu, Bangsamoro, Philippines",120.9,5.7167,Philippines,5423
"Kwango, Republique democratique du Congo",17.0417,-4.8056,Congo,5424
"จังหวัดชุมพร, ประเทศไทย",99.0667,9.95,Thailand,5425
"Town of Okotoks, Alberta, Canada",-113.975,50.725,Canada,5426
"Almoloya, Hidalgo, Mexico",-98.4,19.7,Mexico,5427
"Iglesia, San Juan, Argentina",-69.1394,-30.2164,Argentina,5428
"九龍城區 Kowloon City District, 九龍 Kowloon, 香港 Hong Kong, 000000, 中国",114.1833,22.3167,Hong Kong,5429
"Contai-I, Purba Medinipur District, West Bengal, India",87.75,21.78,India,5430
"Aguegues, Oueme, Benin",2.5667,6.5167,Benin,5431
"Provincia de Valdivia, Region de Los Rios, Chile",-73.2458,-39.8139,Chile,5432
"Chinde, Zambezia, Mocambique",36.4667,-18.5833,Mozambique,5433
"Departamento Sarmiento, Chubut, Argentina",-69.0833,-45.6,Argentina,5434
"Departamento Ushuaia, Tierra del Fuego, Argentina",-68.3031,-54.8019,Argentina,5435
"Frankenthal (Pfalz), Rheinland-Pfalz, 67227, Deutschland",8.35,49.5333,Germany,5436
"La Ceja, Oriente, Antioquia, RAP del Agua y la Montana, 055010, Colombia",-75.4317,6.0306,Colombia,5437
"Guayama, Puerto Rico, United States",-66.1104,17.9743,Puerto Rico,5438
"Balboa, Sur del Cauca, Cauca, RAP Pacifico, Colombia",-77.2197,2.0436,Colombia,5439
"Regiao Integrada de Desenvolvimento do Distrito Federal e Entorno, Regiao Geografica Intermediaria do Distrito Federal, Distrito Federal, Regiao Centro-Oeste, Brasil",-47.6139,-16.7689,Brazil,5440
"안산시, 경기도, 대한민국",126.8333,37.3167,South Korea,5441
"広島県, 日本",132.4519,34.3914,Japan,5442
"山口県, 日本",131.4667,34.1833,Japan,5443
"La Concordia, Santo Domingo de los Tsachilas, Ecuador",-79.3958,-0.0067,Ecuador,5444
"Departamento San Jeronimo, Santa Fe, Argentina",-61.2167,-32.0333,Argentina,5445
"Toowoomba Regional, Queensland, Australia",151.95,-27.5667,Australia,5446
"Guagua, Pampanga, Central Luzon, 2003, Philippines",120.6333,14.9667,Philippines,5447
"District de l'Ouest lausannois, Vaud, Schweiz/Suisse/Svizzera/Svizra",6.6,46.5333,Switzerland,5448
"Provincia de Itenez, Beni, Bolivia",-63.6958,-13.6556,Bolivia,5449
"Vinales, Pinar del Rio, Cuba",-83.7158,22.6153,Cuba,5450
"山形県, 日本",140.276,38.3809,Japan,5451
"比企郡, 埼玉県, 日本",139.3205,36.0565,Japan,5452
"Areraj, East Champaran District, Bihar, 845411, India",84.566,26.5396,India,5453
"Ambah Tahsil, Morena District, Madhya Pradesh, 476111, India",78.1887,26.6786,India,5454
"Bezirk Schwaz, Tirol, Osterreich",11.7,47.35,Austria,5455
"Siirt Merkez, Siirt, Guneydogu Anadolu Bolgesi, 56100, Turkiye",41.9458,37.925,Turkey,5456
"Municipio Marino, Nueva Esparta, 6301, Venezuela",-63.8478,10.9556,Venezuela,5457
"Akdeniz, Mersin, Akdeniz Bolgesi, Turkiye",34.6333,36.8,Turkey,5458
"Landkreis Straubing-Bogen, Bayern, Deutschland",12.6833,48.9167,Germany,5459
"городской округ Ирбит, Свердловская область, Уральский федеральный округ, Россия",63.0667,57.6667,Russia,5460
"Мінск, Беларусь",27.5667,53.9,Belarus,5461
"Ospina, La Sabana, Narino, RAP Pacifico, Colombia",-77.5664,1.0581,Colombia,5462
"Habra - II, North 24 Parganas District, West Bengal, India",88.63,22.83,India,5463
"Terrebonne Parish, Louisiana, United States",-90.7059,29.58,United States,5464
"Mamou, Guinee",-12.0833,10.3833,Guinea,5465
"Chapra, Saran District, Bihar, India",84.7179,25.832,India,5466
"赫山区, 益阳市, 湖南省, 中国",112.3333,28.5833,China,5467
"Plock, wojewodztwo mazowieckie, Polska",19.7,52.55,Poland,5468
"Regiao Geografica Intermediaria de Blumenau, Santa Catarina, Regiao Sul, Brasil",-49.05,-26.9333,Brazil,5469
"Шилкинский район, Забайкальский край, Дальневосточный федеральный округ, Россия",116.0333,51.85,Russia,5470
"Maski taluku, Raichur District, Karnataka, India",76.6569,15.9581,India,5471
"powiat turecki, wojewodztwo wielkopolskie, Polska",18.5,52.0167,Poland,5472
"Tirumakudalu Narasipura taluk, Mysuru District, Karnataka, India",76.917,12.233,India,5473
"Lorica, Bajo Sinu, Cordoba, RAP Caribe, 231020, Colombia",-75.816,9.2419,Colombia,5474
"Regiao Geografica Intermediaria de Presidente Dutra, Maranhao, Regiao Nordeste, Brasil",-44.2489,-6.0258,Brazil,5475
"Condoto, San Juan, Choco, RAP Pacifico, Colombia",-76.65,5.1,Colombia,5476
"Guines, Mayabeque, 33900, Cuba",-82.0236,22.8475,Cuba,5477
"Arcot, Ranipet District, Tamil Nadu, India",79.3333,12.9,India,5478
"Manzanillo, Colima, Mexico",-104.3158,19.0522,Mexico,5479
"Empalme, Sonora, Mexico",-110.8125,27.9617,Mexico,5480
"Banda Tahsil, Sagar District, Madhya Pradesh, 470335, India",78.9609,24.0449,India,5481
"Gogaon Tahsil, Khargone District, Madhya Pradesh, 451335, India",75.6657,21.6979,India,5482
"Caserta, Campania, Italia",14.2139,41.1056,Italy,5483
"Amoron'i Mania, Province de Fianarantsoa, Madagasikara / Madagascar",47.25,-20.5167,Madagascar,5484
"Islay, Arequipa, 04416, Peru",-72.0147,-17.0231,Peru,5485
"Purna, Parbhani District, Maharashtra, 431511, India",77.05,19.18,India,5486
"Brantford, Ontario, Canada",-80.25,43.1667,Canada,5487
"普宁市, 揭阳市, 广东省, 中国",116.1586,23.2993,China,5488
"البراكنة, موريتانيا",-14.27,16.5904,Mauritania,5489
"Selim, Kars, Dogu Anadolu Bolgesi, Turkiye",42.7858,40.4633,Turkey,5490
"Madhwapur, Madhubani District, Bihar, India",85.859,26.5408,India,5491
"Landkreis Vechta, Niedersachsen, Deutschland",8.2167,52.6,Germany,5492
"Полошки СР, Северна Македонија",21.0519,42.0775,Macedonia,5493
"Partido de San Miguel, Buenos Aires, Argentina",-58.7,-34.5333,Argentina,5494
"Lupon, Davao Oriental, Davao Region, 8207, Philippines",126.0117,6.8969,Philippines,5495
"Marka, Shabeellaha Hoose شبيلي السفلى, Koonfur Galbeed جنوب غرب, Soomaaliya الصومال",44.75,1.6833,Somalia,5496
"Supaul, Supaul District, Bihar, India",86.6809,26.0785,India,5497
"Gander, Newfoundland, Newfoundland and Labrador, Canada",-54.6089,48.9569,Canada,5498
"ښرنه ولسوالۍ, پکتيکا ولايت, 2401, افغانستان",68.7304,33.1757,Afghanistan,5499
"городской округ Анадырь, Чукотский автономный округ, Дальневосточный федеральный округ, 689000, Россия",177.5167,64.7333,Russia,5500
"Јужнобачки управни округ, Војводина, Србија",20.3,45.2047,Serbia,5501
"Rupnagar Tahsil, Rupnagar District, Punjab, India",76.5331,30.9664,India,5502
"Слонімскі раён, Гродзенская вобласць, Беларусь",25.3167,53.0833,Belarus,5503
"Samarinda, Kalimantan Timur, Kalimantan, Indonesia",117.1378,-0.5,Indonesia,5504
"Qarku i Korces, Shqiperia Jugore, Shqiperia",20.7667,40.6167,Albania,5505
"Florencio Villarreal, Guerrero, Mexico",-99.1333,16.7333,Mexico,5506
"Bezirk Olten, Amtei Olten-Gosgen, Solothurn, Schweiz/Suisse/Svizzera/Svizra",7.9,47.35,Switzerland,5507
"Sedam taluku, Kalaburagi District, Karnataka, India",77.283,17.183,India,5508
"Λάρνακα, Κύπρος, Κύπρος - Kibris",33.6333,34.9167,Cyprus,5509
"Butuan, Caraga, 8600, Philippines",125.5288,8.9534,Philippines,5510
NA,0,0,NA,5511
